999
LibreDWG 0.13.3
  0
SECTION
  2
HEADER
  9
$ACADVER
  1
AC1021
  9
$HANDSEED
  5
B59
  0
ENDSEC
  0
SECTION
  2
ENTITIES
  0
POLYLINE
  5
F123
330
2
100
AcDbEntity
  8
0-CAD-polyline
 62
     5
100
AcDb2dPolyline
 66
     1
 10
0
 20
0
 30
0
 40
0
 41
0
  0
VERTEX
  5
F124
330
F123
100
AcDbEntity
  8
0-CAD-polyline
 62
     5
100
AcDbVertex
100
AcDb2dVertex
 10
506.6865613678033
 20
-83.33579268966338
 30
0
  0
VERTEX
  5
F125
330
F123
100
AcDbEntity
  8
0-CAD-polyline
 62
     5
100
AcDbVertex
100
AcDb2dVertex
 10
506.6865613678033
 20
-84.33579268966338
 30
0
  0
VERTEX
  5
F126
330
F123
100
AcDbEntity
  8
0-CAD-polyline
 62
     5
100
AcDbVertex
100
AcDb2dVertex
 10
533.6865613678033
 20
-84.33579268966338
 30
0
  0
VERTEX
  5
F127
330
F123
100
AcDbEntity
  8
0-CAD-polyline
 62
     5
100
AcDbVertex
100
AcDb2dVertex
 10
535.8118484237725
 20
-84.33579268966338
 30
0
  0
VERTEX
  5
F128
330
F123
100
AcDbEntity
  8
0-CAD-polyline
 62
     5
100
AcDbVertex
100
AcDb2dVertex
 10
542.061856053167
 20
-84.33579268966338
 30
0
  0
VERTEX
  5
F129
330
F123
100
AcDbEntity
  8
0-CAD-polyline
 62
     5
100
AcDbVertex
100
AcDb2dVertex
 10
548.3118484237725
 20
-84.33579268966338
 30
0
  0
VERTEX
  5
F12A
330
F123
100
AcDbEntity
  8
0-CAD-polyline
 62
     5
100
AcDbVertex
100
AcDb2dVertex
 10
550.4371357479627
 20
-84.33579268966338
 30
0
  0
VERTEX
  5
F12B
330
F123
100
AcDbEntity
  8
0-CAD-polyline
 62
     5
100
AcDbVertex
100
AcDb2dVertex
 10
562.4371354797418
 20
-84.33579268966338
 30
0
  0
VERTEX
  5
F12C
330
F123
100
AcDbEntity
  8
0-CAD-polyline
 62
     5
100
AcDbVertex
100
AcDb2dVertex
 10
564.562422535711
 20
-84.33579268966338
 30
0
  0
VERTEX
  5
F12D
330
F123
100
AcDbEntity
  8
0-CAD-polyline
 62
     5
100
AcDbVertex
100
AcDb2dVertex
 10
586.5624234893853
 20
-84.33579268966338
 30
0
  0
VERTEX
  5
F12E
330
F123
100
AcDbEntity
  8
0-CAD-polyline
 62
     5
100
AcDbVertex
100
AcDb2dVertex
 10
588.6877095916802
 20
-84.33579268966338
 30
0
  0
VERTEX
  5
F12F
330
F123
100
AcDbEntity
  8
0-CAD-polyline
 62
     5
100
AcDbVertex
100
AcDb2dVertex
 10
600.6877095916802
 20
-84.33579268966338
 30
0
  0
VERTEX
  5
F130
330
F123
100
AcDbEntity
  8
0-CAD-polyline
 62
     5
100
AcDbVertex
100
AcDb2dVertex
 10
600.6877095916802
 20
-83.33579268966338
 30
0
  0
VERTEX
  5
F131
330
F123
100
AcDbEntity
  8
0-CAD-polyline
 62
     5
100
AcDbVertex
100
AcDb2dVertex
 10
588.6877095916802
 20
-83.33579268966338
 30
0
  0
VERTEX
  5
F132
330
F123
100
AcDbEntity
  8
0-CAD-polyline
 62
     5
100
AcDbVertex
100
AcDb2dVertex
 10
586.5624234893853
 20
-83.33579268966338
 30
0
  0
VERTEX
  5
F133
330
F123
100
AcDbEntity
  8
0-CAD-polyline
 62
     5
100
AcDbVertex
100
AcDb2dVertex
 10
564.562422535711
 20
-83.33579268966338
 30
0
  0
VERTEX
  5
F134
330
F123
100
AcDbEntity
  8
0-CAD-polyline
 62
     5
100
AcDbVertex
100
AcDb2dVertex
 10
562.4371354797418
 20
-83.33579268966338
 30
0
  0
VERTEX
  5
F135
330
F123
100
AcDbEntity
  8
0-CAD-polyline
 62
     5
100
AcDbVertex
100
AcDb2dVertex
 10
550.437135688358
 20
-83.33579268966338
 30
0
  0
VERTEX
  5
F136
330
F123
100
AcDbEntity
  8
0-CAD-polyline
 62
     5
100
AcDbVertex
100
AcDb2dVertex
 10
548.3118484237725
 20
-83.33579268966338
 30
0
  0
VERTEX
  5
F137
330
F123
100
AcDbEntity
  8
0-CAD-polyline
 62
     5
100
AcDbVertex
100
AcDb2dVertex
 10
542.061856053167
 20
-83.33579268966338
 30
0
  0
VERTEX
  5
F138
330
F123
100
AcDbEntity
  8
0-CAD-polyline
 62
     5
100
AcDbVertex
100
AcDb2dVertex
 10
535.8118484237725
 20
-83.33579268966338
 30
0
  0
VERTEX
  5
F139
330
F123
100
AcDbEntity
  8
0-CAD-polyline
 62
     5
100
AcDbVertex
100
AcDb2dVertex
 10
533.6865613678033
 20
-83.33579268966338
 30
0
  0
VERTEX
  5
F13A
330
F123
100
AcDbEntity
  8
0-CAD-polyline
 62
     5
100
AcDbVertex
100
AcDb2dVertex
 10
506.6865613678033
 20
-83.33579268966338
 30
0
  0
SEQEND
  5
F13B
330
F123
100
AcDbEntity
  8
0-CAD-polyline
  0
LINE
  5
F13C
330
2
100
AcDbEntity
  8
0-CAD-polyline
 62
     5
100
AcDbLine
 10
533.6865613678033
 20
-84.33579268966338
 30
0
 11
533.6865613678033
 21
-83.33579268966338
 31
0
  0
LINE
  5
F13D
330
2
100
AcDbEntity
  8
0-CAD-polyline
 62
     5
100
AcDbLine
 10
535.8118484237725
 20
-84.33579268966338
 30
0
 11
535.8118484237725
 21
-83.33579268966338
 31
0
  0
LINE
  5
F13E
330
2
100
AcDbEntity
  8
0-CAD-polyline
 62
     5
100
AcDbLine
 10
542.061856053167
 20
-84.33579268966338
 30
0
 11
542.061856053167
 21
-83.33579268966338
 31
0
  0
LINE
  5
F13F
330
2
100
AcDbEntity
  8
0-CAD-polyline
 62
     5
100
AcDbLine
 10
548.3118484237725
 20
-84.33579268966338
 30
0
 11
548.3118484237725
 21
-83.33579268966338
 31
0
  0
LINE
  5
F140
330
2
100
AcDbEntity
  8
0-CAD-polyline
 62
     5
100
AcDbLine
 10
550.4371357479627
 20
-84.33579268966338
 30
0
 11
550.437135688358
 21
-83.33579268966338
 31
0
  0
LINE
  5
F141
330
2
100
AcDbEntity
  8
0-CAD-polyline
 62
     5
100
AcDbLine
 10
562.4371354797418
 20
-84.33579268966338
 30
0
 11
562.4371354797418
 21
-83.33579268966338
 31
0
  0
LINE
  5
F142
330
2
100
AcDbEntity
  8
0-CAD-polyline
 62
     5
100
AcDbLine
 10
564.562422535711
 20
-84.33579268966338
 30
0
 11
564.562422535711
 21
-83.33579268966338
 31
0
  0
LINE
  5
F143
330
2
100
AcDbEntity
  8
0-CAD-polyline
 62
     5
100
AcDbLine
 10
586.5624234893853
 20
-84.33579268966338
 30
0
 11
586.5624234893853
 21
-83.33579268966338
 31
0
  0
LINE
  5
F144
330
2
100
AcDbEntity
  8
0-CAD-polyline
 62
     5
100
AcDbLine
 10
588.6877095916802
 20
-84.33579268966338
 30
0
 11
588.6877095916802
 21
-83.33579268966338
 31
0
  0
LINE
  5
F145
330
2
100
AcDbEntity
  8
0-CAD-polyline
 62
     1
100
AcDbLine
 10
662.0618589133305
 20
-4.335792686577435
 30
0
 11
422.0618589133305
 21
-4.335792686577406
 31
0
1001
COPRA_AXIS
1000
1a916f32-3611-421e-9a61-80a80fd9c3cf
  0
LINE
  5
F146
330
2
100
AcDbEntity
  8
0-CAD-polyline
 62
     1
100
AcDbLine
 10
422.0618589133305
 20
-159.3357926865774
 30
0
 11
662.0618589133305
 21
-159.3357926865774
 31
0
1001
COPRA_AXIS
1000
ca70f276-4669-46f2-95c9-5529d19f4c2f
  0
LINE
  5
F147
330
2
100
AcDbEntity
  8
0-CAD-polyline
 62
     1
100
AcDbLine
 10
506.6865613678033
 20
-83.83579268966338
 30
0
 11
600.6877134063775
 21
-83.83579268966338
 31
0
  0
TEXT
  5
F148
330
2
100
AcDbEntity
  8
0-CAD-polyline
100
AcDbText
 10
486.6865613678033
 20
-82.83579268966338
 30
0
 40
10
  1
 0
  7

 11
0
 21
0
 31
0
100
AcDbText
  0
POLYLINE
  5
F149
330
2
100
AcDbEntity
  8
0-CAD-polyline
 62
     5
100
AcDb2dPolyline
 66
     1
 10
0
 20
0
 30
0
 40
0
 41
0
  0
VERTEX
  5
F14A
330
F149
100
AcDbEntity
  8
0-CAD-polyline
 62
     5
100
AcDbVertex
100
AcDb2dVertex
 10
507.0667455413873
 20
-379.0464555314603
 30
0
  0
VERTEX
  5
F14B
330
F149
100
AcDbEntity
  8
0-CAD-polyline
 62
     5
100
AcDbVertex
100
AcDb2dVertex
 10
506.9137609222466
 20
-380.034675746304
 30
0
  0
VERTEX
  5
F14C
330
F149
100
AcDbEntity
  8
0-CAD-polyline
 62
     5
100
AcDbVertex
100
AcDb2dVertex
 10
533.5959279754693
 20
-384.165290980679
 30
0
  0
VERTEX
  5
F14D
330
F149
100
AcDbEntity
  8
0-CAD-polyline
 62
     5
100
AcDbVertex
100
AcDb2dVertex
 10
535.8118474700982
 20
-384.3357926896634
 30
0
  0
VERTEX
  5
F14E
330
F149
100
AcDbEntity
  8
0-CAD-polyline
 62
     5
100
AcDbVertex
100
AcDb2dVertex
 10
542.0618550994927
 20
-384.3357926896634
 30
0
  0
VERTEX
  5
F14F
330
F149
100
AcDbEntity
  8
0-CAD-polyline
 62
     5
100
AcDbVertex
100
AcDb2dVertex
 10
548.3118474700982
 20
-384.3357926896634
 30
0
  0
VERTEX
  5
F150
330
F149
100
AcDbEntity
  8
0-CAD-polyline
 62
     5
100
AcDbVertex
100
AcDb2dVertex
 10
550.587957552963
 20
-384.0159074357571
 30
0
  0
VERTEX
  5
F151
330
F149
100
AcDbEntity
  8
0-CAD-polyline
 62
     5
100
AcDbVertex
100
AcDb2dVertex
 10
562.1230972030694
 20
-380.708259730679
 30
0
  0
VERTEX
  5
F152
330
F149
100
AcDbEntity
  8
0-CAD-polyline
 62
     5
100
AcDbVertex
100
AcDb2dVertex
 10
564.1395976760919
 20
-380.3526994279446
 30
0
  0
VERTEX
  5
F153
330
F149
100
AcDbEntity
  8
0-CAD-polyline
 62
     5
100
AcDbVertex
100
AcDb2dVertex
 10
586.0860059478814
 20
-378.8180619767728
 30
0
  0
VERTEX
  5
F154
330
F149
100
AcDbEntity
  8
0-CAD-polyline
 62
     5
100
AcDbVertex
100
AcDb2dVertex
 10
588.2061155059869
 20
-378.6698075822415
 30
0
  0
VERTEX
  5
F155
330
F149
100
AcDbEntity
  8
0-CAD-polyline
 62
     5
100
AcDbVertex
100
AcDb2dVertex
 10
600.1768834808404
 20
-377.8327409318509
 30
0
  0
VERTEX
  5
F156
330
F149
100
AcDbEntity
  8
0-CAD-polyline
 62
     5
100
AcDbVertex
100
AcDb2dVertex
 10
600.1071279266412
 20
-376.8351823381009
 30
0
  0
VERTEX
  5
F157
330
F149
100
AcDbEntity
  8
0-CAD-polyline
 62
     5
100
AcDbVertex
100
AcDb2dVertex
 10
588.1363599517877
 20
-377.6722489884915
 30
0
  0
VERTEX
  5
F158
330
F149
100
AcDbEntity
  8
0-CAD-polyline
 62
     5
100
AcDbVertex
100
AcDb2dVertex
 10
586.0162503936822
 20
-377.8205033830228
 30
0
  0
VERTEX
  5
F159
330
F149
100
AcDbEntity
  8
0-CAD-polyline
 62
     5
100
AcDbVertex
100
AcDb2dVertex
 10
564.0698421218926
 20
-379.3551408341946
 30
0
  0
VERTEX
  5
F15A
330
F149
100
AcDbEntity
  8
0-CAD-polyline
 62
     5
100
AcDbVertex
100
AcDb2dVertex
 10
561.8474605300958
 20
-379.7470170548978
 30
0
  0
VERTEX
  5
F15B
330
F149
100
AcDbEntity
  8
0-CAD-polyline
 62
     5
100
AcDbVertex
100
AcDb2dVertex
 10
550.3123201945359
 20
-383.0546647599759
 30
0
  0
VERTEX
  5
F15C
330
F149
100
AcDbEntity
  8
0-CAD-polyline
 62
     5
100
AcDbVertex
100
AcDb2dVertex
 10
548.3118474700982
 20
-383.3357926896634
 30
0
  0
VERTEX
  5
F15D
330
F149
100
AcDbEntity
  8
0-CAD-polyline
 62
     5
100
AcDbVertex
100
AcDb2dVertex
 10
542.0618550994927
 20
-383.3357926896634
 30
0
  0
VERTEX
  5
F15E
330
F149
100
AcDbEntity
  8
0-CAD-polyline
 62
     5
100
AcDbVertex
100
AcDb2dVertex
 10
535.8118474700982
 20
-383.3357926896634
 30
0
  0
VERTEX
  5
F15F
330
F149
100
AcDbEntity
  8
0-CAD-polyline
 62
     5
100
AcDbVertex
100
AcDb2dVertex
 10
533.7489125946099
 20
-383.1770707658353
 30
0
  0
VERTEX
  5
F160
330
F149
100
AcDbEntity
  8
0-CAD-polyline
 62
     5
100
AcDbVertex
100
AcDb2dVertex
 10
507.0667455413873
 20
-379.0464555314603
 30
0
  0
SEQEND
  5
F161
330
F149
100
AcDbEntity
  8
0-CAD-polyline
  0
LINE
  5
F162
330
2
100
AcDbEntity
  8
0-CAD-polyline
 62
     5
100
AcDbLine
 10
533.5959279754693
 20
-384.165290980679
 30
0
 11
533.7489125946099
 21
-383.1770707658353
 31
0
  0
LINE
  5
F163
330
2
100
AcDbEntity
  8
0-CAD-polyline
 62
     5
100
AcDbLine
 10
535.8118474700982
 20
-384.3357926896634
 30
0
 11
535.8118474700982
 21
-383.3357926896634
 31
0
  0
LINE
  5
F164
330
2
100
AcDbEntity
  8
0-CAD-polyline
 62
     5
100
AcDbLine
 10
542.0618550994927
 20
-384.3357926896634
 30
0
 11
542.0618550994927
 21
-383.3357926896634
 31
0
  0
LINE
  5
F165
330
2
100
AcDbEntity
  8
0-CAD-polyline
 62
     5
100
AcDbLine
 10
548.3118474700982
 20
-384.3357926896634
 30
0
 11
548.3118474700982
 21
-383.3357926896634
 31
0
  0
LINE
  5
F166
330
2
100
AcDbEntity
  8
0-CAD-polyline
 62
     5
100
AcDbLine
 10
550.587957552963
 20
-384.0159074357571
 30
0
 11
550.3123201945359
 21
-383.0546647599759
 31
0
  0
LINE
  5
F167
330
2
100
AcDbEntity
  8
0-CAD-polyline
 62
     5
100
AcDbLine
 10
562.1230972030694
 20
-380.708259730679
 30
0
 11
561.8474605300958
 21
-379.7470170548978
 31
0
  0
LINE
  5
F168
330
2
100
AcDbEntity
  8
0-CAD-polyline
 62
     5
100
AcDbLine
 10
564.1395976760919
 20
-380.3526994279446
 30
0
 11
564.0698421218926
 21
-379.3551408341946
 31
0
  0
LINE
  5
F169
330
2
100
AcDbEntity
  8
0-CAD-polyline
 62
     5
100
AcDbLine
 10
586.0860059478814
 20
-378.8180619767728
 30
0
 11
586.0162503936822
 21
-377.8205033830228
 31
0
  0
LINE
  5
F16A
330
2
100
AcDbEntity
  8
0-CAD-polyline
 62
     5
100
AcDbLine
 10
588.2061155059869
 20
-378.6698075822415
 30
0
 11
588.1363599517877
 21
-377.6722489884915
 31
0
  0
LINE
  5
F16B
330
2
100
AcDbEntity
  8
0-CAD-polyline
 62
     1
100
AcDbLine
 10
662.0618589133305
 20
-304.3357774277884
 30
0
 11
422.0618589133305
 21
-304.3357774277883
 31
0
1001
COPRA_AXIS
1000
d34d788e-b4e7-406b-980c-c71f572b885d
  0
LINE
  5
F16C
330
2
100
AcDbEntity
  8
0-CAD-polyline
 62
     1
100
AcDbLine
 10
422.0618589133305
 20
-459.3357774277884
 30
0
 11
662.0618589133305
 21
-459.3357774277884
 31
0
1001
COPRA_AXIS
1000
5a32f463-c2c4-4790-9341-26a9e26a6549
  0
LINE
  5
F16D
330
2
100
AcDbEntity
  8
0-CAD-polyline
 62
     5
100
AcDbLine
 10
491.6757810333306
 20
-329.3357926896634
 30
0
 11
491.6757810333306
 21
-311.3357926896634
 31
0
  0
LINE
  5
F16E
330
2
100
AcDbEntity
  8
0-CAD-polyline
 62
     5
100
AcDbLine
 10
609.6757810333306
 20
-329.3357926896634
 30
0
 11
609.6757810333306
 21
-311.3357926896634
 31
0
  0
LINE
  5
F16F
330
2
100
AcDbEntity
  8
0-CAD-polyline
 62
     5
100
AcDbLine
 10
490.6757810333306
 20
-311.3357926896634
 30
0
 11
610.6757810333306
 21
-311.3357926896634
 31
0
  0
POLYLINE
  5
F170
330
2
100
AcDbEntity
  8
0-CAD-polyline
 62
     5
100
AcDb2dPolyline
 66
     1
 10
0
 20
0
 30
0
 40
0
 41
0
  0
VERTEX
  5
F171
330
F170
100
AcDbEntity
  8
0-CAD-polyline
 62
     5
100
AcDbVertex
100
AcDb2dVertex
 10
490.6757810333306
 20
-330.3357926896634
 30
0
  0
VERTEX
  5
F172
330
F170
100
AcDbEntity
  8
0-CAD-polyline
 62
     5
100
AcDbVertex
100
AcDb2dVertex
 10
491.6757810333306
 20
-329.3357926896634
 30
0
  0
VERTEX
  5
F173
330
F170
100
AcDbEntity
  8
0-CAD-polyline
 62
     5
100
AcDbVertex
100
AcDb2dVertex
 10
609.6757810333306
 20
-329.3357926896634
 30
0
  0
VERTEX
  5
F174
330
F170
100
AcDbEntity
  8
0-CAD-polyline
 62
     5
100
AcDbVertex
100
AcDb2dVertex
 10
610.6757810333306
 20
-330.3357926896634
 30
0
  0
SEQEND
  5
F175
330
F170
100
AcDbEntity
  8
0-CAD-polyline
 62
     5
  0
POLYLINE
  5
F176
330
2
100
AcDbEntity
  8
0-CAD-polyline
 62
     5
100
AcDb2dPolyline
 66
     1
 10
0
 20
0
 30
0
 40
0
 41
0
1001
COPRA
1000
2
1001
CrfRollDraw
1000
f7d125ae-2d13-454d-93a0-c5fe71af5b48
  0
VERTEX
  5
F177
330
F176
100
AcDbEntity
  8
0-CAD-polyline
 62
     5
100
AcDbVertex
100
AcDb2dVertex
 10
490.6757810333306
 20
-304.3357926896634
 30
0
  0
VERTEX
  5
F178
330
F176
100
AcDbEntity
  8
0-CAD-polyline
 62
     5
100
AcDbVertex
100
AcDb2dVertex
 10
490.6757810333306
 20
-375.6587544396634
 30
0
  0
VERTEX
  5
F179
330
F176
100
AcDbEntity
  8
0-CAD-polyline
 62
     5
100
AcDbVertex
100
AcDb2dVertex
 10
492.3612701233305
 20
-377.6338703596634
 30
0
  0
VERTEX
  5
F17A
330
F176
100
AcDbEntity
  8
0-CAD-polyline
 62
     5
100
AcDbVertex
100
AcDb2dVertex
 10
506.7280128533307
 20
-379.9215828496634
 30
0
  0
VERTEX
  5
F17B
330
F176
100
AcDbEntity
  8
0-CAD-polyline
 62
     5
100
AcDbVertex
100
AcDb2dVertex
 10
506.9571096233308
 20
-379.7546684096634
 30
0
  0
VERTEX
  5
F17C
330
F176
100
AcDbEntity
  8
0-CAD-polyline
 62
     5
100
AcDbVertex
100
AcDb2dVertex
 10
507.0847522933304
 20
-378.9301465496634
 30
0
  0
VERTEX
  5
F17D
330
F176
100
AcDbEntity
  8
0-CAD-polyline
 62
     5
100
AcDbVertex
100
AcDb2dVertex
 10
533.6907902833304
 20
-383.1679308896634
 30
0
  0
VERTEX
  5
F17E
330
F176
100
AcDbEntity
  8
0-CAD-polyline
 62
     5
100
AcDbVertex
100
AcDb2dVertex
 10
535.8118527933307
 20
-383.3357932296634
 30
0
  0
VERTEX
  5
F17F
330
F176
100
AcDbEntity
  8
0-CAD-polyline
 62
     5
100
AcDbVertex
100
AcDb2dVertex
 10
548.3118525433306
 20
-383.3357923696634
 30
0
  0
VERTEX
  5
F180
330
F176
100
AcDbEntity
  8
0-CAD-polyline
 62
     5
100
AcDbVertex
100
AcDb2dVertex
 10
550.3123252933306
 20
-383.0546441496634
 30
0
  0
VERTEX
  5
F181
330
F176
100
AcDbEntity
  8
0-CAD-polyline
 62
     5
100
AcDbVertex
100
AcDb2dVertex
 10
562.9380625633307
 20
-379.4342717396634
 30
0
  0
VERTEX
  5
F182
330
F176
100
AcDbEntity
  8
0-CAD-polyline
 62
     5
100
AcDbVertex
100
AcDb2dVertex
 10
600.1071342533305
 20
-376.8351539596634
 30
0
  0
VERTEX
  5
F183
330
F176
100
AcDbEntity
  8
0-CAD-polyline
 62
     5
100
AcDbVertex
100
AcDb2dVertex
 10
600.1741564633307
 20
-377.7935977296634
 30
0
  0
VERTEX
  5
F184
330
F176
100
AcDbEntity
  8
0-CAD-polyline
 62
     5
100
AcDbVertex
100
AcDb2dVertex
 10
600.3862273833306
 20
-377.9792515096634
 30
0
  0
VERTEX
  5
F185
330
F176
100
AcDbEntity
  8
0-CAD-polyline
 62
     5
100
AcDbVertex
100
AcDb2dVertex
 10
608.8013623133306
 20
-377.4498150896634
 30
0
  0
VERTEX
  5
F186
330
F176
100
AcDbEntity
  8
0-CAD-polyline
 62
     5
100
AcDbVertex
100
AcDb2dVertex
 10
610.6757810333306
 20
-375.4537616496634
 30
0
  0
VERTEX
  5
F187
330
F176
100
AcDbEntity
  8
0-CAD-polyline
 62
     5
100
AcDbVertex
100
AcDb2dVertex
 10
610.6757810333306
 20
-304.3357926896634
 30
0
  0
SEQEND
  5
F188
330
F176
100
AcDbEntity
  8
0-CAD-polyline
 62
     5
  0
LINE
  5
F189
330
2
100
AcDbEntity
  8
0-CAD-polyline
 62
     5
100
AcDbLine
 10
490.6757810333306
 20
-334.3357926896634
 30
0
 11
491.6757810333306
 21
-334.3357926896634
 31
0
  0
LINE
  5
F18A
330
2
100
AcDbEntity
  8
0-CAD-polyline
 62
     5
100
AcDbLine
 10
491.6757810333306
 20
-334.3357926896634
 30
0
 11
491.6757810333306
 21
-339.3357926896634
 31
0
  0
LINE
  5
F18B
330
2
100
AcDbEntity
  8
0-CAD-polyline
 62
     5
100
AcDbLine
 10
491.6757810333306
 20
-339.3357926896634
 30
0
 11
490.6757810333306
 21
-339.3357926896634
 31
0
  0
LINE
  5
F18C
330
2
100
AcDbEntity
  8
0-CAD-polyline
 62
     5
100
AcDbLine
 10
490.6757810333306
 20
-330.3357926896634
 30
0
 11
491.6757810333306
 21
-329.3357926896634
 31
0
  0
LINE
  5
F18D
330
2
100
AcDbEntity
  8
0-CAD-polyline
 62
     5
100
AcDbLine
 10
610.6757810333306
 20
-330.3357926896634
 30
0
 11
609.6757810333306
 21
-329.3357926896634
 31
0
  0
LINE
  5
F18E
330
2
100
AcDbEntity
  8
0-CAD-polyline
 62
     5
100
AcDbLine
 10
491.6757810333306
 20
-329.3357926896634
 30
0
 11
609.6757810333306
 21
-329.3357926896634
 31
0
  0
LINE
  5
F18F
330
2
100
AcDbEntity
  8
0-CAD-polyline
 62
     5
100
AcDbLine
 10
491.6757810333306
 20
-329.3357926896634
 30
0
 11
491.6757810333306
 21
-311.3357926896634
 31
0
  0
LINE
  5
F190
330
2
100
AcDbEntity
  8
0-CAD-polyline
 62
     5
100
AcDbLine
 10
609.6757810333306
 20
-329.3357926896634
 30
0
 11
609.6757810333306
 21
-311.3357926896634
 31
0
  0
LINE
  5
F191
330
2
100
AcDbEntity
  8
0-CAD-polyline
 62
     5
100
AcDbLine
 10
490.6757810333306
 20
-311.3357926896634
 30
0
 11
610.6757810333306
 21
-311.3357926896634
 31
0
  0
TEXT
  5
F192
330
2
100
AcDbEntity
  8
0-CAD-polyline
 62
     5
100
AcDbText
 10
545.1646271871767
 20
-301.1050234588942
 30
0
 40
3.5
  1
*1T1
  7

 72
     1
 11
550.6757810333306
 21
-302.5857926896634
 31
0
100
AcDbText
 73
     1
  0
TEXT
  5
F193
330
2
100
AcDbEntity
  8
0-CAD-polyline
 62
     5
100
AcDbText
 10
544.0541849922496
 20
-297.349254078884
 30
0
 40
2.449999958276749
  1
14.94 kg
  7

 72
     1
 11
550.6757810333306
 21
-298.3857925227704
 31
0
100
AcDbText
 73
     1
  0
LINE
  5
F194
330
2
100
AcDbEntity
  8
0-CAD-polyline
 62
     1
100
AcDbLine
 10
491.6757810333306
 20
-434.3357926896634
 30
0
 11
491.6757810333306
 21
-452.3357926896634
 31
0
  0
LINE
  5
F195
330
2
100
AcDbEntity
  8
0-CAD-polyline
 62
     1
100
AcDbLine
 10
609.6757810333306
 20
-434.3357926896634
 30
0
 11
609.6757810333306
 21
-452.3357926896634
 31
0
  0
LINE
  5
F196
330
2
100
AcDbEntity
  8
0-CAD-polyline
 62
     1
100
AcDbLine
 10
490.6757810333306
 20
-452.3357926896634
 30
0
 11
610.6757810333306
 21
-452.3357926896634
 31
0
  0
POLYLINE
  5
F197
330
2
100
AcDbEntity
  8
0-CAD-polyline
 62
     1
100
AcDb2dPolyline
 66
     1
 10
0
 20
0
 30
0
 40
0
 41
0
  0
VERTEX
  5
F198
330
F197
100
AcDbEntity
  8
0-CAD-polyline
 62
     1
100
AcDbVertex
100
AcDb2dVertex
 10
490.6757810333306
 20
-433.3357926896634
 30
0
  0
VERTEX
  5
F199
330
F197
100
AcDbEntity
  8
0-CAD-polyline
 62
     1
100
AcDbVertex
100
AcDb2dVertex
 10
491.6757810333306
 20
-434.3357926896634
 30
0
  0
VERTEX
  5
F19A
330
F197
100
AcDbEntity
  8
0-CAD-polyline
 62
     1
100
AcDbVertex
100
AcDb2dVertex
 10
609.6757810333306
 20
-434.3357926896634
 30
0
  0
VERTEX
  5
F19B
330
F197
100
AcDbEntity
  8
0-CAD-polyline
 62
     1
100
AcDbVertex
100
AcDb2dVertex
 10
610.6757810333306
 20
-433.3357926896634
 30
0
  0
SEQEND
  5
F19C
330
F197
100
AcDbEntity
  8
0-CAD-polyline
 62
     1
  0
POLYLINE
  5
F19D
330
2
100
AcDbEntity
  8
0-CAD-polyline
 62
     1
100
AcDb2dPolyline
 66
     1
 10
0
 20
0
 30
0
 40
0
 41
0
1001
COPRA
1000
3
1001
CrfRollDraw
1000
ce7ebf7e-fa4a-4c88-8660-0ddb83016871
  0
VERTEX
  5
F19E
330
F19D
100
AcDbEntity
  8
0-CAD-polyline
 62
     1
100
AcDbVertex
100
AcDb2dVertex
 10
490.6757810333306
 20
-459.3357926896634
 30
0
  0
VERTEX
  5
F19F
330
F19D
100
AcDbEntity
  8
0-CAD-polyline
 62
     1
100
AcDbVertex
100
AcDb2dVertex
 10
490.6757810333306
 20
-380.3357926896634
 30
0
  0
VERTEX
  5
F1A0
330
F19D
100
AcDbEntity
  8
0-CAD-polyline
 62
     1
100
AcDbVertex
100
AcDb2dVertex
 10
491.6757810333306
 20
-379.3357926896634
 30
0
  0
VERTEX
  5
F1A1
330
F19D
100
AcDbEntity
  8
0-CAD-polyline
 62
     1
100
AcDbVertex
100
AcDb2dVertex
 10
502.0145432233307
 20
-379.3357926896634
 30
0
  0
VERTEX
  5
F1A2
330
F19D
100
AcDbEntity
  8
0-CAD-polyline
 62
     1
100
AcDbVertex
100
AcDb2dVertex
 10
502.8010244333304
 20
-379.3980353796634
 30
0
  0
VERTEX
  5
F1A3
330
F19D
100
AcDbEntity
  8
0-CAD-polyline
 62
     1
100
AcDbVertex
100
AcDb2dVertex
 10
533.8016998233306
 20
-384.3357933796634
 30
0
  0
VERTEX
  5
F1A4
330
F19D
100
AcDbEntity
  8
0-CAD-polyline
 62
     1
100
AcDbVertex
100
AcDb2dVertex
 10
550.3194172933308
 20
-384.3357922496634
 30
0
  0
VERTEX
  5
F1A5
330
F19D
100
AcDbEntity
  8
0-CAD-polyline
 62
     1
100
AcDbVertex
100
AcDb2dVertex
 10
563.1126626933305
 20
-380.4245040796634
 30
0
  0
VERTEX
  5
F1A6
330
F19D
100
AcDbEntity
  8
0-CAD-polyline
 62
     1
100
AcDbVertex
100
AcDb2dVertex
 10
603.9453549733307
 20
-377.8555254396634
 30
0
  0
VERTEX
  5
F1A7
330
F19D
100
AcDbEntity
  8
0-CAD-polyline
 62
     1
100
AcDbVertex
100
AcDb2dVertex
 10
604.5732609933307
 20
-377.8357926696634
 30
0
  0
VERTEX
  5
F1A8
330
F19D
100
AcDbEntity
  8
0-CAD-polyline
 62
     1
100
AcDbVertex
100
AcDb2dVertex
 10
609.6757810333306
 20
-377.8357926696634
 30
0
  0
VERTEX
  5
F1A9
330
F19D
100
AcDbEntity
  8
0-CAD-polyline
 62
     1
100
AcDbVertex
100
AcDb2dVertex
 10
610.6757810333306
 20
-378.8357926696634
 30
0
  0
VERTEX
  5
F1AA
330
F19D
100
AcDbEntity
  8
0-CAD-polyline
 62
     1
100
AcDbVertex
100
AcDb2dVertex
 10
610.6757810333306
 20
-459.3357926896634
 30
0
  0
SEQEND
  5
F1AB
330
F19D
100
AcDbEntity
  8
0-CAD-polyline
 62
     1
  0
LINE
  5
F1AC
330
2
100
AcDbEntity
  8
0-CAD-polyline
 62
     1
100
AcDbLine
 10
490.6757810333306
 20
-424.3357926896634
 30
0
 11
491.6757810333306
 21
-424.3357926896634
 31
0
  0
LINE
  5
F1AD
330
2
100
AcDbEntity
  8
0-CAD-polyline
 62
     1
100
AcDbLine
 10
491.6757810333306
 20
-424.3357926896634
 30
0
 11
491.6757810333306
 21
-414.3357926896634
 31
0
  0
LINE
  5
F1AE
330
2
100
AcDbEntity
  8
0-CAD-polyline
 62
     1
100
AcDbLine
 10
491.6757810333306
 20
-414.3357926896634
 30
0
 11
490.6757810333306
 21
-414.3357926896634
 31
0
  0
LINE
  5
F1AF
330
2
100
AcDbEntity
  8
0-CAD-polyline
 62
     1
100
AcDbLine
 10
490.6757810333306
 20
-433.3357926896634
 30
0
 11
491.6757810333306
 21
-434.3357926896634
 31
0
  0
LINE
  5
F1B0
330
2
100
AcDbEntity
  8
0-CAD-polyline
 62
     1
100
AcDbLine
 10
610.6757810333306
 20
-433.3357926896634
 30
0
 11
609.6757810333306
 21
-434.3357926896634
 31
0
  0
LINE
  5
F1B1
330
2
100
AcDbEntity
  8
0-CAD-polyline
 62
     1
100
AcDbLine
 10
491.6757810333306
 20
-434.3357926896634
 30
0
 11
609.6757810333306
 21
-434.3357926896634
 31
0
  0
LINE
  5
F1B2
330
2
100
AcDbEntity
  8
0-CAD-polyline
 62
     1
100
AcDbLine
 10
491.6757810333306
 20
-434.3357926896634
 30
0
 11
491.6757810333306
 21
-452.3357926896634
 31
0
  0
LINE
  5
F1B3
330
2
100
AcDbEntity
  8
0-CAD-polyline
 62
     1
100
AcDbLine
 10
609.6757810333306
 20
-434.3357926896634
 30
0
 11
609.6757810333306
 21
-452.3357926896634
 31
0
  0
LINE
  5
F1B4
330
2
100
AcDbEntity
  8
0-CAD-polyline
 62
     1
100
AcDbLine
 10
490.6757810333306
 20
-452.3357926896634
 30
0
 11
610.6757810333306
 21
-452.3357926896634
 31
0
  0
TEXT
  5
F1B5
330
2
100
AcDbEntity
  8
0-CAD-polyline
 62
     1
100
AcDbText
 10
545.008473341023
 20
-464.5857926896634
 30
0
 40
3.5
  1
*1B1
  7

 72
     1
 11
550.6757810333306
 21
-461.0857926896634
 31
0
100
AcDbText
 73
     3
  0
TEXT
  5
F1B6
330
2
100
AcDbEntity
  8
0-CAD-polyline
 62
     1
100
AcDbText
 10
544.0541849922496
 20
-467.7357928148331
 30
0
 40
2.449999958276749
  1
16.30 kg
  7

 72
     1
 11
550.6757810333306
 21
-465.2857928565564
 31
0
100
AcDbText
 73
     3
  0
LINE
  5
F1B7
330
2
100
AcDbEntity
  8
0-CAD-polyline
 62
     1
100
AcDbLine
 10
506.6865613678033
 20
-383.8357926896634
 30
0
 11
600.6877134063775
 21
-383.8357926896634
 31
0
  0
TEXT
  5
F1B8
330
2
100
AcDbEntity
  8
0-CAD-polyline
100
AcDbText
 10
486.6865613678033
 20
-382.8357926896634
 30
0
 40
10
  1
 1
  7

 11
0
 21
0
 31
0
100
AcDbText
  0
POLYLINE
  5
F1B9
330
2
100
AcDbEntity
  8
0-CAD-polyline
 62
     5
100
AcDb2dPolyline
 66
     1
 10
0
 20
0
 30
0
 40
0
 41
0
  0
VERTEX
  5
F1BA
330
F1B9
100
AcDbEntity
  8
0-CAD-polyline
 62
     5
100
AcDbVertex
100
AcDb2dVertex
 10
508.0904157379205
 20
-674.8644181779446
 30
0
  0
VERTEX
  5
F1BB
330
F1B9
100
AcDbEntity
  8
0-CAD-polyline
 62
     5
100
AcDbVertex
100
AcDb2dVertex
 10
507.788047573858
 20
-675.8176652482571
 30
0
  0
VERTEX
  5
F1BC
330
F1B9
100
AcDbEntity
  8
0-CAD-polyline
 62
     5
100
AcDbVertex
100
AcDb2dVertex
 10
533.5241983154351
 20
-683.9816667131008
 30
0
  0
VERTEX
  5
F1BD
330
F1B9
100
AcDbEntity
  8
0-CAD-polyline
 62
     5
100
AcDbVertex
100
AcDb2dVertex
 10
535.8118531921441
 20
-684.3357926896633
 30
0
  0
VERTEX
  5
F1BE
330
F1B9
100
AcDbEntity
  8
0-CAD-polyline
 62
     5
100
AcDbVertex
100
AcDb2dVertex
 10
542.0618608215386
 20
-684.3357926896633
 30
0
  0
VERTEX
  5
F1BF
330
F1B9
100
AcDbEntity
  8
0-CAD-polyline
 62
     5
100
AcDbVertex
100
AcDb2dVertex
 10
548.3118534305627
 20
-684.3357926896633
 30
0
  0
VERTEX
  5
F1C0
330
F1B9
100
AcDbEntity
  8
0-CAD-polyline
 62
     5
100
AcDbVertex
100
AcDb2dVertex
 10
550.6845428090105
 20
-683.4722062638821
 30
0
  0
VERTEX
  5
F1C1
330
F1B9
100
AcDbEntity
  8
0-CAD-polyline
 62
     5
100
AcDbVertex
100
AcDb2dVertex
 10
559.8770721176202
 20
-675.7587663224758
 30
0
  0
VERTEX
  5
F1C2
330
F1B9
100
AcDbEntity
  8
0-CAD-polyline
 62
     5
100
AcDbVertex
100
AcDb2dVertex
 10
561.6157062271172
 20
-674.9846574357571
 30
0
  0
VERTEX
  5
F1C3
330
F1B9
100
AcDbEntity
  8
0-CAD-polyline
 62
     5
100
AcDbVertex
100
AcDb2dVertex
 10
583.4016034820611
 20
-671.9228288224758
 30
0
  0
VERTEX
  5
F1C4
330
F1B9
100
AcDbEntity
  8
0-CAD-polyline
 62
     5
100
AcDbVertex
100
AcDb2dVertex
 10
585.5062062957818
 20
-671.6270524552883
 30
0
  0
VERTEX
  5
F1C5
330
F1B9
100
AcDbEntity
  8
0-CAD-polyline
 62
     5
100
AcDbVertex
100
AcDb2dVertex
 10
597.389423153692
 20
-669.9569474748196
 30
0
  0
VERTEX
  5
F1C6
330
F1B9
100
AcDbEntity
  8
0-CAD-polyline
 62
     5
100
AcDbVertex
100
AcDb2dVertex
 10
597.2502477386529
 20
-668.9667130998196
 30
0
  0
VERTEX
  5
F1C7
330
F1B9
100
AcDbEntity
  8
0-CAD-polyline
 62
     5
100
AcDbVertex
100
AcDb2dVertex
 10
585.3670308807427
 20
-670.6368180802883
 30
0
  0
VERTEX
  5
F1C8
330
F1B9
100
AcDbEntity
  8
0-CAD-polyline
 62
     5
100
AcDbVertex
100
AcDb2dVertex
 10
583.262428067022
 20
-670.9325944474758
 30
0
  0
VERTEX
  5
F1C9
330
F1B9
100
AcDbEntity
  8
0-CAD-polyline
 62
     5
100
AcDbVertex
100
AcDb2dVertex
 10
561.4765327194268
 20
-673.9944230607571
 30
0
  0
VERTEX
  5
F1CA
330
F1B9
100
AcDbEntity
  8
0-CAD-polyline
 62
     5
100
AcDbVertex
100
AcDb2dVertex
 10
559.2342841842706
 20
-674.9927751115383
 30
0
  0
VERTEX
  5
F1CB
330
F1B9
100
AcDbEntity
  8
0-CAD-polyline
 62
     5
100
AcDbVertex
100
AcDb2dVertex
 10
550.0417548039491
 20
-682.7062150529446
 30
0
  0
VERTEX
  5
F1CC
330
F1B9
100
AcDbEntity
  8
0-CAD-polyline
 62
     5
100
AcDbVertex
100
AcDb2dVertex
 10
548.3118529537255
 20
-683.3357926896633
 30
0
  0
VERTEX
  5
F1CD
330
F1B9
100
AcDbEntity
  8
0-CAD-polyline
 62
     5
100
AcDbVertex
100
AcDb2dVertex
 10
542.0618608215386
 20
-683.3357926896633
 30
0
  0
VERTEX
  5
F1CE
330
F1B9
100
AcDbEntity
  8
0-CAD-polyline
 62
     5
100
AcDbVertex
100
AcDb2dVertex
 10
535.8118531921441
 20
-683.3357926896633
 30
0
  0
VERTEX
  5
F1CF
330
F1B9
100
AcDbEntity
  8
0-CAD-polyline
 62
     5
100
AcDbVertex
100
AcDb2dVertex
 10
533.8265664794976
 20
-683.0284196427883
 30
0
  0
VERTEX
  5
F1D0
330
F1B9
100
AcDbEntity
  8
0-CAD-polyline
 62
     5
100
AcDbVertex
100
AcDb2dVertex
 10
508.0904157379205
 20
-674.8644181779446
 30
0
  0
SEQEND
  5
F1D1
330
F1B9
100
AcDbEntity
  8
0-CAD-polyline
  0
LINE
  5
F1D2
330
2
100
AcDbEntity
  8
0-CAD-polyline
 62
     5
100
AcDbLine
 10
533.5241983154351
 20
-683.9816667131008
 30
0
 11
533.8265664794976
 21
-683.0284196427883
 31
0
  0
LINE
  5
F1D3
330
2
100
AcDbEntity
  8
0-CAD-polyline
 62
     5
100
AcDbLine
 10
535.8118531921441
 20
-684.3357926896633
 30
0
 11
535.8118531921441
 21
-683.3357926896633
 31
0
  0
LINE
  5
F1D4
330
2
100
AcDbEntity
  8
0-CAD-polyline
 62
     5
100
AcDbLine
 10
542.0618608215386
 20
-684.3357926896633
 30
0
 11
542.0618608215386
 21
-683.3357926896633
 31
0
  0
LINE
  5
F1D5
330
2
100
AcDbEntity
  8
0-CAD-polyline
 62
     5
100
AcDbLine
 10
548.3118534305627
 20
-684.3357926896633
 30
0
 11
548.3118529537255
 21
-683.3357926896633
 31
0
  0
LINE
  5
F1D6
330
2
100
AcDbEntity
  8
0-CAD-polyline
 62
     5
100
AcDbLine
 10
550.6845428090105
 20
-683.4722062638821
 30
0
 11
550.0417548039491
 21
-682.7062150529446
 31
0
  0
LINE
  5
F1D7
330
2
100
AcDbEntity
  8
0-CAD-polyline
 62
     5
100
AcDbLine
 10
559.8770721176202
 20
-675.7587663224758
 30
0
 11
559.2342841842706
 21
-674.9927751115383
 31
0
  0
LINE
  5
F1D8
330
2
100
AcDbEntity
  8
0-CAD-polyline
 62
     5
100
AcDbLine
 10
561.6157062271172
 20
-674.9846574357571
 30
0
 11
561.4765327194268
 21
-673.9944230607571
 31
0
  0
LINE
  5
F1D9
330
2
100
AcDbEntity
  8
0-CAD-polyline
 62
     5
100
AcDbLine
 10
583.4016034820611
 20
-671.9228288224758
 30
0
 11
583.262428067022
 21
-670.9325944474758
 31
0
  0
LINE
  5
F1DA
330
2
100
AcDbEntity
  8
0-CAD-polyline
 62
     5
100
AcDbLine
 10
585.5062062957818
 20
-671.6270524552883
 30
0
 11
585.3670308807427
 21
-670.6368180802883
 31
0
  0
LINE
  5
F1DB
330
2
100
AcDbEntity
  8
0-CAD-polyline
 62
     1
100
AcDbLine
 10
662.0618589133305
 20
-604.4357606477884
 30
0
 11
422.0618589133305
 21
-604.4357606477884
 31
0
1001
COPRA_AXIS
1000
e513b9d2-0b68-4f80-8652-3c260708f4ae
  0
LINE
  5
F1DC
330
2
100
AcDbEntity
  8
0-CAD-polyline
 62
     1
100
AcDbLine
 10
422.0618589133305
 20
-759.4357606477884
 30
0
 11
662.0618589133305
 21
-759.4357606477884
 31
0
1001
COPRA_AXIS
1000
08e2010a-43bf-4b9c-a592-e5078fe0d24c
  0
LINE
  5
F1DD
330
2
100
AcDbEntity
  8
0-CAD-polyline
 62
     5
100
AcDbLine
 10
491.6757810333306
 20
-629.4357682756008
 30
0
 11
491.6757810333306
 21
-611.4357682756008
 31
0
  0
LINE
  5
F1DE
330
2
100
AcDbEntity
  8
0-CAD-polyline
 62
     5
100
AcDbLine
 10
609.6757810333306
 20
-629.4357682756008
 30
0
 11
609.6757810333306
 21
-611.4357682756008
 31
0
  0
LINE
  5
F1DF
330
2
100
AcDbEntity
  8
0-CAD-polyline
 62
     5
100
AcDbLine
 10
490.6757810333306
 20
-611.4357682756008
 30
0
 11
610.6757810333306
 21
-611.4357682756008
 31
0
  0
POLYLINE
  5
F1E0
330
2
100
AcDbEntity
  8
0-CAD-polyline
 62
     5
100
AcDb2dPolyline
 66
     1
 10
0
 20
0
 30
0
 40
0
 41
0
  0
VERTEX
  5
F1E1
330
F1E0
100
AcDbEntity
  8
0-CAD-polyline
 62
     5
100
AcDbVertex
100
AcDb2dVertex
 10
490.6757810333306
 20
-630.4357682756008
 30
0
  0
VERTEX
  5
F1E2
330
F1E0
100
AcDbEntity
  8
0-CAD-polyline
 62
     5
100
AcDbVertex
100
AcDb2dVertex
 10
491.6757810333306
 20
-629.4357682756008
 30
0
  0
VERTEX
  5
F1E3
330
F1E0
100
AcDbEntity
  8
0-CAD-polyline
 62
     5
100
AcDbVertex
100
AcDb2dVertex
 10
609.6757810333306
 20
-629.4357682756008
 30
0
  0
VERTEX
  5
F1E4
330
F1E0
100
AcDbEntity
  8
0-CAD-polyline
 62
     5
100
AcDbVertex
100
AcDb2dVertex
 10
610.6757810333306
 20
-630.4357682756008
 30
0
  0
SEQEND
  5
F1E5
330
F1E0
100
AcDbEntity
  8
0-CAD-polyline
 62
     5
  0
POLYLINE
  5
F1E6
330
2
100
AcDbEntity
  8
0-CAD-polyline
 62
     5
100
AcDb2dPolyline
 66
     1
 10
0
 20
0
 30
0
 40
0
 41
0
1001
COPRA
1000
2
1001
CrfRollDraw
1000
b45baeb4-54bb-4dd1-97bc-b70e2ddd0a0d
  0
VERTEX
  5
F1E7
330
F1E6
100
AcDbEntity
  8
0-CAD-polyline
 62
     5
100
AcDbVertex
100
AcDb2dVertex
 10
490.6757810333306
 20
-604.4357682756008
 30
0
  0
VERTEX
  5
F1E8
330
F1E6
100
AcDbEntity
  8
0-CAD-polyline
 62
     5
100
AcDbVertex
100
AcDb2dVertex
 10
490.6757810333306
 20
-668.8206372856009
 30
0
  0
VERTEX
  5
F1E9
330
F1E6
100
AcDbEntity
  8
0-CAD-polyline
 62
     5
100
AcDbVertex
100
AcDb2dVertex
 10
492.0710416733305
 20
-670.727018755601
 30
0
  0
VERTEX
  5
F1EA
330
F1E6
100
AcDbEntity
  8
0-CAD-polyline
 62
     5
100
AcDbVertex
100
AcDb2dVertex
 10
507.6276447433306
 20
-675.6618601256009
 30
0
  0
VERTEX
  5
F1EB
330
F1E6
100
AcDbEntity
  8
0-CAD-polyline
 62
     5
100
AcDbVertex
100
AcDb2dVertex
 10
507.8787568233306
 20
-675.5316959456009
 30
0
  0
VERTEX
  5
F1EC
330
F1E6
100
AcDbEntity
  8
0-CAD-polyline
 62
     5
100
AcDbVertex
100
AcDb2dVertex
 10
508.0904157433306
 20
-674.8644623156008
 30
0
  0
VERTEX
  5
F1ED
330
F1E6
100
AcDbEntity
  8
0-CAD-polyline
 62
     5
100
AcDbVertex
100
AcDb2dVertex
 10
533.8265643033305
 20
-683.028447335601
 30
0
  0
VERTEX
  5
F1EE
330
F1E6
100
AcDbEntity
  8
0-CAD-polyline
 62
     5
100
AcDbVertex
100
AcDb2dVertex
 10
535.8118495733306
 20
-683.3357855856009
 30
0
  0
VERTEX
  5
F1EF
330
F1E6
100
AcDbEntity
  8
0-CAD-polyline
 62
     5
100
AcDbVertex
100
AcDb2dVertex
 10
548.3118494133305
 20
-683.3357847456009
 30
0
  0
VERTEX
  5
F1F0
330
F1E6
100
AcDbEntity
  8
0-CAD-polyline
 62
     5
100
AcDbVertex
100
AcDb2dVertex
 10
550.0596764833308
 20
-682.6909771956009
 30
0
  0
VERTEX
  5
F1F1
330
F1E6
100
AcDbEntity
  8
0-CAD-polyline
 62
     5
100
AcDbVertex
100
AcDb2dVertex
 10
559.9989327533308
 20
-674.2020497456008
 30
0
  0
VERTEX
  5
F1F2
330
F1E6
100
AcDbEntity
  8
0-CAD-polyline
 62
     5
100
AcDbVertex
100
AcDb2dVertex
 10
597.2502517533308
 20
-668.9667151456008
 30
0
  0
VERTEX
  5
F1F3
330
F1E6
100
AcDbEntity
  8
0-CAD-polyline
 62
     5
100
AcDbVertex
100
AcDb2dVertex
 10
597.3917718933308
 20
-669.9736808956009
 30
0
  0
VERTEX
  5
F1F4
330
F1E6
100
AcDbEntity
  8
0-CAD-polyline
 62
     5
100
AcDbVertex
100
AcDb2dVertex
 10
597.6159307133307
 20
-670.1441351856008
 30
0
  0
VERTEX
  5
F1F5
330
F1E6
100
AcDbEntity
  8
0-CAD-polyline
 62
     5
100
AcDbVertex
100
AcDb2dVertex
 10
608.9368332633308
 20
-668.6537109956009
 30
0
  0
VERTEX
  5
F1F6
330
F1E6
100
AcDbEntity
  8
0-CAD-polyline
 62
     5
100
AcDbVertex
100
AcDb2dVertex
 10
610.6757810333306
 20
-666.6708212556009
 30
0
  0
VERTEX
  5
F1F7
330
F1E6
100
AcDbEntity
  8
0-CAD-polyline
 62
     5
100
AcDbVertex
100
AcDb2dVertex
 10
610.6757810333306
 20
-604.4357682756008
 30
0
  0
SEQEND
  5
F1F8
330
F1E6
100
AcDbEntity
  8
0-CAD-polyline
 62
     5
  0
LINE
  5
F1F9
330
2
100
AcDbEntity
  8
0-CAD-polyline
 62
     5
100
AcDbLine
 10
490.6757810333306
 20
-634.4357682756008
 30
0
 11
491.6757810333306
 21
-634.4357682756008
 31
0
  0
LINE
  5
F1FA
330
2
100
AcDbEntity
  8
0-CAD-polyline
 62
     5
100
AcDbLine
 10
491.6757810333306
 20
-634.4357682756008
 30
0
 11
491.6757810333306
 21
-639.4357682756008
 31
0
  0
LINE
  5
F1FB
330
2
100
AcDbEntity
  8
0-CAD-polyline
 62
     5
100
AcDbLine
 10
491.6757810333306
 20
-639.4357682756008
 30
0
 11
490.6757810333306
 21
-639.4357682756008
 31
0
  0
LINE
  5
F1FC
330
2
100
AcDbEntity
  8
0-CAD-polyline
 62
     5
100
AcDbLine
 10
490.6757810333306
 20
-630.4357682756008
 30
0
 11
491.6757810333306
 21
-629.4357682756008
 31
0
  0
LINE
  5
F1FD
330
2
100
AcDbEntity
  8
0-CAD-polyline
 62
     5
100
AcDbLine
 10
610.6757810333306
 20
-630.4357682756008
 30
0
 11
609.6757810333306
 21
-629.4357682756008
 31
0
  0
LINE
  5
F1FE
330
2
100
AcDbEntity
  8
0-CAD-polyline
 62
     5
100
AcDbLine
 10
491.6757810333306
 20
-629.4357682756008
 30
0
 11
609.6757810333306
 21
-629.4357682756008
 31
0
  0
LINE
  5
F1FF
330
2
100
AcDbEntity
  8
0-CAD-polyline
 62
     5
100
AcDbLine
 10
491.6757810333306
 20
-629.4357682756008
 30
0
 11
491.6757810333306
 21
-611.4357682756008
 31
0
  0
LINE
  5
F200
330
2
100
AcDbEntity
  8
0-CAD-polyline
 62
     5
100
AcDbLine
 10
609.6757810333306
 20
-629.4357682756008
 30
0
 11
609.6757810333306
 21
-611.4357682756008
 31
0
  0
LINE
  5
F201
330
2
100
AcDbEntity
  8
0-CAD-polyline
 62
     5
100
AcDbLine
 10
490.6757810333306
 20
-611.4357682756008
 30
0
 11
610.6757810333306
 21
-611.4357682756008
 31
0
  0
TEXT
  5
F202
330
2
100
AcDbEntity
  8
0-CAD-polyline
 62
     5
100
AcDbText
 10
545.1646271871767
 20
-601.2049990448315
 30
0
 40
3.5
  1
*2T1
  7

 72
     1
 11
550.6757810333306
 21
-602.6857682756008
 31
0
100
AcDbText
 73
     1
  0
TEXT
  5
F203
330
2
100
AcDbEntity
  8
0-CAD-polyline
 62
     5
100
AcDbText
 10
544.0541849922496
 20
-597.4492296648215
 30
0
 40
2.449999958276749
  1
12.98 kg
  7

 72
     1
 11
550.6757810333306
 21
-598.4857681087078
 31
0
100
AcDbText
 73
     1
  0
LINE
  5
F204
330
2
100
AcDbEntity
  8
0-CAD-polyline
 62
     1
100
AcDbLine
 10
491.6757810333306
 20
-734.4357682756008
 30
0
 11
491.6757810333306
 21
-752.4357682756008
 31
0
  0
LINE
  5
F205
330
2
100
AcDbEntity
  8
0-CAD-polyline
 62
     1
100
AcDbLine
 10
609.6757810333306
 20
-734.4357682756008
 30
0
 11
609.6757810333306
 21
-752.4357682756008
 31
0
  0
LINE
  5
F206
330
2
100
AcDbEntity
  8
0-CAD-polyline
 62
     1
100
AcDbLine
 10
490.6757810333306
 20
-752.4357682756008
 30
0
 11
610.6757810333306
 21
-752.4357682756008
 31
0
  0
POLYLINE
  5
F207
330
2
100
AcDbEntity
  8
0-CAD-polyline
 62
     1
100
AcDb2dPolyline
 66
     1
 10
0
 20
0
 30
0
 40
0
 41
0
  0
VERTEX
  5
F208
330
F207
100
AcDbEntity
  8
0-CAD-polyline
 62
     1
100
AcDbVertex
100
AcDb2dVertex
 10
490.6757810333306
 20
-733.4357682756008
 30
0
  0
VERTEX
  5
F209
330
F207
100
AcDbEntity
  8
0-CAD-polyline
 62
     1
100
AcDbVertex
100
AcDb2dVertex
 10
491.6757810333306
 20
-734.4357682756008
 30
0
  0
VERTEX
  5
F20A
330
F207
100
AcDbEntity
  8
0-CAD-polyline
 62
     1
100
AcDbVertex
100
AcDb2dVertex
 10
609.6757810333306
 20
-734.4357682756008
 30
0
  0
VERTEX
  5
F20B
330
F207
100
AcDbEntity
  8
0-CAD-polyline
 62
     1
100
AcDbVertex
100
AcDb2dVertex
 10
610.6757810333306
 20
-733.4357682756008
 30
0
  0
SEQEND
  5
F20C
330
F207
100
AcDbEntity
  8
0-CAD-polyline
 62
     1
  0
POLYLINE
  5
F20D
330
2
100
AcDbEntity
  8
0-CAD-polyline
 62
     1
100
AcDb2dPolyline
 66
     1
 10
0
 20
0
 30
0
 40
0
 41
0
1001
COPRA
1000
3
1001
CrfRollDraw
1000
f4c6bef1-d229-448f-b2fb-3cf08363be43
  0
VERTEX
  5
F20E
330
F20D
100
AcDbEntity
  8
0-CAD-polyline
 62
     1
100
AcDbVertex
100
AcDb2dVertex
 10
490.6757810333306
 20
-759.4357682756008
 30
0
  0
VERTEX
  5
F20F
330
F20D
100
AcDbEntity
  8
0-CAD-polyline
 62
     1
100
AcDbVertex
100
AcDb2dVertex
 10
490.6757810333306
 20
-672.9357682756008
 30
0
  0
VERTEX
  5
F210
330
F20D
100
AcDbEntity
  8
0-CAD-polyline
 62
     1
100
AcDbVertex
100
AcDb2dVertex
 10
491.6757810333306
 20
-671.9357682756008
 30
0
  0
VERTEX
  5
F211
330
F20D
100
AcDbEntity
  8
0-CAD-polyline
 62
     1
100
AcDbVertex
100
AcDb2dVertex
 10
494.7767500833306
 20
-671.9357682756008
 30
0
  0
VERTEX
  5
F212
330
F20D
100
AcDbEntity
  8
0-CAD-polyline
 62
     1
100
AcDbVertex
100
AcDb2dVertex
 10
496.2885990733307
 20
-672.1698148056009
 30
0
  0
VERTEX
  5
F213
330
F20D
100
AcDbEntity
  8
0-CAD-polyline
 62
     1
100
AcDbVertex
100
AcDb2dVertex
 10
534.6406088033305
 20
-684.335785685601
 30
0
  0
VERTEX
  5
F214
330
F20D
100
AcDbEntity
  8
0-CAD-polyline
 62
     1
100
AcDbVertex
100
AcDb2dVertex
 10
550.0095147733305
 20
-684.3357846456008
 30
0
  0
VERTEX
  5
F215
330
F20D
100
AcDbEntity
  8
0-CAD-polyline
 62
     1
100
AcDbVertex
100
AcDb2dVertex
 10
559.8312543033308
 20
-675.7978760656008
 30
0
  0
VERTEX
  5
F216
330
F20D
100
AcDbEntity
  8
0-CAD-polyline
 62
     1
100
AcDbVertex
100
AcDb2dVertex
 10
561.6455578733307
 20
-674.9805917656008
 30
0
  0
VERTEX
  5
F217
330
F20D
100
AcDbEntity
  8
0-CAD-polyline
 62
     1
100
AcDbVertex
100
AcDb2dVertex
 10
603.7626467433306
 20
-669.4357682756008
 30
0
  0
VERTEX
  5
F218
330
F20D
100
AcDbEntity
  8
0-CAD-polyline
 62
     1
100
AcDbVertex
100
AcDb2dVertex
 10
609.6757810333306
 20
-669.4357682756008
 30
0
  0
VERTEX
  5
F219
330
F20D
100
AcDbEntity
  8
0-CAD-polyline
 62
     1
100
AcDbVertex
100
AcDb2dVertex
 10
610.6757810333306
 20
-670.4357682756008
 30
0
  0
VERTEX
  5
F21A
330
F20D
100
AcDbEntity
  8
0-CAD-polyline
 62
     1
100
AcDbVertex
100
AcDb2dVertex
 10
610.6757810333306
 20
-759.4357682756008
 30
0
  0
SEQEND
  5
F21B
330
F20D
100
AcDbEntity
  8
0-CAD-polyline
 62
     1
  0
LINE
  5
F21C
330
2
100
AcDbEntity
  8
0-CAD-polyline
 62
     1
100
AcDbLine
 10
490.6757810333306
 20
-724.4357682756008
 30
0
 11
491.6757810333306
 21
-724.4357682756008
 31
0
  0
LINE
  5
F21D
330
2
100
AcDbEntity
  8
0-CAD-polyline
 62
     1
100
AcDbLine
 10
491.6757810333306
 20
-724.4357682756008
 30
0
 11
491.6757810333306
 21
-714.4357682756008
 31
0
  0
LINE
  5
F21E
330
2
100
AcDbEntity
  8
0-CAD-polyline
 62
     1
100
AcDbLine
 10
491.6757810333306
 20
-714.4357682756008
 30
0
 11
490.6757810333306
 21
-714.4357682756008
 31
0
  0
LINE
  5
F21F
330
2
100
AcDbEntity
  8
0-CAD-polyline
 62
     1
100
AcDbLine
 10
490.6757810333306
 20
-733.4357682756008
 30
0
 11
491.6757810333306
 21
-734.4357682756008
 31
0
  0
LINE
  5
F220
330
2
100
AcDbEntity
  8
0-CAD-polyline
 62
     1
100
AcDbLine
 10
610.6757810333306
 20
-733.4357682756008
 30
0
 11
609.6757810333306
 21
-734.4357682756008
 31
0
  0
LINE
  5
F221
330
2
100
AcDbEntity
  8
0-CAD-polyline
 62
     1
100
AcDbLine
 10
491.6757810333306
 20
-734.4357682756008
 30
0
 11
609.6757810333306
 21
-734.4357682756008
 31
0
  0
LINE
  5
F222
330
2
100
AcDbEntity
  8
0-CAD-polyline
 62
     1
100
AcDbLine
 10
491.6757810333306
 20
-734.4357682756008
 30
0
 11
491.6757810333306
 21
-752.4357682756008
 31
0
  0
LINE
  5
F223
330
2
100
AcDbEntity
  8
0-CAD-polyline
 62
     1
100
AcDbLine
 10
609.6757810333306
 20
-734.4357682756008
 30
0
 11
609.6757810333306
 21
-752.4357682756008
 31
0
  0
LINE
  5
F224
330
2
100
AcDbEntity
  8
0-CAD-polyline
 62
     1
100
AcDbLine
 10
490.6757810333306
 20
-752.4357682756008
 30
0
 11
610.6757810333306
 21
-752.4357682756008
 31
0
  0
TEXT
  5
F225
330
2
100
AcDbEntity
  8
0-CAD-polyline
 62
     1
100
AcDbText
 10
545.008473341023
 20
-764.6857682756008
 30
0
 40
3.5
  1
*2B1
  7

 72
     1
 11
550.6757810333306
 21
-761.1857682756008
 31
0
100
AcDbText
 73
     3
  0
TEXT
  5
F226
330
2
100
AcDbEntity
  8
0-CAD-polyline
 62
     1
100
AcDbText
 10
544.0541849922496
 20
-767.8357684007706
 30
0
 40
2.449999958276749
  1
18.63 kg
  7

 72
     1
 11
550.6757810333306
 21
-765.3857684424938
 31
0
100
AcDbText
 73
     3
  0
LINE
  5
F227
330
2
100
AcDbEntity
  8
0-CAD-polyline
 62
     1
100
AcDbLine
 10
506.6865613678033
 20
-683.8357926896633
 30
0
 11
600.6877134063775
 21
-683.8357926896633
 31
0
  0
TEXT
  5
F228
330
2
100
AcDbEntity
  8
0-CAD-polyline
100
AcDbText
 10
486.6865613678033
 20
-682.8357926896633
 30
0
 40
10
  1
 2
  7

 11
0
 21
0
 31
0
100
AcDbText
  0
POLYLINE
  5
F229
330
2
100
AcDbEntity
  8
0-CAD-polyline
 62
     5
100
AcDb2dPolyline
 66
     1
 10
0
 20
0
 30
0
 40
0
 41
0
  0
VERTEX
  5
F22A
330
F229
100
AcDbEntity
  8
0-CAD-polyline
 62
     5
100
AcDbVertex
100
AcDb2dVertex
 10
509.7337072113091
 20
-970.8864518693508
 30
0
  0
VERTEX
  5
F22B
330
F229
100
AcDbEntity
  8
0-CAD-polyline
 62
     5
100
AcDbVertex
100
AcDb2dVertex
 10
509.2890737274224
 20
-971.7822038224758
 30
0
  0
VERTEX
  5
F22C
330
F229
100
AcDbEntity
  8
0-CAD-polyline
 62
     5
100
AcDbVertex
100
AcDb2dVertex
 10
533.4732988098199
 20
-983.7873307756008
 30
0
  0
VERTEX
  5
F22D
330
F229
100
AcDbEntity
  8
0-CAD-polyline
 62
     5
100
AcDbVertex
100
AcDb2dVertex
 10
535.811856053167
 20
-984.3357926896633
 30
0
  0
VERTEX
  5
F22E
330
F229
100
AcDbEntity
  8
0-CAD-polyline
 62
     5
100
AcDbVertex
100
AcDb2dVertex
 10
542.0618636825616
 20
-984.3357926896633
 30
0
  0
VERTEX
  5
F22F
330
F229
100
AcDbEntity
  8
0-CAD-polyline
 62
     5
100
AcDbVertex
100
AcDb2dVertex
 10
548.3118562915856
 20
-984.3357926896633
 30
0
  0
VERTEX
  5
F230
330
F229
100
AcDbEntity
  8
0-CAD-polyline
 62
     5
100
AcDbVertex
100
AcDb2dVertex
 10
550.6297726774151
 20
-982.9975358537258
 30
0
  0
VERTEX
  5
F231
330
F229
100
AcDbEntity
  8
0-CAD-polyline
 62
     5
100
AcDbVertex
100
AcDb2dVertex
 10
556.6297672012383
 20
-972.6052018693508
 30
0
  0
VERTEX
  5
F232
330
F229
100
AcDbEntity
  8
0-CAD-polyline
 62
     5
100
AcDbVertex
100
AcDb2dVertex
 10
558.0752799728448
 20
-971.6302262834133
 30
0
  0
VERTEX
  5
F233
330
F229
100
AcDbEntity
  8
0-CAD-polyline
 62
     5
100
AcDbVertex
100
AcDb2dVertex
 10
579.8611772277886
 20
-968.5684587052883
 30
0
  0
VERTEX
  5
F234
330
F229
100
AcDbEntity
  8
0-CAD-polyline
 62
     5
100
AcDbVertex
100
AcDb2dVertex
 10
581.965781948858
 20
-968.2726823381008
 30
0
  0
VERTEX
  5
F235
330
F229
100
AcDbEntity
  8
0-CAD-polyline
 62
     5
100
AcDbVertex
100
AcDb2dVertex
 10
593.8489988067681
 20
-966.6026383927883
 30
0
  0
VERTEX
  5
F236
330
F229
100
AcDbEntity
  8
0-CAD-polyline
 62
     5
100
AcDbVertex
100
AcDb2dVertex
 10
593.7098233917291
 20
-965.6124040177883
 30
0
  0
VERTEX
  5
F237
330
F229
100
AcDbEntity
  8
0-CAD-polyline
 62
     5
100
AcDbVertex
100
AcDb2dVertex
 10
581.8266065338189
 20
-967.2824479631008
 30
0
  0
VERTEX
  5
F238
330
F229
100
AcDbEntity
  8
0-CAD-polyline
 62
     5
100
AcDbVertex
100
AcDb2dVertex
 10
579.7220018127496
 20
-967.5782243302883
 30
0
  0
VERTEX
  5
F239
330
F229
100
AcDbEntity
  8
0-CAD-polyline
 62
     5
100
AcDbVertex
100
AcDb2dVertex
 10
557.9361064651544
 20
-970.6399919084133
 30
0
  0
VERTEX
  5
F23A
330
F229
100
AcDbEntity
  8
0-CAD-polyline
 62
     5
100
AcDbVertex
100
AcDb2dVertex
 10
555.7637412765557
 20
-972.1052018693508
 30
0
  0
VERTEX
  5
F23B
330
F229
100
AcDbEntity
  8
0-CAD-polyline
 62
     5
100
AcDbVertex
100
AcDb2dVertex
 10
549.7637469986016
 20
-982.4975358537258
 30
0
  0
VERTEX
  5
F23C
330
F229
100
AcDbEntity
  8
0-CAD-polyline
 62
     5
100
AcDbVertex
100
AcDb2dVertex
 10
548.3118558147485
 20
-983.3357926896633
 30
0
  0
VERTEX
  5
F23D
330
F229
100
AcDbEntity
  8
0-CAD-polyline
 62
     5
100
AcDbVertex
100
AcDb2dVertex
 10
542.0618636825616
 20
-983.3357926896633
 30
0
  0
VERTEX
  5
F23E
330
F229
100
AcDbEntity
  8
0-CAD-polyline
 62
     5
100
AcDbVertex
100
AcDb2dVertex
 10
535.811856053167
 20
-983.3357926896633
 30
0
  0
VERTEX
  5
F23F
330
F229
100
AcDbEntity
  8
0-CAD-polyline
 62
     5
100
AcDbVertex
100
AcDb2dVertex
 10
533.9179322937066
 20
-982.8915788224758
 30
0
  0
VERTEX
  5
F240
330
F229
100
AcDbEntity
  8
0-CAD-polyline
 62
     5
100
AcDbVertex
100
AcDb2dVertex
 10
509.7337072113091
 20
-970.8864518693508
 30
0
  0
SEQEND
  5
F241
330
F229
100
AcDbEntity
  8
0-CAD-polyline
  0
LINE
  5
F242
330
2
100
AcDbEntity
  8
0-CAD-polyline
 62
     5
100
AcDbLine
 10
533.4732988098199
 20
-983.7873307756008
 30
0
 11
533.9179322937066
 21
-982.8915788224758
 31
0
  0
LINE
  5
F243
330
2
100
AcDbEntity
  8
0-CAD-polyline
 62
     5
100
AcDbLine
 10
535.811856053167
 20
-984.3357926896633
 30
0
 11
535.811856053167
 21
-983.3357926896633
 31
0
  0
LINE
  5
F244
330
2
100
AcDbEntity
  8
0-CAD-polyline
 62
     5
100
AcDbLine
 10
542.0618636825616
 20
-984.3357926896633
 30
0
 11
542.0618636825616
 21
-983.3357926896633
 31
0
  0
LINE
  5
F245
330
2
100
AcDbEntity
  8
0-CAD-polyline
 62
     5
100
AcDbLine
 10
548.3118562915856
 20
-984.3357926896633
 30
0
 11
548.3118558147485
 21
-983.3357926896633
 31
0
  0
LINE
  5
F246
330
2
100
AcDbEntity
  8
0-CAD-polyline
 62
     5
100
AcDbLine
 10
550.6297726774151
 20
-982.9975358537258
 30
0
 11
549.7637469986016
 21
-982.4975358537258
 31
0
  0
LINE
  5
F247
330
2
100
AcDbEntity
  8
0-CAD-polyline
 62
     5
100
AcDbLine
 10
556.6297672012383
 20
-972.6052018693508
 30
0
 11
555.7637412765557
 21
-972.1052018693508
 31
0
  0
LINE
  5
F248
330
2
100
AcDbEntity
  8
0-CAD-polyline
 62
     5
100
AcDbLine
 10
558.0752799728448
 20
-971.6302262834133
 30
0
 11
557.9361064651544
 21
-970.6399919084133
 31
0
  0
LINE
  5
F249
330
2
100
AcDbEntity
  8
0-CAD-polyline
 62
     5
100
AcDbLine
 10
579.8611772277886
 20
-968.5684587052883
 30
0
 11
579.7220018127496
 21
-967.5782243302883
 31
0
  0
LINE
  5
F24A
330
2
100
AcDbEntity
  8
0-CAD-polyline
 62
     5
100
AcDbLine
 10
581.965781948858
 20
-968.2726823381008
 30
0
 11
581.8266065338189
 21
-967.2824479631008
 31
0
  0
LINE
  5
F24B
330
2
100
AcDbEntity
  8
0-CAD-polyline
 62
     1
100
AcDbLine
 10
662.0618589133305
 20
-904.5357591177883
 30
0
 11
422.0618589133305
 21
-904.5357591177883
 31
0
1001
COPRA_AXIS
1000
32409ddd-3224-4978-9db5-9ec4564f7a21
  0
LINE
  5
F24C
330
2
100
AcDbEntity
  8
0-CAD-polyline
 62
     1
100
AcDbLine
 10
422.0618589133305
 20
-1059.535759117788
 30
0
 11
662.0618589133305
 21
-1059.535759117788
 31
0
1001
COPRA_AXIS
1000
bf7f8563-b543-4a96-8917-80f015977c6d
  0
LINE
  5
F24D
330
2
100
AcDbEntity
  8
0-CAD-polyline
 62
     5
100
AcDbLine
 10
491.6757810333306
 20
-929.5357438615383
 30
0
 11
491.6757810333306
 21
-911.5357438615383
 31
0
  0
LINE
  5
F24E
330
2
100
AcDbEntity
  8
0-CAD-polyline
 62
     5
100
AcDbLine
 10
609.6757810333306
 20
-929.5357438615383
 30
0
 11
609.6757810333306
 21
-911.5357438615383
 31
0
  0
LINE
  5
F24F
330
2
100
AcDbEntity
  8
0-CAD-polyline
 62
     5
100
AcDbLine
 10
490.6757810333306
 20
-911.5357438615383
 30
0
 11
610.6757810333306
 21
-911.5357438615383
 31
0
  0
POLYLINE
  5
F250
330
2
100
AcDbEntity
  8
0-CAD-polyline
 62
     5
100
AcDb2dPolyline
 66
     1
 10
0
 20
0
 30
0
 40
0
 41
0
  0
VERTEX
  5
F251
330
F250
100
AcDbEntity
  8
0-CAD-polyline
 62
     5
100
AcDbVertex
100
AcDb2dVertex
 10
490.6757810333306
 20
-930.5357438615383
 30
0
  0
VERTEX
  5
F252
330
F250
100
AcDbEntity
  8
0-CAD-polyline
 62
     5
100
AcDbVertex
100
AcDb2dVertex
 10
491.6757810333306
 20
-929.5357438615383
 30
0
  0
VERTEX
  5
F253
330
F250
100
AcDbEntity
  8
0-CAD-polyline
 62
     5
100
AcDbVertex
100
AcDb2dVertex
 10
609.6757810333306
 20
-929.5357438615383
 30
0
  0
VERTEX
  5
F254
330
F250
100
AcDbEntity
  8
0-CAD-polyline
 62
     5
100
AcDbVertex
100
AcDb2dVertex
 10
610.6757810333306
 20
-930.5357438615383
 30
0
  0
SEQEND
  5
F255
330
F250
100
AcDbEntity
  8
0-CAD-polyline
 62
     5
  0
POLYLINE
  5
F256
330
2
100
AcDbEntity
  8
0-CAD-polyline
 62
     5
100
AcDb2dPolyline
 66
     1
 10
0
 20
0
 30
0
 40
0
 41
0
1001
COPRA
1000
2
1001
CrfRollDraw
1000
1f12366c-03ec-4df0-881c-c50efc9a03b6
  0
VERTEX
  5
F257
330
F256
100
AcDbEntity
  8
0-CAD-polyline
 62
     5
100
AcDbVertex
100
AcDb2dVertex
 10
490.6757810333306
 20
-904.5357438615383
 30
0
  0
VERTEX
  5
F258
330
F256
100
AcDbEntity
  8
0-CAD-polyline
 62
     5
100
AcDbVertex
100
AcDb2dVertex
 10
490.6757810333306
 20
-965.5357449415383
 30
0
  0
VERTEX
  5
F259
330
F256
100
AcDbEntity
  8
0-CAD-polyline
 62
     5
100
AcDbVertex
100
AcDb2dVertex
 10
491.6757810333306
 20
-966.5357449415383
 30
0
  0
VERTEX
  5
F25A
330
F256
100
AcDbEntity
  8
0-CAD-polyline
 62
     5
100
AcDbVertex
100
AcDb2dVertex
 10
497.7725042733305
 20
-966.5357440215382
 30
0
  0
VERTEX
  5
F25B
330
F256
100
AcDbEntity
  8
0-CAD-polyline
 62
     5
100
AcDbVertex
100
AcDb2dVertex
 10
499.9956801333306
 20
-967.0571848315383
 30
0
  0
VERTEX
  5
F25C
330
F256
100
AcDbEntity
  8
0-CAD-polyline
 62
     5
100
AcDbVertex
100
AcDb2dVertex
 10
509.1543954833305
 20
-971.6036086015383
 30
0
  0
VERTEX
  5
F25D
330
F256
100
AcDbEntity
  8
0-CAD-polyline
 62
     5
100
AcDbVertex
100
AcDb2dVertex
 10
509.4224648533304
 20
-971.5133932515382
 30
0
  0
VERTEX
  5
F25E
330
F256
100
AcDbEntity
  8
0-CAD-polyline
 62
     5
100
AcDbVertex
100
AcDb2dVertex
 10
509.7756018133305
 20
-970.8020032915383
 30
0
  0
VERTEX
  5
F25F
330
F256
100
AcDbEntity
  8
0-CAD-polyline
 62
     5
100
AcDbVertex
100
AcDb2dVertex
 10
533.9046194633306
 20
-982.8849128015383
 30
0
  0
VERTEX
  5
F260
330
F256
100
AcDbEntity
  8
0-CAD-polyline
 62
     5
100
AcDbVertex
100
AcDb2dVertex
 10
535.8118494033306
 20
-983.3357627015384
 30
0
  0
VERTEX
  5
F261
330
F256
100
AcDbEntity
  8
0-CAD-polyline
 62
     5
100
AcDbVertex
100
AcDb2dVertex
 10
548.3118493233305
 20
-983.3357618715384
 30
0
  0
VERTEX
  5
F262
330
F256
100
AcDbEntity
  8
0-CAD-polyline
 62
     5
100
AcDbVertex
100
AcDb2dVertex
 10
549.7637408633304
 20
-982.4975118115383
 30
0
  0
VERTEX
  5
F263
330
F256
100
AcDbEntity
  8
0-CAD-polyline
 62
     5
100
AcDbVertex
100
AcDb2dVertex
 10
556.4925912433305
 20
-970.8428004215384
 30
0
  0
VERTEX
  5
F264
330
F256
100
AcDbEntity
  8
0-CAD-polyline
 62
     5
100
AcDbVertex
100
AcDb2dVertex
 10
593.7098245233306
 20
-965.6122568015383
 30
0
  0
VERTEX
  5
F265
330
F256
100
AcDbEntity
  8
0-CAD-polyline
 62
     5
100
AcDbVertex
100
AcDb2dVertex
 10
593.8513515533305
 20
-966.6192799815383
 30
0
  0
VERTEX
  5
F266
330
F256
100
AcDbEntity
  8
0-CAD-polyline
 62
     5
100
AcDbVertex
100
AcDb2dVertex
 10
594.0755104233308
 20
-966.7897345015383
 30
0
  0
VERTEX
  5
F267
330
F256
100
AcDbEntity
  8
0-CAD-polyline
 62
     5
100
AcDbVertex
100
AcDb2dVertex
 10
608.9368334333308
 20
-964.8332040815383
 30
0
  0
VERTEX
  5
F268
330
F256
100
AcDbEntity
  8
0-CAD-polyline
 62
     5
100
AcDbVertex
100
AcDb2dVertex
 10
610.6757810333306
 20
-962.8503143615383
 30
0
  0
VERTEX
  5
F269
330
F256
100
AcDbEntity
  8
0-CAD-polyline
 62
     5
100
AcDbVertex
100
AcDb2dVertex
 10
610.6757810333306
 20
-904.5357438615383
 30
0
  0
SEQEND
  5
F26A
330
F256
100
AcDbEntity
  8
0-CAD-polyline
 62
     5
  0
LINE
  5
F26B
330
2
100
AcDbEntity
  8
0-CAD-polyline
 62
     5
100
AcDbLine
 10
490.6757810333306
 20
-934.5357438615383
 30
0
 11
491.6757810333306
 21
-934.5357438615383
 31
0
  0
LINE
  5
F26C
330
2
100
AcDbEntity
  8
0-CAD-polyline
 62
     5
100
AcDbLine
 10
491.6757810333306
 20
-934.5357438615383
 30
0
 11
491.6757810333306
 21
-939.5357438615383
 31
0
  0
LINE
  5
F26D
330
2
100
AcDbEntity
  8
0-CAD-polyline
 62
     5
100
AcDbLine
 10
491.6757810333306
 20
-939.5357438615383
 30
0
 11
490.6757810333306
 21
-939.5357438615383
 31
0
  0
LINE
  5
F26E
330
2
100
AcDbEntity
  8
0-CAD-polyline
 62
     5
100
AcDbLine
 10
490.6757810333306
 20
-930.5357438615383
 30
0
 11
491.6757810333306
 21
-929.5357438615383
 31
0
  0
LINE
  5
F26F
330
2
100
AcDbEntity
  8
0-CAD-polyline
 62
     5
100
AcDbLine
 10
610.6757810333306
 20
-930.5357438615383
 30
0
 11
609.6757810333306
 21
-929.5357438615383
 31
0
  0
LINE
  5
F270
330
2
100
AcDbEntity
  8
0-CAD-polyline
 62
     5
100
AcDbLine
 10
491.6757810333306
 20
-929.5357438615383
 30
0
 11
609.6757810333306
 21
-929.5357438615383
 31
0
  0
LINE
  5
F271
330
2
100
AcDbEntity
  8
0-CAD-polyline
 62
     5
100
AcDbLine
 10
491.6757810333306
 20
-929.5357438615383
 30
0
 11
491.6757810333306
 21
-911.5357438615383
 31
0
  0
LINE
  5
F272
330
2
100
AcDbEntity
  8
0-CAD-polyline
 62
     5
100
AcDbLine
 10
609.6757810333306
 20
-929.5357438615383
 30
0
 11
609.6757810333306
 21
-911.5357438615383
 31
0
  0
LINE
  5
F273
330
2
100
AcDbEntity
  8
0-CAD-polyline
 62
     5
100
AcDbLine
 10
490.6757810333306
 20
-911.5357438615383
 30
0
 11
610.6757810333306
 21
-911.5357438615383
 31
0
  0
TEXT
  5
F274
330
2
100
AcDbEntity
  8
0-CAD-polyline
 62
     5
100
AcDbText
 10
545.1646271871767
 20
-901.304974630769
 30
0
 40
3.5
  1
*3T1
  7

 72
     1
 11
550.6757810333306
 21
-902.7857438615383
 31
0
100
AcDbText
 73
     1
  0
TEXT
  5
F275
330
2
100
AcDbEntity
  8
0-CAD-polyline
 62
     5
100
AcDbText
 10
544.0541849922496
 20
-897.549205250759
 30
0
 40
2.449999958276749
  1
11.66 kg
  7

 72
     1
 11
550.6757810333306
 21
-898.5857436946453
 31
0
100
AcDbText
 73
     1
  0
LINE
  5
F276
330
2
100
AcDbEntity
  8
0-CAD-polyline
 62
     1
100
AcDbLine
 10
491.6757810333306
 20
-1034.535743861538
 30
0
 11
491.6757810333306
 21
-1052.535743861538
 31
0
  0
LINE
  5
F277
330
2
100
AcDbEntity
  8
0-CAD-polyline
 62
     1
100
AcDbLine
 10
609.6757810333306
 20
-1034.535743861538
 30
0
 11
609.6757810333306
 21
-1052.535743861538
 31
0
  0
LINE
  5
F278
330
2
100
AcDbEntity
  8
0-CAD-polyline
 62
     1
100
AcDbLine
 10
490.6757810333306
 20
-1052.535743861538
 30
0
 11
610.6757810333306
 21
-1052.535743861538
 31
0
  0
POLYLINE
  5
F279
330
2
100
AcDbEntity
  8
0-CAD-polyline
 62
     1
100
AcDb2dPolyline
 66
     1
 10
0
 20
0
 30
0
 40
0
 41
0
  0
VERTEX
  5
F27A
330
F279
100
AcDbEntity
  8
0-CAD-polyline
 62
     1
100
AcDbVertex
100
AcDb2dVertex
 10
490.6757810333306
 20
-1033.535743861538
 30
0
  0
VERTEX
  5
F27B
330
F279
100
AcDbEntity
  8
0-CAD-polyline
 62
     1
100
AcDbVertex
100
AcDb2dVertex
 10
491.6757810333306
 20
-1034.535743861538
 30
0
  0
VERTEX
  5
F27C
330
F279
100
AcDbEntity
  8
0-CAD-polyline
 62
     1
100
AcDbVertex
100
AcDb2dVertex
 10
609.6757810333306
 20
-1034.535743861538
 30
0
  0
VERTEX
  5
F27D
330
F279
100
AcDbEntity
  8
0-CAD-polyline
 62
     1
100
AcDbVertex
100
AcDb2dVertex
 10
610.6757810333306
 20
-1033.535743861538
 30
0
  0
SEQEND
  5
F27E
330
F279
100
AcDbEntity
  8
0-CAD-polyline
 62
     1
  0
POLYLINE
  5
F27F
330
2
100
AcDbEntity
  8
0-CAD-polyline
 62
     1
100
AcDb2dPolyline
 66
     1
 10
0
 20
0
 30
0
 40
0
 41
0
1001
COPRA
1000
3
1001
CrfRollDraw
1000
acd38384-0e29-4569-8849-7fd10c953f9a
  0
VERTEX
  5
F280
330
F27F
100
AcDbEntity
  8
0-CAD-polyline
 62
     1
100
AcDbVertex
100
AcDb2dVertex
 10
490.6757810333306
 20
-1059.535743861538
 30
0
  0
VERTEX
  5
F281
330
F27F
100
AcDbEntity
  8
0-CAD-polyline
 62
     1
100
AcDbVertex
100
AcDb2dVertex
 10
490.6757810333306
 20
-969.5357438615383
 30
0
  0
VERTEX
  5
F282
330
F27F
100
AcDbEntity
  8
0-CAD-polyline
 62
     1
100
AcDbVertex
100
AcDb2dVertex
 10
491.6757810333306
 20
-968.5357438615383
 30
0
  0
VERTEX
  5
F283
330
F27F
100
AcDbEntity
  8
0-CAD-polyline
 62
     1
100
AcDbVertex
100
AcDb2dVertex
 10
500.4038317033305
 20
-968.5357438415383
 30
0
  0
VERTEX
  5
F284
330
F27F
100
AcDbEntity
  8
0-CAD-polyline
 62
     1
100
AcDbVertex
100
AcDb2dVertex
 10
504.8501827033306
 20
-969.5786258715384
 30
0
  0
VERTEX
  5
F285
330
F27F
100
AcDbEntity
  8
0-CAD-polyline
 62
     1
100
AcDbVertex
100
AcDb2dVertex
 10
534.5782482333307
 20
-984.3357628015383
 30
0
  0
VERTEX
  5
F286
330
F27F
100
AcDbEntity
  8
0-CAD-polyline
 62
     1
100
AcDbVertex
100
AcDb2dVertex
 10
550.1270706833307
 20
-984.3357617515383
 30
0
  0
VERTEX
  5
F287
330
F27F
100
AcDbEntity
  8
0-CAD-polyline
 62
     1
100
AcDbVertex
100
AcDb2dVertex
 10
556.6126776533306
 20
-972.6354164215384
 30
0
  0
VERTEX
  5
F288
330
F27F
100
AcDbEntity
  8
0-CAD-polyline
 62
     1
100
AcDbVertex
100
AcDb2dVertex
 10
558.0924792833307
 20
-971.6278552515382
 30
0
  0
VERTEX
  5
F289
330
F27F
100
AcDbEntity
  8
0-CAD-polyline
 62
     1
100
AcDbVertex
100
AcDb2dVertex
 10
602.0627449333306
 20
-965.8390568815382
 30
0
  0
VERTEX
  5
F28A
330
F27F
100
AcDbEntity
  8
0-CAD-polyline
 62
     1
100
AcDbVertex
100
AcDb2dVertex
 10
606.6904031733307
 20
-965.5357439715383
 30
0
  0
VERTEX
  5
F28B
330
F27F
100
AcDbEntity
  8
0-CAD-polyline
 62
     1
100
AcDbVertex
100
AcDb2dVertex
 10
609.6757810333306
 20
-965.5357439815384
 30
0
  0
VERTEX
  5
F28C
330
F27F
100
AcDbEntity
  8
0-CAD-polyline
 62
     1
100
AcDbVertex
100
AcDb2dVertex
 10
610.6757810333306
 20
-966.5357439815384
 30
0
  0
VERTEX
  5
F28D
330
F27F
100
AcDbEntity
  8
0-CAD-polyline
 62
     1
100
AcDbVertex
100
AcDb2dVertex
 10
610.6757810333306
 20
-1059.535743861538
 30
0
  0
SEQEND
  5
F28E
330
F27F
100
AcDbEntity
  8
0-CAD-polyline
 62
     1
  0
LINE
  5
F28F
330
2
100
AcDbEntity
  8
0-CAD-polyline
 62
     1
100
AcDbLine
 10
490.6757810333306
 20
-1024.535743861538
 30
0
 11
491.6757810333306
 21
-1024.535743861538
 31
0
  0
LINE
  5
F290
330
2
100
AcDbEntity
  8
0-CAD-polyline
 62
     1
100
AcDbLine
 10
491.6757810333306
 20
-1024.535743861538
 30
0
 11
491.6757810333306
 21
-1014.535743861538
 31
0
  0
LINE
  5
F291
330
2
100
AcDbEntity
  8
0-CAD-polyline
 62
     1
100
AcDbLine
 10
491.6757810333306
 20
-1014.535743861538
 30
0
 11
490.6757810333306
 21
-1014.535743861538
 31
0
  0
LINE
  5
F292
330
2
100
AcDbEntity
  8
0-CAD-polyline
 62
     1
100
AcDbLine
 10
490.6757810333306
 20
-1033.535743861538
 30
0
 11
491.6757810333306
 21
-1034.535743861538
 31
0
  0
LINE
  5
F293
330
2
100
AcDbEntity
  8
0-CAD-polyline
 62
     1
100
AcDbLine
 10
610.6757810333306
 20
-1033.535743861538
 30
0
 11
609.6757810333306
 21
-1034.535743861538
 31
0
  0
LINE
  5
F294
330
2
100
AcDbEntity
  8
0-CAD-polyline
 62
     1
100
AcDbLine
 10
491.6757810333306
 20
-1034.535743861538
 30
0
 11
609.6757810333306
 21
-1034.535743861538
 31
0
  0
LINE
  5
F295
330
2
100
AcDbEntity
  8
0-CAD-polyline
 62
     1
100
AcDbLine
 10
491.6757810333306
 20
-1034.535743861538
 30
0
 11
491.6757810333306
 21
-1052.535743861538
 31
0
  0
LINE
  5
F296
330
2
100
AcDbEntity
  8
0-CAD-polyline
 62
     1
100
AcDbLine
 10
609.6757810333306
 20
-1034.535743861538
 30
0
 11
609.6757810333306
 21
-1052.535743861538
 31
0
  0
LINE
  5
F297
330
2
100
AcDbEntity
  8
0-CAD-polyline
 62
     1
100
AcDbLine
 10
490.6757810333306
 20
-1052.535743861538
 30
0
 11
610.6757810333306
 21
-1052.535743861538
 31
0
  0
TEXT
  5
F298
330
2
100
AcDbEntity
  8
0-CAD-polyline
 62
     1
100
AcDbText
 10
545.008473341023
 20
-1064.785743861538
 30
0
 40
3.5
  1
*3B1
  7

 72
     1
 11
550.6757810333306
 21
-1061.285743861538
 31
0
100
AcDbText
 73
     3
  0
TEXT
  5
F299
330
2
100
AcDbEntity
  8
0-CAD-polyline
 62
     1
100
AcDbText
 10
544.0541849922496
 20
-1067.935743986708
 30
0
 40
2.449999958276749
  1
20.27 kg
  7

 72
     1
 11
550.6757810333306
 21
-1065.485744028431
 31
0
100
AcDbText
 73
     3
  0
LINE
  5
F29A
330
2
100
AcDbEntity
  8
0-CAD-polyline
 62
     1
100
AcDbLine
 10
506.6865613678033
 20
-983.8357926896633
 30
0
 11
600.6877134063775
 21
-983.8357926896633
 31
0
  0
TEXT
  5
F29B
330
2
100
AcDbEntity
  8
0-CAD-polyline
100
AcDbText
 10
486.6865613678033
 20
-982.8357926896633
 30
0
 40
10
  1
 3
  7

 11
0
 21
0
 31
0
100
AcDbText
  0
POLYLINE
  5
F29C
330
2
100
AcDbEntity
  8
0-CAD-polyline
 62
     5
100
AcDb2dPolyline
 66
     1
 10
0
 20
0
 30
0
 40
0
 41
0
  0
VERTEX
  5
F29D
330
F29C
100
AcDbEntity
  8
0-CAD-polyline
 62
     5
100
AcDbVertex
100
AcDb2dVertex
 10
511.9583204010064
 20
-1267.204078822476
 30
0
  0
VERTEX
  5
F29E
330
F29C
100
AcDbEntity
  8
0-CAD-polyline
 62
     5
100
AcDbVertex
100
AcDb2dVertex
 10
511.3818891265923
 20
-1268.021217494351
 30
0
  0
VERTEX
  5
F29F
330
F29C
100
AcDbEntity
  8
0-CAD-polyline
 62
     5
100
AcDbVertex
100
AcDb2dVertex
 10
533.4448068359429
 20
-1283.584938197476
 30
0
  0
VERTEX
  5
F2A0
330
F29C
100
AcDbEntity
  8
0-CAD-polyline
 62
     5
100
AcDbVertex
100
AcDb2dVertex
 10
535.8118541458184
 20
-1284.335792689663
 30
0
  0
VERTEX
  5
F2A1
330
F29C
100
AcDbEntity
  8
0-CAD-polyline
 62
     5
100
AcDbVertex
100
AcDb2dVertex
 10
542.0618617752129
 20
-1284.335792689663
 30
0
  0
VERTEX
  5
F2A2
330
F29C
100
AcDbEntity
  8
0-CAD-polyline
 62
     5
100
AcDbVertex
100
AcDb2dVertex
 10
548.311854384237
 20
-1284.335792689663
 30
0
  0
VERTEX
  5
F2A3
330
F29C
100
AcDbEntity
  8
0-CAD-polyline
 62
     5
100
AcDbVertex
100
AcDb2dVertex
 10
550.6297707700664
 20
-1282.997535853726
 30
0
  0
VERTEX
  5
F2A4
330
F29C
100
AcDbEntity
  8
0-CAD-polyline
 62
     5
100
AcDbVertex
100
AcDb2dVertex
 10
556.6297652938897
 20
-1272.605201869351
 30
0
  0
VERTEX
  5
F2A5
330
F29C
100
AcDbEntity
  8
0-CAD-polyline
 62
     5
100
AcDbVertex
100
AcDb2dVertex
 10
558.0811836937005
 20
-1271.800758509976
 30
0
  0
VERTEX
  5
F2A6
330
F29C
100
AcDbEntity
  8
0-CAD-polyline
 62
     5
100
AcDbVertex
100
AcDb2dVertex
 10
580.0677812316949
 20
-1272.568580775601
 30
0
  0
VERTEX
  5
F2A7
330
F29C
100
AcDbEntity
  8
0-CAD-polyline
 62
     5
100
AcDbVertex
100
AcDb2dVertex
 10
582.3978994110162
 20
-1272.199440150601
 30
0
  0
VERTEX
  5
F2A8
330
F29C
100
AcDbEntity
  8
0-CAD-polyline
 62
     5
100
AcDbVertex
100
AcDb2dVertex
 10
593.6742055633599
 20
-1268.095192103726
 30
0
  0
VERTEX
  5
F2A9
330
F29C
100
AcDbEntity
  8
0-CAD-polyline
 62
     5
100
AcDbVertex
100
AcDb2dVertex
 10
593.3321874359185
 20
-1267.155494838101
 30
0
  0
VERTEX
  5
F2AA
330
F29C
100
AcDbEntity
  8
0-CAD-polyline
 62
     5
100
AcDbVertex
100
AcDb2dVertex
 10
582.0558774688775
 20
-1271.259742884976
 30
0
  0
VERTEX
  5
F2AB
330
F29C
100
AcDbEntity
  8
0-CAD-polyline
 62
     5
100
AcDbVertex
100
AcDb2dVertex
 10
580.1026818969781
 20
-1271.569069056851
 30
0
  0
VERTEX
  5
F2AC
330
F29C
100
AcDbEntity
  8
0-CAD-polyline
 62
     5
100
AcDbVertex
100
AcDb2dVertex
 10
558.1160824516351
 20
-1270.801246791226
 30
0
  0
VERTEX
  5
F2AD
330
F29C
100
AcDbEntity
  8
0-CAD-polyline
 62
     5
100
AcDbVertex
100
AcDb2dVertex
 10
555.7637393692071
 20
-1272.105201869351
 30
0
  0
VERTEX
  5
F2AE
330
F29C
100
AcDbEntity
  8
0-CAD-polyline
 62
     5
100
AcDbVertex
100
AcDb2dVertex
 10
549.763745091253
 20
-1282.497535853726
 30
0
  0
VERTEX
  5
F2AF
330
F29C
100
AcDbEntity
  8
0-CAD-polyline
 62
     5
100
AcDbVertex
100
AcDb2dVertex
 10
548.3118539073998
 20
-1283.335792689663
 30
0
  0
VERTEX
  5
F2B0
330
F29C
100
AcDbEntity
  8
0-CAD-polyline
 62
     5
100
AcDbVertex
100
AcDb2dVertex
 10
542.0618617752129
 20
-1283.335792689663
 30
0
  0
VERTEX
  5
F2B1
330
F29C
100
AcDbEntity
  8
0-CAD-polyline
 62
     5
100
AcDbVertex
100
AcDb2dVertex
 10
535.8118541458184
 20
-1283.335792689663
 30
0
  0
VERTEX
  5
F2B2
330
F29C
100
AcDbEntity
  8
0-CAD-polyline
 62
     5
100
AcDbVertex
100
AcDb2dVertex
 10
534.021238110357
 20
-1282.767799525601
 30
0
  0
VERTEX
  5
F2B3
330
F29C
100
AcDbEntity
  8
0-CAD-polyline
 62
     5
100
AcDbVertex
100
AcDb2dVertex
 10
511.9583204010064
 20
-1267.204078822476
 30
0
  0
SEQEND
  5
F2B4
330
F29C
100
AcDbEntity
  8
0-CAD-polyline
  0
LINE
  5
F2B5
330
2
100
AcDbEntity
  8
0-CAD-polyline
 62
     5
100
AcDbLine
 10
533.4448068359429
 20
-1283.584938197476
 30
0
 11
534.021238110357
 21
-1282.767799525601
 31
0
  0
LINE
  5
F2B6
330
2
100
AcDbEntity
  8
0-CAD-polyline
 62
     5
100
AcDbLine
 10
535.8118541458184
 20
-1284.335792689663
 30
0
 11
535.8118541458184
 21
-1283.335792689663
 31
0
  0
LINE
  5
F2B7
330
2
100
AcDbEntity
  8
0-CAD-polyline
 62
     5
100
AcDbLine
 10
542.0618617752129
 20
-1284.335792689663
 30
0
 11
542.0618617752129
 21
-1283.335792689663
 31
0
  0
LINE
  5
F2B8
330
2
100
AcDbEntity
  8
0-CAD-polyline
 62
     5
100
AcDbLine
 10
548.311854384237
 20
-1284.335792689663
 30
0
 11
548.3118539073998
 21
-1283.335792689663
 31
0
  0
LINE
  5
F2B9
330
2
100
AcDbEntity
  8
0-CAD-polyline
 62
     5
100
AcDbLine
 10
550.6297707700664
 20
-1282.997535853726
 30
0
 11
549.763745091253
 21
-1282.497535853726
 31
0
  0
LINE
  5
F2BA
330
2
100
AcDbEntity
  8
0-CAD-polyline
 62
     5
100
AcDbLine
 10
556.6297652938897
 20
-1272.605201869351
 30
0
 11
555.7637393692071
 21
-1272.105201869351
 31
0
  0
LINE
  5
F2BB
330
2
100
AcDbEntity
  8
0-CAD-polyline
 62
     5
100
AcDbLine
 10
558.0811836937005
 20
-1271.800758509976
 30
0
 11
558.1160824516351
 21
-1270.801246791226
 31
0
  0
LINE
  5
F2BC
330
2
100
AcDbEntity
  8
0-CAD-polyline
 62
     5
100
AcDbLine
 10
580.0677812316949
 20
-1272.568580775601
 30
0
 11
580.1026818969781
 21
-1271.569069056851
 31
0
  0
LINE
  5
F2BD
330
2
100
AcDbEntity
  8
0-CAD-polyline
 62
     5
100
AcDbLine
 10
582.3978994110162
 20
-1272.199440150601
 30
0
 11
582.0558774688775
 21
-1271.259742884976
 31
0
  0
LINE
  5
F2BE
330
2
100
AcDbEntity
  8
0-CAD-polyline
 62
     1
100
AcDbLine
 10
662.0618589133305
 20
-1204.635772857788
 30
0
 11
422.0618589133305
 21
-1204.635772857788
 31
0
1001
COPRA_AXIS
1000
424e6c33-0601-430a-b08f-83a3a88e1a74
  0
LINE
  5
F2BF
330
2
100
AcDbEntity
  8
0-CAD-polyline
 62
     1
100
AcDbLine
 10
422.0618589133305
 20
-1359.635772857788
 30
0
 11
662.0618589133305
 21
-1359.635772857788
 31
0
1001
COPRA_AXIS
1000
06061ab3-a0e0-4c21-9875-408985ede525
  0
LINE
  5
F2C0
330
2
100
AcDbEntity
  8
0-CAD-polyline
 62
     5
100
AcDbLine
 10
491.6757810333306
 20
-1229.635719447476
 30
0
 11
491.6757810333306
 21
-1211.635719447476
 31
0
  0
LINE
  5
F2C1
330
2
100
AcDbEntity
  8
0-CAD-polyline
 62
     5
100
AcDbLine
 10
609.6757810333306
 20
-1229.635719447476
 30
0
 11
609.6757810333306
 21
-1211.635719447476
 31
0
  0
LINE
  5
F2C2
330
2
100
AcDbEntity
  8
0-CAD-polyline
 62
     5
100
AcDbLine
 10
490.6757810333306
 20
-1211.635719447476
 30
0
 11
610.6757810333306
 21
-1211.635719447476
 31
0
  0
POLYLINE
  5
F2C3
330
2
100
AcDbEntity
  8
0-CAD-polyline
 62
     5
100
AcDb2dPolyline
 66
     1
 10
0
 20
0
 30
0
 40
0
 41
0
  0
VERTEX
  5
F2C4
330
F2C3
100
AcDbEntity
  8
0-CAD-polyline
 62
     5
100
AcDbVertex
100
AcDb2dVertex
 10
490.6757810333306
 20
-1230.635719447476
 30
0
  0
VERTEX
  5
F2C5
330
F2C3
100
AcDbEntity
  8
0-CAD-polyline
 62
     5
100
AcDbVertex
100
AcDb2dVertex
 10
491.6757810333306
 20
-1229.635719447476
 30
0
  0
VERTEX
  5
F2C6
330
F2C3
100
AcDbEntity
  8
0-CAD-polyline
 62
     5
100
AcDbVertex
100
AcDb2dVertex
 10
609.6757810333306
 20
-1229.635719447476
 30
0
  0
VERTEX
  5
F2C7
330
F2C3
100
AcDbEntity
  8
0-CAD-polyline
 62
     5
100
AcDbVertex
100
AcDb2dVertex
 10
610.6757810333306
 20
-1230.635719447476
 30
0
  0
SEQEND
  5
F2C8
330
F2C3
100
AcDbEntity
  8
0-CAD-polyline
 62
     5
  0
POLYLINE
  5
F2C9
330
2
100
AcDbEntity
  8
0-CAD-polyline
 62
     5
100
AcDb2dPolyline
 66
     1
 10
0
 20
0
 30
0
 40
0
 41
0
1001
COPRA
1000
2
1001
CrfRollDraw
1000
8fd0c3f8-ba2b-4c10-8bca-9cdf023088c9
  0
VERTEX
  5
F2CA
330
F2C9
100
AcDbEntity
  8
0-CAD-polyline
 62
     5
100
AcDbVertex
100
AcDb2dVertex
 10
490.6757810333306
 20
-1204.635719447476
 30
0
  0
VERTEX
  5
F2CB
330
F2C9
100
AcDbEntity
  8
0-CAD-polyline
 62
     5
100
AcDbVertex
100
AcDb2dVertex
 10
490.6757810333306
 20
-1261.635720507476
 30
0
  0
VERTEX
  5
F2CC
330
F2C9
100
AcDbEntity
  8
0-CAD-polyline
 62
     5
100
AcDbVertex
100
AcDb2dVertex
 10
491.6757810333306
 20
-1262.635720507476
 30
0
  0
VERTEX
  5
F2CD
330
F2C9
100
AcDbEntity
  8
0-CAD-polyline
 62
     5
100
AcDbVertex
100
AcDb2dVertex
 10
502.3348962933305
 20
-1262.635719547476
 30
0
  0
VERTEX
  5
F2CE
330
F2C9
100
AcDbEntity
  8
0-CAD-polyline
 62
     5
100
AcDbVertex
100
AcDb2dVertex
 10
505.2170580333304
 20
-1263.549994847476
 30
0
  0
VERTEX
  5
F2CF
330
F2C9
100
AcDbEntity
  8
0-CAD-polyline
 62
     5
100
AcDbVertex
100
AcDb2dVertex
 10
511.2761040233304
 20
-1267.824180887476
 30
0
  0
VERTEX
  5
F2D0
330
F2C9
100
AcDbEntity
  8
0-CAD-polyline
 62
     5
100
AcDbVertex
100
AcDb2dVertex
 10
511.5548194633307
 20
-1267.776038347476
 30
0
  0
VERTEX
  5
F2D1
330
F2C9
100
AcDbEntity
  8
0-CAD-polyline
 62
     5
100
AcDbVertex
100
AcDb2dVertex
 10
512.0126383333304
 20
-1267.127038607476
 30
0
  0
VERTEX
  5
F2D2
330
F2C9
100
AcDbEntity
  8
0-CAD-polyline
 62
     5
100
AcDbVertex
100
AcDb2dVertex
 10
534.0123854833305
 20
-1282.761442267476
 30
0
  0
VERTEX
  5
F2D3
330
F2C9
100
AcDbEntity
  8
0-CAD-polyline
 62
     5
100
AcDbVertex
100
AcDb2dVertex
 10
535.8118501633307
 20
-1283.335724557476
 30
0
  0
VERTEX
  5
F2D4
330
F2C9
100
AcDbEntity
  8
0-CAD-polyline
 62
     5
100
AcDbVertex
100
AcDb2dVertex
 10
548.3118500833307
 20
-1283.335723727476
 30
0
  0
VERTEX
  5
F2D5
330
F2C9
100
AcDbEntity
  8
0-CAD-polyline
 62
     5
100
AcDbVertex
100
AcDb2dVertex
 10
549.7710013333308
 20
-1282.484771777476
 30
0
  0
VERTEX
  5
F2D6
330
F2C9
100
AcDbEntity
  8
0-CAD-polyline
 62
     5
100
AcDbVertex
100
AcDb2dVertex
 10
556.5290378433306
 20
-1270.539981997476
 30
0
  0
VERTEX
  5
F2D7
330
F2C9
100
AcDbEntity
  8
0-CAD-polyline
 62
     5
100
AcDbVertex
100
AcDb2dVertex
 10
580.0574969033305
 20
-1271.567255087476
 30
0
  0
VERTEX
  5
F2D8
330
F2C9
100
AcDbEntity
  8
0-CAD-polyline
 62
     5
100
AcDbVertex
100
AcDb2dVertex
 10
582.0983072733306
 20
-1271.244022347476
 30
0
  0
VERTEX
  5
F2D9
330
F2C9
100
AcDbEntity
  8
0-CAD-polyline
 62
     5
100
AcDbVertex
100
AcDb2dVertex
 10
593.2964424733304
 20
-1267.057210437476
 30
0
  0
VERTEX
  5
F2DA
330
F2C9
100
AcDbEntity
  8
0-CAD-polyline
 62
     5
100
AcDbVertex
100
AcDb2dVertex
 10
593.5716065733304
 20
-1267.813217467476
 30
0
  0
VERTEX
  5
F2DB
330
F2C9
100
AcDbEntity
  8
0-CAD-polyline
 62
     5
100
AcDbVertex
100
AcDb2dVertex
 10
593.8279491433304
 20
-1267.932751947476
 30
0
  0
VERTEX
  5
F2DC
330
F2C9
100
AcDbEntity
  8
0-CAD-polyline
 62
     5
100
AcDbVertex
100
AcDb2dVertex
 10
604.8054795533308
 20
-1263.937256537476
 30
0
  0
VERTEX
  5
F2DD
330
F2C9
100
AcDbEntity
  8
0-CAD-polyline
 62
     5
100
AcDbVertex
100
AcDb2dVertex
 10
606.5155800633306
 20
-1263.635719487476
 30
0
  0
VERTEX
  5
F2DE
330
F2C9
100
AcDbEntity
  8
0-CAD-polyline
 62
     5
100
AcDbVertex
100
AcDb2dVertex
 10
609.6757823433304
 20
-1263.635719087476
 30
0
  0
VERTEX
  5
F2DF
330
F2C9
100
AcDbEntity
  8
0-CAD-polyline
 62
     5
100
AcDbVertex
100
AcDb2dVertex
 10
610.6757823433304
 20
-1262.635719097476
 30
0
  0
VERTEX
  5
F2E0
330
F2C9
100
AcDbEntity
  8
0-CAD-polyline
 62
     5
100
AcDbVertex
100
AcDb2dVertex
 10
610.6757823433304
 20
-1204.635719447476
 30
0
  0
SEQEND
  5
F2E1
330
F2C9
100
AcDbEntity
  8
0-CAD-polyline
 62
     5
  0
LINE
  5
F2E2
330
2
100
AcDbEntity
  8
0-CAD-polyline
 62
     5
100
AcDbLine
 10
490.6757810333306
 20
-1234.635719447476
 30
0
 11
491.6757810333306
 21
-1234.635719447476
 31
0
  0
LINE
  5
F2E3
330
2
100
AcDbEntity
  8
0-CAD-polyline
 62
     5
100
AcDbLine
 10
491.6757810333306
 20
-1234.635719447476
 30
0
 11
491.6757810333306
 21
-1239.635719447476
 31
0
  0
LINE
  5
F2E4
330
2
100
AcDbEntity
  8
0-CAD-polyline
 62
     5
100
AcDbLine
 10
491.6757810333306
 20
-1239.635719447476
 30
0
 11
490.6757810333306
 21
-1239.635719447476
 31
0
  0
LINE
  5
F2E5
330
2
100
AcDbEntity
  8
0-CAD-polyline
 62
     5
100
AcDbLine
 10
490.6757810333306
 20
-1230.635719447476
 30
0
 11
491.6757810333306
 21
-1229.635719447476
 31
0
  0
LINE
  5
F2E6
330
2
100
AcDbEntity
  8
0-CAD-polyline
 62
     5
100
AcDbLine
 10
610.6757810333306
 20
-1230.635719447476
 30
0
 11
609.6757810333306
 21
-1229.635719447476
 31
0
  0
LINE
  5
F2E7
330
2
100
AcDbEntity
  8
0-CAD-polyline
 62
     5
100
AcDbLine
 10
491.6757810333306
 20
-1229.635719447476
 30
0
 11
609.6757810333306
 21
-1229.635719447476
 31
0
  0
LINE
  5
F2E8
330
2
100
AcDbEntity
  8
0-CAD-polyline
 62
     5
100
AcDbLine
 10
491.6757810333306
 20
-1229.635719447476
 30
0
 11
491.6757810333306
 21
-1211.635719447476
 31
0
  0
LINE
  5
F2E9
330
2
100
AcDbEntity
  8
0-CAD-polyline
 62
     5
100
AcDbLine
 10
609.6757810333306
 20
-1229.635719447476
 30
0
 11
609.6757810333306
 21
-1211.635719447476
 31
0
  0
LINE
  5
F2EA
330
2
100
AcDbEntity
  8
0-CAD-polyline
 62
     5
100
AcDbLine
 10
490.6757810333306
 20
-1211.635719447476
 30
0
 11
610.6757810333306
 21
-1211.635719447476
 31
0
  0
TEXT
  5
F2EB
330
2
100
AcDbEntity
  8
0-CAD-polyline
 62
     5
100
AcDbText
 10
545.1646271871767
 20
-1201.404950216707
 30
0
 40
3.5
  1
*4T1
  7

 72
     1
 11
550.6757810333306
 21
-1202.885719447476
 31
0
100
AcDbText
 73
     1
  0
TEXT
  5
F2EC
330
2
100
AcDbEntity
  8
0-CAD-polyline
 62
     5
100
AcDbText
 10
544.0541849922496
 20
-1197.649180836697
 30
0
 40
2.449999958276749
  1
11.36 kg
  7

 72
     1
 11
550.6757810333306
 21
-1198.685719280583
 31
0
100
AcDbText
 73
     1
  0
LINE
  5
F2ED
330
2
100
AcDbEntity
  8
0-CAD-polyline
 62
     1
100
AcDbLine
 10
491.6757810333306
 20
-1334.635719447476
 30
0
 11
491.6757810333306
 21
-1352.635719447476
 31
0
  0
LINE
  5
F2EE
330
2
100
AcDbEntity
  8
0-CAD-polyline
 62
     1
100
AcDbLine
 10
609.6757810333306
 20
-1334.635719447476
 30
0
 11
609.6757810333306
 21
-1352.635719447476
 31
0
  0
LINE
  5
F2EF
330
2
100
AcDbEntity
  8
0-CAD-polyline
 62
     1
100
AcDbLine
 10
490.6757810333306
 20
-1352.635719447476
 30
0
 11
610.6757810333306
 21
-1352.635719447476
 31
0
  0
POLYLINE
  5
F2F0
330
2
100
AcDbEntity
  8
0-CAD-polyline
 62
     1
100
AcDb2dPolyline
 66
     1
 10
0
 20
0
 30
0
 40
0
 41
0
  0
VERTEX
  5
F2F1
330
F2F0
100
AcDbEntity
  8
0-CAD-polyline
 62
     1
100
AcDbVertex
100
AcDb2dVertex
 10
490.6757810333306
 20
-1333.635719447476
 30
0
  0
VERTEX
  5
F2F2
330
F2F0
100
AcDbEntity
  8
0-CAD-polyline
 62
     1
100
AcDbVertex
100
AcDb2dVertex
 10
491.6757810333306
 20
-1334.635719447476
 30
0
  0
VERTEX
  5
F2F3
330
F2F0
100
AcDbEntity
  8
0-CAD-polyline
 62
     1
100
AcDbVertex
100
AcDb2dVertex
 10
609.6757810333306
 20
-1334.635719447476
 30
0
  0
VERTEX
  5
F2F4
330
F2F0
100
AcDbEntity
  8
0-CAD-polyline
 62
     1
100
AcDbVertex
100
AcDb2dVertex
 10
610.6757810333306
 20
-1333.635719447476
 30
0
  0
SEQEND
  5
F2F5
330
F2F0
100
AcDbEntity
  8
0-CAD-polyline
 62
     1
  0
POLYLINE
  5
F2F6
330
2
100
AcDbEntity
  8
0-CAD-polyline
 62
     1
100
AcDb2dPolyline
 66
     1
 10
0
 20
0
 30
0
 40
0
 41
0
1001
COPRA
1000
3
1001
CrfRollDraw
1000
ea6684ea-eeee-40a9-ac5b-b8dbd1539ea2
  0
VERTEX
  5
F2F7
330
F2F6
100
AcDbEntity
  8
0-CAD-polyline
 62
     1
100
AcDbVertex
100
AcDb2dVertex
 10
490.6757810333306
 20
-1359.635719447476
 30
0
  0
VERTEX
  5
F2F8
330
F2F6
100
AcDbEntity
  8
0-CAD-polyline
 62
     1
100
AcDbVertex
100
AcDb2dVertex
 10
490.6757810333306
 20
-1265.635719427476
 30
0
  0
VERTEX
  5
F2F9
330
F2F6
100
AcDbEntity
  8
0-CAD-polyline
 62
     1
100
AcDbVertex
100
AcDb2dVertex
 10
491.6757810333306
 20
-1264.635719427476
 30
0
  0
VERTEX
  5
F2FA
330
F2F6
100
AcDbEntity
  8
0-CAD-polyline
 62
     1
100
AcDbVertex
100
AcDb2dVertex
 10
503.4105026633306
 20
-1264.635719397476
 30
0
  0
VERTEX
  5
F2FB
330
F2F6
100
AcDbEntity
  8
0-CAD-polyline
 62
     1
100
AcDbVertex
100
AcDb2dVertex
 10
509.1748249033308
 20
-1266.464269847476
 30
0
  0
VERTEX
  5
F2FC
330
F2F6
100
AcDbEntity
  8
0-CAD-polyline
 62
     1
100
AcDbVertex
100
AcDb2dVertex
 10
534.5092316133305
 20
-1284.335724667476
 30
0
  0
VERTEX
  5
F2FD
330
F2F6
100
AcDbEntity
  8
0-CAD-polyline
 62
     1
100
AcDbVertex
100
AcDb2dVertex
 10
549.9116039733308
 20
-1284.335723617476
 30
0
  0
VERTEX
  5
F2FE
330
F2F6
100
AcDbEntity
  8
0-CAD-polyline
 62
     1
100
AcDbVertex
100
AcDb2dVertex
 10
556.6269637933306
 20
-1272.610043707476
 30
0
  0
VERTEX
  5
F2FF
330
F2F6
100
AcDbEntity
  8
0-CAD-polyline
 62
     1
100
AcDbVertex
100
AcDb2dVertex
 10
558.0839960633307
 20
-1271.800734457476
 30
0
  0
VERTEX
  5
F300
330
F2F6
100
AcDbEntity
  8
0-CAD-polyline
 62
     1
100
AcDbVertex
100
AcDb2dVertex
 10
581.1675746233304
 20
-1272.647169287476
 30
0
  0
VERTEX
  5
F301
330
F2F6
100
AcDbEntity
  8
0-CAD-polyline
 62
     1
100
AcDbVertex
100
AcDb2dVertex
 10
598.7744390933308
 20
-1266.238793547476
 30
0
  0
VERTEX
  5
F302
330
F2F6
100
AcDbEntity
  8
0-CAD-polyline
 62
     1
100
AcDbVertex
100
AcDb2dVertex
 10
602.1946408733306
 20
-1265.635719587476
 30
0
  0
VERTEX
  5
F303
330
F2F6
100
AcDbEntity
  8
0-CAD-polyline
 62
     1
100
AcDbVertex
100
AcDb2dVertex
 10
609.6757810333306
 20
-1265.635719597476
 30
0
  0
VERTEX
  5
F304
330
F2F6
100
AcDbEntity
  8
0-CAD-polyline
 62
     1
100
AcDbVertex
100
AcDb2dVertex
 10
610.6757810333306
 20
-1266.635719597476
 30
0
  0
VERTEX
  5
F305
330
F2F6
100
AcDbEntity
  8
0-CAD-polyline
 62
     1
100
AcDbVertex
100
AcDb2dVertex
 10
610.6757810333306
 20
-1359.635719447476
 30
0
  0
SEQEND
  5
F306
330
F2F6
100
AcDbEntity
  8
0-CAD-polyline
 62
     1
  0
LINE
  5
F307
330
2
100
AcDbEntity
  8
0-CAD-polyline
 62
     1
100
AcDbLine
 10
490.6757810333306
 20
-1324.635719447476
 30
0
 11
491.6757810333306
 21
-1324.635719447476
 31
0
  0
LINE
  5
F308
330
2
100
AcDbEntity
  8
0-CAD-polyline
 62
     1
100
AcDbLine
 10
491.6757810333306
 20
-1324.635719447476
 30
0
 11
491.6757810333306
 21
-1314.635719447476
 31
0
  0
LINE
  5
F309
330
2
100
AcDbEntity
  8
0-CAD-polyline
 62
     1
100
AcDbLine
 10
491.6757810333306
 20
-1314.635719447476
 30
0
 11
490.6757810333306
 21
-1314.635719447476
 31
0
  0
LINE
  5
F30A
330
2
100
AcDbEntity
  8
0-CAD-polyline
 62
     1
100
AcDbLine
 10
490.6757810333306
 20
-1333.635719447476
 30
0
 11
491.6757810333306
 21
-1334.635719447476
 31
0
  0
LINE
  5
F30B
330
2
100
AcDbEntity
  8
0-CAD-polyline
 62
     1
100
AcDbLine
 10
610.6757810333306
 20
-1333.635719447476
 30
0
 11
609.6757810333306
 21
-1334.635719447476
 31
0
  0
LINE
  5
F30C
330
2
100
AcDbEntity
  8
0-CAD-polyline
 62
     1
100
AcDbLine
 10
491.6757810333306
 20
-1334.635719447476
 30
0
 11
609.6757810333306
 21
-1334.635719447476
 31
0
  0
LINE
  5
F30D
330
2
100
AcDbEntity
  8
0-CAD-polyline
 62
     1
100
AcDbLine
 10
491.6757810333306
 20
-1334.635719447476
 30
0
 11
491.6757810333306
 21
-1352.635719447476
 31
0
  0
LINE
  5
F30E
330
2
100
AcDbEntity
  8
0-CAD-polyline
 62
     1
100
AcDbLine
 10
609.6757810333306
 20
-1334.635719447476
 30
0
 11
609.6757810333306
 21
-1352.635719447476
 31
0
  0
LINE
  5
F30F
330
2
100
AcDbEntity
  8
0-CAD-polyline
 62
     1
100
AcDbLine
 10
490.6757810333306
 20
-1352.635719447476
 30
0
 11
610.6757810333306
 21
-1352.635719447476
 31
0
  0
TEXT
  5
F310
330
2
100
AcDbEntity
  8
0-CAD-polyline
 62
     1
100
AcDbText
 10
545.008473341023
 20
-1364.885719447476
 30
0
 40
3.5
  1
*4B1
  7

 72
     1
 11
550.6757810333306
 21
-1361.385719447476
 31
0
100
AcDbText
 73
     3
  0
TEXT
  5
F311
330
2
100
AcDbEntity
  8
0-CAD-polyline
 62
     1
100
AcDbText
 10
544.0541849922496
 20
-1368.035719572646
 30
0
 40
2.449999958276749
  1
20.60 kg
  7

 72
     1
 11
550.6757810333306
 21
-1365.585719614369
 31
0
100
AcDbText
 73
     3
  0
LINE
  5
F312
330
2
100
AcDbEntity
  8
0-CAD-polyline
 62
     1
100
AcDbLine
 10
506.6865613678033
 20
-1283.835792689663
 30
0
 11
600.6877134063775
 21
-1283.835792689663
 31
0
  0
TEXT
  5
F313
330
2
100
AcDbEntity
  8
0-CAD-polyline
100
AcDbText
 10
486.6865613678033
 20
-1282.835792689663
 30
0
 40
10
  1
 4
  7

 11
0
 21
0
 31
0
100
AcDbText
  0
POLYLINE
  5
F314
330
2
100
AcDbEntity
  8
0-CAD-polyline
 62
     5
100
AcDb2dPolyline
 66
     1
 10
0
 20
0
 30
0
 40
0
 41
0
  0
VERTEX
  5
F315
330
F314
100
AcDbEntity
  8
0-CAD-polyline
 62
     5
100
AcDbVertex
100
AcDb2dVertex
 10
514.712421200567
 20
-1563.902443080288
 30
0
  0
VERTEX
  5
F316
330
F314
100
AcDbEntity
  8
0-CAD-polyline
 62
     5
100
AcDbVertex
100
AcDb2dVertex
 10
514.0177648284966
 20
-1564.621681361538
 30
0
  0
VERTEX
  5
F317
330
F314
100
AcDbEntity
  8
0-CAD-polyline
 62
     5
100
AcDbVertex
100
AcDb2dVertex
 10
533.4399488189752
 20
-1583.377418666226
 30
0
  0
VERTEX
  5
F318
330
F314
100
AcDbEntity
  8
0-CAD-polyline
 62
     5
100
AcDbVertex
100
AcDb2dVertex
 10
535.81185891419
 20
-1584.335792689663
 30
0
  0
VERTEX
  5
F319
330
F314
100
AcDbEntity
  8
0-CAD-polyline
 62
     5
100
AcDbVertex
100
AcDb2dVertex
 10
542.0618665435845
 20
-1584.335792689663
 30
0
  0
VERTEX
  5
F31A
330
F314
100
AcDbEntity
  8
0-CAD-polyline
 62
     5
100
AcDbVertex
100
AcDb2dVertex
 10
548.3118591526086
 20
-1584.335792689663
 30
0
  0
VERTEX
  5
F31B
330
F314
100
AcDbEntity
  8
0-CAD-polyline
 62
     5
100
AcDbVertex
100
AcDb2dVertex
 10
550.629775538438
 20
-1582.997535853726
 30
0
  0
VERTEX
  5
F31C
330
F314
100
AcDbEntity
  8
0-CAD-polyline
 62
     5
100
AcDbVertex
100
AcDb2dVertex
 10
556.6297700622613
 20
-1572.605201869351
 30
0
  0
VERTEX
  5
F31D
330
F314
100
AcDbEntity
  8
0-CAD-polyline
 62
     5
100
AcDbVertex
100
AcDb2dVertex
 10
558.0669658401544
 20
-1571.965309291226
 30
0
  0
VERTEX
  5
F31E
330
F314
100
AcDbEntity
  8
0-CAD-polyline
 62
     5
100
AcDbVertex
100
AcDb2dVertex
 10
579.586215756231
 20
-1576.539405970913
 30
0
  0
VERTEX
  5
F31F
330
F314
100
AcDbEntity
  8
0-CAD-polyline
 62
     5
100
AcDbVertex
100
AcDb2dVertex
 10
582.10553910523
 20
-1576.095314174038
 30
0
  0
VERTEX
  5
F320
330
F314
100
AcDbEntity
  8
0-CAD-polyline
 62
     5
100
AcDbVertex
100
AcDb2dVertex
 10
592.2821157196099
 20
-1569.736305384976
 30
0
  0
VERTEX
  5
F321
330
F314
100
AcDbEntity
  8
0-CAD-polyline
 62
     5
100
AcDbVertex
100
AcDb2dVertex
 10
591.7521932342584
 20
-1568.888160853726
 30
0
  0
VERTEX
  5
F322
330
F314
100
AcDbEntity
  8
0-CAD-polyline
 62
     5
100
AcDbVertex
100
AcDb2dVertex
 10
581.5756204345757
 20
-1575.247169642788
 30
0
  0
VERTEX
  5
F323
330
F314
100
AcDbEntity
  8
0-CAD-polyline
 62
     5
100
AcDbVertex
100
AcDb2dVertex
 10
579.7941282012994
 20
-1575.561378627163
 30
0
  0
VERTEX
  5
F324
330
F314
100
AcDbEntity
  8
0-CAD-polyline
 62
     5
100
AcDbVertex
100
AcDb2dVertex
 10
558.2748773315484
 20
-1570.987281947476
 30
0
  0
VERTEX
  5
F325
330
F314
100
AcDbEntity
  8
0-CAD-polyline
 62
     5
100
AcDbVertex
100
AcDb2dVertex
 10
555.7637441375787
 20
-1572.105201869351
 30
0
  0
VERTEX
  5
F326
330
F314
100
AcDbEntity
  8
0-CAD-polyline
 62
     5
100
AcDbVertex
100
AcDb2dVertex
 10
549.7637498596246
 20
-1582.497535853726
 30
0
  0
VERTEX
  5
F327
330
F314
100
AcDbEntity
  8
0-CAD-polyline
 62
     5
100
AcDbVertex
100
AcDb2dVertex
 10
548.3118586757714
 20
-1583.335792689663
 30
0
  0
VERTEX
  5
F328
330
F314
100
AcDbEntity
  8
0-CAD-polyline
 62
     5
100
AcDbVertex
100
AcDb2dVertex
 10
542.0618665435845
 20
-1583.335792689663
 30
0
  0
VERTEX
  5
F329
330
F314
100
AcDbEntity
  8
0-CAD-polyline
 62
     5
100
AcDbVertex
100
AcDb2dVertex
 10
535.81185891419
 20
-1583.335792689663
 30
0
  0
VERTEX
  5
F32A
330
F314
100
AcDbEntity
  8
0-CAD-polyline
 62
     5
100
AcDbVertex
100
AcDb2dVertex
 10
534.1346051910455
 20
-1582.658180384976
 30
0
  0
VERTEX
  5
F32B
330
F314
100
AcDbEntity
  8
0-CAD-polyline
 62
     5
100
AcDbVertex
100
AcDb2dVertex
 10
514.712421200567
 20
-1563.902443080288
 30
0
  0
SEQEND
  5
F32C
330
F314
100
AcDbEntity
  8
0-CAD-polyline
  0
LINE
  5
F32D
330
2
100
AcDbEntity
  8
0-CAD-polyline
 62
     5
100
AcDbLine
 10
533.4399488189752
 20
-1583.377418666226
 30
0
 11
534.1346051910455
 21
-1582.658180384976
 31
0
  0
LINE
  5
F32E
330
2
100
AcDbEntity
  8
0-CAD-polyline
 62
     5
100
AcDbLine
 10
535.81185891419
 20
-1584.335792689663
 30
0
 11
535.81185891419
 21
-1583.335792689663
 31
0
  0
LINE
  5
F32F
330
2
100
AcDbEntity
  8
0-CAD-polyline
 62
     5
100
AcDbLine
 10
542.0618665435845
 20
-1584.335792689663
 30
0
 11
542.0618665435845
 21
-1583.335792689663
 31
0
  0
LINE
  5
F330
330
2
100
AcDbEntity
  8
0-CAD-polyline
 62
     5
100
AcDbLine
 10
548.3118591526086
 20
-1584.335792689663
 30
0
 11
548.3118586757714
 21
-1583.335792689663
 31
0
  0
LINE
  5
F331
330
2
100
AcDbEntity
  8
0-CAD-polyline
 62
     5
100
AcDbLine
 10
550.629775538438
 20
-1582.997535853726
 30
0
 11
549.7637498596246
 21
-1582.497535853726
 31
0
  0
LINE
  5
F332
330
2
100
AcDbEntity
  8
0-CAD-polyline
 62
     5
100
AcDbLine
 10
556.6297700622613
 20
-1572.605201869351
 30
0
 11
555.7637441375787
 21
-1572.105201869351
 31
0
  0
LINE
  5
F333
330
2
100
AcDbEntity
  8
0-CAD-polyline
 62
     5
100
AcDbLine
 10
558.0669658401544
 20
-1571.965309291226
 30
0
 11
558.2748773315484
 21
-1570.987281947476
 31
0
  0
LINE
  5
F334
330
2
100
AcDbEntity
  8
0-CAD-polyline
 62
     5
100
AcDbLine
 10
579.586215756231
 20
-1576.539405970913
 30
0
 11
579.7941282012994
 21
-1575.561378627163
 31
0
  0
LINE
  5
F335
330
2
100
AcDbEntity
  8
0-CAD-polyline
 62
     5
100
AcDbLine
 10
582.10553910523
 20
-1576.095314174038
 30
0
 11
581.5756204345757
 21
-1575.247169642788
 31
0
  0
LINE
  5
F336
330
2
100
AcDbEntity
  8
0-CAD-polyline
 62
     1
100
AcDbLine
 10
662.0618589133305
 20
-1504.735763697788
 30
0
 11
422.0618589133305
 21
-1504.735763697788
 31
0
1001
COPRA_AXIS
1000
ad5a0342-fb78-4e57-84df-efebbac309b3
  0
LINE
  5
F337
330
2
100
AcDbEntity
  8
0-CAD-polyline
 62
     1
100
AcDbLine
 10
422.0618589133305
 20
-1659.735763697788
 30
0
 11
662.0618589133305
 21
-1659.735763697788
 31
0
1001
COPRA_AXIS
1000
a5459191-5ab2-43ee-8595-5769584a59aa
  0
LINE
  5
F338
330
2
100
AcDbEntity
  8
0-CAD-polyline
 62
     5
100
AcDbLine
 10
491.6757810333306
 20
-1529.735817103726
 30
0
 11
491.6757810333306
 21
-1511.735817103726
 31
0
  0
LINE
  5
F339
330
2
100
AcDbEntity
  8
0-CAD-polyline
 62
     5
100
AcDbLine
 10
609.6757810333306
 20
-1529.735817103726
 30
0
 11
609.6757810333306
 21
-1511.735817103726
 31
0
  0
LINE
  5
F33A
330
2
100
AcDbEntity
  8
0-CAD-polyline
 62
     5
100
AcDbLine
 10
490.6757810333306
 20
-1511.735817103726
 30
0
 11
610.6757810333306
 21
-1511.735817103726
 31
0
  0
POLYLINE
  5
F33B
330
2
100
AcDbEntity
  8
0-CAD-polyline
 62
     5
100
AcDb2dPolyline
 66
     1
 10
0
 20
0
 30
0
 40
0
 41
0
  0
VERTEX
  5
F33C
330
F33B
100
AcDbEntity
  8
0-CAD-polyline
 62
     5
100
AcDbVertex
100
AcDb2dVertex
 10
490.6757810333306
 20
-1530.735817103726
 30
0
  0
VERTEX
  5
F33D
330
F33B
100
AcDbEntity
  8
0-CAD-polyline
 62
     5
100
AcDbVertex
100
AcDb2dVertex
 10
491.6757810333306
 20
-1529.735817103726
 30
0
  0
VERTEX
  5
F33E
330
F33B
100
AcDbEntity
  8
0-CAD-polyline
 62
     5
100
AcDbVertex
100
AcDb2dVertex
 10
609.6757810333306
 20
-1529.735817103726
 30
0
  0
VERTEX
  5
F33F
330
F33B
100
AcDbEntity
  8
0-CAD-polyline
 62
     5
100
AcDbVertex
100
AcDb2dVertex
 10
610.6757810333306
 20
-1530.735817103726
 30
0
  0
SEQEND
  5
F340
330
F33B
100
AcDbEntity
  8
0-CAD-polyline
 62
     5
  0
POLYLINE
  5
F341
330
2
100
AcDbEntity
  8
0-CAD-polyline
 62
     5
100
AcDb2dPolyline
 66
     1
 10
0
 20
0
 30
0
 40
0
 41
0
1001
COPRA
1000
2
1001
CrfRollDraw
1000
d36a121c-7e2e-406b-bee9-1f96b508e45a
  0
VERTEX
  5
F342
330
F341
100
AcDbEntity
  8
0-CAD-polyline
 62
     5
100
AcDbVertex
100
AcDb2dVertex
 10
490.6757810333306
 20
-1504.735817103726
 30
0
  0
VERTEX
  5
F343
330
F341
100
AcDbEntity
  8
0-CAD-polyline
 62
     5
100
AcDbVertex
100
AcDb2dVertex
 10
490.6757810333306
 20
-1554.235817103726
 30
0
  0
VERTEX
  5
F344
330
F341
100
AcDbEntity
  8
0-CAD-polyline
 62
     5
100
AcDbVertex
100
AcDb2dVertex
 10
491.6757810333306
 20
-1555.235817103726
 30
0
  0
VERTEX
  5
F345
330
F341
100
AcDbEntity
  8
0-CAD-polyline
 62
     5
100
AcDbVertex
100
AcDb2dVertex
 10
502.4221786133307
 20
-1555.235817103726
 30
0
  0
VERTEX
  5
F346
330
F341
100
AcDbEntity
  8
0-CAD-polyline
 62
     5
100
AcDbVertex
100
AcDb2dVertex
 10
505.8954709233308
 20
-1556.639118543726
 30
0
  0
VERTEX
  5
F347
330
F341
100
AcDbEntity
  8
0-CAD-polyline
 62
     5
100
AcDbVertex
100
AcDb2dVertex
 10
513.9433624933308
 20
-1564.410879073726
 30
0
  0
VERTEX
  5
F348
330
F341
100
AcDbEntity
  8
0-CAD-polyline
 62
     5
100
AcDbVertex
100
AcDb2dVertex
 10
514.2261621533307
 20
-1564.405942793726
 30
0
  0
VERTEX
  5
F349
330
F341
100
AcDbEntity
  8
0-CAD-polyline
 62
     5
100
AcDbVertex
100
AcDb2dVertex
 10
514.7778846233305
 20
-1563.834617343726
 30
0
  0
VERTEX
  5
F34A
330
F341
100
AcDbEntity
  8
0-CAD-polyline
 62
     5
100
AcDbVertex
100
AcDb2dVertex
 10
534.1285483533306
 20
-1582.652312163726
 30
0
  0
VERTEX
  5
F34B
330
F341
100
AcDbEntity
  8
0-CAD-polyline
 62
     5
100
AcDbVertex
100
AcDb2dVertex
 10
535.8118535533308
 20
-1583.335831373726
 30
0
  0
VERTEX
  5
F34C
330
F341
100
AcDbEntity
  8
0-CAD-polyline
 62
     5
100
AcDbVertex
100
AcDb2dVertex
 10
548.3118535133308
 20
-1583.335830533726
 30
0
  0
VERTEX
  5
F34D
330
F341
100
AcDbEntity
  8
0-CAD-polyline
 62
     5
100
AcDbVertex
100
AcDb2dVertex
 10
549.7710047633304
 20
-1582.484878583726
 30
0
  0
VERTEX
  5
F34E
330
F341
100
AcDbEntity
  8
0-CAD-polyline
 62
     5
100
AcDbVertex
100
AcDb2dVertex
 10
556.5976297833308
 20
-1570.418859023726
 30
0
  0
VERTEX
  5
F34F
330
F341
100
AcDbEntity
  8
0-CAD-polyline
 62
     5
100
AcDbVertex
100
AcDb2dVertex
 10
579.7735349133304
 20
-1575.556831833726
 30
0
  0
VERTEX
  5
F350
330
F341
100
AcDbEntity
  8
0-CAD-polyline
 62
     5
100
AcDbVertex
100
AcDb2dVertex
 10
581.6005385933308
 20
-1575.231392803726
 30
0
  0
VERTEX
  5
F351
330
F341
100
AcDbEntity
  8
0-CAD-polyline
 62
     5
100
AcDbVertex
100
AcDb2dVertex
 10
591.6745966433305
 20
-1568.763961823726
 30
0
  0
VERTEX
  5
F352
330
F341
100
AcDbEntity
  8
0-CAD-polyline
 62
     5
100
AcDbVertex
100
AcDb2dVertex
 10
592.1231381533307
 20
-1569.481780243726
 30
0
  0
VERTEX
  5
F353
330
F341
100
AcDbEntity
  8
0-CAD-polyline
 62
     5
100
AcDbVertex
100
AcDb2dVertex
 10
592.3987317833307
 20
-1569.545406193726
 30
0
  0
VERTEX
  5
F354
330
F341
100
AcDbEntity
  8
0-CAD-polyline
 62
     5
100
AcDbVertex
100
AcDb2dVertex
 10
602.0804787133306
 20
-1563.495577053726
 30
0
  0
VERTEX
  5
F355
330
F341
100
AcDbEntity
  8
0-CAD-polyline
 62
     5
100
AcDbVertex
100
AcDb2dVertex
 10
604.7300757233306
 20
-1562.735817103726
 30
0
  0
VERTEX
  5
F356
330
F341
100
AcDbEntity
  8
0-CAD-polyline
 62
     5
100
AcDbVertex
100
AcDb2dVertex
 10
609.6757810333306
 20
-1562.735817103726
 30
0
  0
VERTEX
  5
F357
330
F341
100
AcDbEntity
  8
0-CAD-polyline
 62
     5
100
AcDbVertex
100
AcDb2dVertex
 10
610.6757810333306
 20
-1561.735817103726
 30
0
  0
VERTEX
  5
F358
330
F341
100
AcDbEntity
  8
0-CAD-polyline
 62
     5
100
AcDbVertex
100
AcDb2dVertex
 10
610.6757810333306
 20
-1504.735817103726
 30
0
  0
SEQEND
  5
F359
330
F341
100
AcDbEntity
  8
0-CAD-polyline
 62
     5
  0
LINE
  5
F35A
330
2
100
AcDbEntity
  8
0-CAD-polyline
 62
     5
100
AcDbLine
 10
490.6757810333306
 20
-1534.735817103726
 30
0
 11
491.6757810333306
 21
-1534.735817103726
 31
0
  0
LINE
  5
F35B
330
2
100
AcDbEntity
  8
0-CAD-polyline
 62
     5
100
AcDbLine
 10
491.6757810333306
 20
-1534.735817103726
 30
0
 11
491.6757810333306
 21
-1539.735817103726
 31
0
  0
LINE
  5
F35C
330
2
100
AcDbEntity
  8
0-CAD-polyline
 62
     5
100
AcDbLine
 10
491.6757810333306
 20
-1539.735817103726
 30
0
 11
490.6757810333306
 21
-1539.735817103726
 31
0
  0
LINE
  5
F35D
330
2
100
AcDbEntity
  8
0-CAD-polyline
 62
     5
100
AcDbLine
 10
490.6757810333306
 20
-1530.735817103726
 30
0
 11
491.6757810333306
 21
-1529.735817103726
 31
0
  0
LINE
  5
F35E
330
2
100
AcDbEntity
  8
0-CAD-polyline
 62
     5
100
AcDbLine
 10
610.6757810333306
 20
-1530.735817103726
 30
0
 11
609.6757810333306
 21
-1529.735817103726
 31
0
  0
LINE
  5
F35F
330
2
100
AcDbEntity
  8
0-CAD-polyline
 62
     5
100
AcDbLine
 10
491.6757810333306
 20
-1529.735817103726
 30
0
 11
609.6757810333306
 21
-1529.735817103726
 31
0
  0
LINE
  5
F360
330
2
100
AcDbEntity
  8
0-CAD-polyline
 62
     5
100
AcDbLine
 10
491.6757810333306
 20
-1529.735817103726
 30
0
 11
491.6757810333306
 21
-1511.735817103726
 31
0
  0
LINE
  5
F361
330
2
100
AcDbEntity
  8
0-CAD-polyline
 62
     5
100
AcDbLine
 10
609.6757810333306
 20
-1529.735817103726
 30
0
 11
609.6757810333306
 21
-1511.735817103726
 31
0
  0
LINE
  5
F362
330
2
100
AcDbEntity
  8
0-CAD-polyline
 62
     5
100
AcDbLine
 10
490.6757810333306
 20
-1511.735817103726
 30
0
 11
610.6757810333306
 21
-1511.735817103726
 31
0
  0
TEXT
  5
F363
330
2
100
AcDbEntity
  8
0-CAD-polyline
 62
     5
100
AcDbText
 10
545.1646271871767
 20
-1501.505047872957
 30
0
 40
3.5
  1
*5T1
  7

 72
     1
 11
550.6757810333306
 21
-1502.985817103726
 31
0
100
AcDbText
 73
     1
  0
TEXT
  5
F364
330
2
100
AcDbEntity
  8
0-CAD-polyline
 62
     5
100
AcDbText
 10
544.0541849922496
 20
-1497.749278492947
 30
0
 40
2.449999958276749
  1
10.93 kg
  7

 72
     1
 11
550.6757810333306
 21
-1498.785816936833
 31
0
100
AcDbText
 73
     1
  0
LINE
  5
F365
330
2
100
AcDbEntity
  8
0-CAD-polyline
 62
     1
100
AcDbLine
 10
491.6757810333306
 20
-1634.735817103726
 30
0
 11
491.6757810333306
 21
-1652.735817103726
 31
0
  0
LINE
  5
F366
330
2
100
AcDbEntity
  8
0-CAD-polyline
 62
     1
100
AcDbLine
 10
609.6757810333306
 20
-1634.735817103726
 30
0
 11
609.6757810333306
 21
-1652.735817103726
 31
0
  0
LINE
  5
F367
330
2
100
AcDbEntity
  8
0-CAD-polyline
 62
     1
100
AcDbLine
 10
490.6757810333306
 20
-1652.735817103726
 30
0
 11
610.6757810333306
 21
-1652.735817103726
 31
0
  0
POLYLINE
  5
F368
330
2
100
AcDbEntity
  8
0-CAD-polyline
 62
     1
100
AcDb2dPolyline
 66
     1
 10
0
 20
0
 30
0
 40
0
 41
0
  0
VERTEX
  5
F369
330
F368
100
AcDbEntity
  8
0-CAD-polyline
 62
     1
100
AcDbVertex
100
AcDb2dVertex
 10
490.6757810333306
 20
-1633.735817103726
 30
0
  0
VERTEX
  5
F36A
330
F368
100
AcDbEntity
  8
0-CAD-polyline
 62
     1
100
AcDbVertex
100
AcDb2dVertex
 10
491.6757810333306
 20
-1634.735817103726
 30
0
  0
VERTEX
  5
F36B
330
F368
100
AcDbEntity
  8
0-CAD-polyline
 62
     1
100
AcDbVertex
100
AcDb2dVertex
 10
609.6757810333306
 20
-1634.735817103726
 30
0
  0
VERTEX
  5
F36C
330
F368
100
AcDbEntity
  8
0-CAD-polyline
 62
     1
100
AcDbVertex
100
AcDb2dVertex
 10
610.6757810333306
 20
-1633.735817103726
 30
0
  0
SEQEND
  5
F36D
330
F368
100
AcDbEntity
  8
0-CAD-polyline
 62
     1
  0
POLYLINE
  5
F36E
330
2
100
AcDbEntity
  8
0-CAD-polyline
 62
     1
100
AcDb2dPolyline
 66
     1
 10
0
 20
0
 30
0
 40
0
 41
0
1001
COPRA
1000
3
1001
CrfRollDraw
1000
90bf2441-3e82-4fec-8178-67ea056b9169
  0
VERTEX
  5
F36F
330
F36E
100
AcDbEntity
  8
0-CAD-polyline
 62
     1
100
AcDbVertex
100
AcDb2dVertex
 10
490.6757810333306
 20
-1659.735817103726
 30
0
  0
VERTEX
  5
F370
330
F36E
100
AcDbEntity
  8
0-CAD-polyline
 62
     1
100
AcDbVertex
100
AcDb2dVertex
 10
490.6757810333306
 20
-1558.235817103726
 30
0
  0
VERTEX
  5
F371
330
F36E
100
AcDbEntity
  8
0-CAD-polyline
 62
     1
100
AcDbVertex
100
AcDb2dVertex
 10
491.6757810333306
 20
-1557.235817103726
 30
0
  0
VERTEX
  5
F372
330
F36E
100
AcDbEntity
  8
0-CAD-polyline
 62
     1
100
AcDbVertex
100
AcDb2dVertex
 10
502.3291529033309
 20
-1557.235817063726
 30
0
  0
VERTEX
  5
F373
330
F36E
100
AcDbEntity
  8
0-CAD-polyline
 62
     1
100
AcDbVertex
100
AcDb2dVertex
 10
509.2757359033308
 20
-1560.042418403726
 30
0
  0
VERTEX
  5
F374
330
F36E
100
AcDbEntity
  8
0-CAD-polyline
 62
     1
100
AcDbVertex
100
AcDb2dVertex
 10
534.4323060133306
 20
-1584.335831483726
 30
0
  0
VERTEX
  5
F375
330
F36E
100
AcDbEntity
  8
0-CAD-polyline
 62
     1
100
AcDbVertex
100
AcDb2dVertex
 10
550.1271846833306
 20
-1584.335830413726
 30
0
  0
VERTEX
  5
F376
330
F36E
100
AcDbEntity
  8
0-CAD-polyline
 62
     1
100
AcDbVertex
100
AcDb2dVertex
 10
556.6182688033305
 20
-1572.625603963726
 30
0
  0
VERTEX
  5
F377
330
F36E
100
AcDbEntity
  8
0-CAD-polyline
 62
     1
100
AcDbVertex
100
AcDb2dVertex
 10
558.0669663533308
 20
-1571.965394373726
 30
0
  0
VERTEX
  5
F378
330
F36E
100
AcDbEntity
  8
0-CAD-polyline
 62
     1
100
AcDbVertex
100
AcDb2dVertex
 10
580.9356150133308
 20
-1576.826274093726
 30
0
  0
VERTEX
  5
F379
330
F36E
100
AcDbEntity
  8
0-CAD-polyline
 62
     1
100
AcDbVertex
100
AcDb2dVertex
 10
597.8526495133306
 20
-1566.255336573726
 30
0
  0
VERTEX
  5
F37A
330
F36E
100
AcDbEntity
  8
0-CAD-polyline
 62
     1
100
AcDbVertex
100
AcDb2dVertex
 10
603.1518425033305
 20
-1564.735817303726
 30
0
  0
VERTEX
  5
F37B
330
F36E
100
AcDbEntity
  8
0-CAD-polyline
 62
     1
100
AcDbVertex
100
AcDb2dVertex
 10
609.6757810333306
 20
-1564.735817333726
 30
0
  0
VERTEX
  5
F37C
330
F36E
100
AcDbEntity
  8
0-CAD-polyline
 62
     1
100
AcDbVertex
100
AcDb2dVertex
 10
610.6757810333306
 20
-1565.735817333726
 30
0
  0
VERTEX
  5
F37D
330
F36E
100
AcDbEntity
  8
0-CAD-polyline
 62
     1
100
AcDbVertex
100
AcDb2dVertex
 10
610.6757810333306
 20
-1659.735817103726
 30
0
  0
SEQEND
  5
F37E
330
F36E
100
AcDbEntity
  8
0-CAD-polyline
 62
     1
  0
LINE
  5
F37F
330
2
100
AcDbEntity
  8
0-CAD-polyline
 62
     1
100
AcDbLine
 10
490.6757810333306
 20
-1624.735817103726
 30
0
 11
491.6757810333306
 21
-1624.735817103726
 31
0
  0
LINE
  5
F380
330
2
100
AcDbEntity
  8
0-CAD-polyline
 62
     1
100
AcDbLine
 10
491.6757810333306
 20
-1624.735817103726
 30
0
 11
491.6757810333306
 21
-1614.735817103726
 31
0
  0
LINE
  5
F381
330
2
100
AcDbEntity
  8
0-CAD-polyline
 62
     1
100
AcDbLine
 10
491.6757810333306
 20
-1614.735817103726
 30
0
 11
490.6757810333306
 21
-1614.735817103726
 31
0
  0
LINE
  5
F382
330
2
100
AcDbEntity
  8
0-CAD-polyline
 62
     1
100
AcDbLine
 10
490.6757810333306
 20
-1633.735817103726
 30
0
 11
491.6757810333306
 21
-1634.735817103726
 31
0
  0
LINE
  5
F383
330
2
100
AcDbEntity
  8
0-CAD-polyline
 62
     1
100
AcDbLine
 10
610.6757810333306
 20
-1633.735817103726
 30
0
 11
609.6757810333306
 21
-1634.735817103726
 31
0
  0
LINE
  5
F384
330
2
100
AcDbEntity
  8
0-CAD-polyline
 62
     1
100
AcDbLine
 10
491.6757810333306
 20
-1634.735817103726
 30
0
 11
609.6757810333306
 21
-1634.735817103726
 31
0
  0
LINE
  5
F385
330
2
100
AcDbEntity
  8
0-CAD-polyline
 62
     1
100
AcDbLine
 10
491.6757810333306
 20
-1634.735817103726
 30
0
 11
491.6757810333306
 21
-1652.735817103726
 31
0
  0
LINE
  5
F386
330
2
100
AcDbEntity
  8
0-CAD-polyline
 62
     1
100
AcDbLine
 10
609.6757810333306
 20
-1634.735817103726
 30
0
 11
609.6757810333306
 21
-1652.735817103726
 31
0
  0
LINE
  5
F387
330
2
100
AcDbEntity
  8
0-CAD-polyline
 62
     1
100
AcDbLine
 10
490.6757810333306
 20
-1652.735817103726
 30
0
 11
610.6757810333306
 21
-1652.735817103726
 31
0
  0
TEXT
  5
F388
330
2
100
AcDbEntity
  8
0-CAD-polyline
 62
     1
100
AcDbText
 10
545.008473341023
 20
-1664.985817103726
 30
0
 40
3.5
  1
*5B1
  7

 72
     1
 11
550.6757810333306
 21
-1661.485817103726
 31
0
100
AcDbText
 73
     3
  0
TEXT
  5
F389
330
2
100
AcDbEntity
  8
0-CAD-polyline
 62
     1
100
AcDbText
 10
544.0541849922496
 20
-1668.135817228896
 30
0
 40
2.449999958276749
  1
21.36 kg
  7

 72
     1
 11
550.6757810333306
 21
-1665.685817270619
 31
0
100
AcDbText
 73
     3
  0
LINE
  5
F38A
330
2
100
AcDbEntity
  8
0-CAD-polyline
 62
     1
100
AcDbLine
 10
506.6865613678033
 20
-1583.835792689663
 30
0
 11
600.6877134063775
 21
-1583.835792689663
 31
0
  0
TEXT
  5
F38B
330
2
100
AcDbEntity
  8
0-CAD-polyline
100
AcDbText
 10
486.6865613678033
 20
-1582.835792689663
 30
0
 40
10
  1
 5
  7

 11
0
 21
0
 31
0
100
AcDbText
  0
POLYLINE
  5
F38C
330
2
100
AcDbEntity
  8
0-CAD-polyline
 62
     5
100
AcDb2dPolyline
 66
     1
 10
0
 20
0
 30
0
 40
0
 41
0
  0
VERTEX
  5
F38D
330
F38C
100
AcDbEntity
  8
0-CAD-polyline
 62
     5
100
AcDbVertex
100
AcDb2dVertex
 10
517.9318502166802
 20
-1861.057228236538
 30
0
  0
VERTEX
  5
F38E
330
F38C
100
AcDbEntity
  8
0-CAD-polyline
 62
     5
100
AcDbVertex
100
AcDb2dVertex
 10
517.1353185394341
 20
-1861.661720424038
 30
0
  0
VERTEX
  5
F38F
330
F38C
100
AcDbEntity
  8
0-CAD-polyline
 62
     5
100
AcDbVertex
100
AcDb2dVertex
 10
533.4594991424615
 20
-1883.168068080288
 30
0
  0
VERTEX
  5
F390
330
F38C
100
AcDbEntity
  8
0-CAD-polyline
 62
     5
100
AcDbVertex
100
AcDb2dVertex
 10
535.8118512847955
 20
-1884.335792689663
 30
0
  0
VERTEX
  5
F391
330
F38C
100
AcDbEntity
  8
0-CAD-polyline
 62
     5
100
AcDbVertex
100
AcDb2dVertex
 10
542.06185891419
 20
-1884.335792689663
 30
0
  0
VERTEX
  5
F392
330
F38C
100
AcDbEntity
  8
0-CAD-polyline
 62
     5
100
AcDbVertex
100
AcDb2dVertex
 10
548.3118512847955
 20
-1884.335792689663
 30
0
  0
VERTEX
  5
F393
330
F38C
100
AcDbEntity
  8
0-CAD-polyline
 62
     5
100
AcDbVertex
100
AcDb2dVertex
 10
550.6297683411772
 20
-1882.997535853726
 30
0
  0
VERTEX
  5
F394
330
F38C
100
AcDbEntity
  8
0-CAD-polyline
 62
     5
100
AcDbVertex
100
AcDb2dVertex
 10
556.6297681549127
 20
-1872.605201869351
 30
0
  0
VERTEX
  5
F395
330
F38C
100
AcDbEntity
  8
0-CAD-polyline
 62
     5
100
AcDbVertex
100
AcDb2dVertex
 10
558.0341642120416
 20
-1872.121681361538
 30
0
  0
VERTEX
  5
F396
330
F38C
100
AcDbEntity
  8
0-CAD-polyline
 62
     5
100
AcDbVertex
100
AcDb2dVertex
 10
578.4322087982232
 20
-1880.363014369351
 30
0
  0
VERTEX
  5
F397
330
F38C
100
AcDbEntity
  8
0-CAD-polyline
 62
     5
100
AcDbVertex
100
AcDb2dVertex
 10
581.0968187072808
 20
-1879.844947963101
 30
0
  0
VERTEX
  5
F398
330
F38C
100
AcDbEntity
  8
0-CAD-polyline
 62
     5
100
AcDbVertex
100
AcDb2dVertex
 10
589.7288930633599
 20
-1871.509010463101
 30
0
  0
VERTEX
  5
F399
330
F38C
100
AcDbEntity
  8
0-CAD-polyline
 62
     5
100
AcDbVertex
100
AcDb2dVertex
 10
589.0342366912896
 20
-1870.789772181851
 30
0
  0
VERTEX
  5
F39A
330
F38C
100
AcDbEntity
  8
0-CAD-polyline
 62
     5
100
AcDbVertex
100
AcDb2dVertex
 10
580.4021585205132
 20
-1879.125709681851
 30
0
  0
VERTEX
  5
F39B
330
F38C
100
AcDbEntity
  8
0-CAD-polyline
 62
     5
100
AcDbVertex
100
AcDb2dVertex
 10
578.8068158844048
 20
-1879.435768275601
 30
0
  0
VERTEX
  5
F39C
330
F38C
100
AcDbEntity
  8
0-CAD-polyline
 62
     5
100
AcDbVertex
100
AcDb2dVertex
 10
558.4087703445489
 20
-1871.194435267788
 30
0
  0
VERTEX
  5
F39D
330
F38C
100
AcDbEntity
  8
0-CAD-polyline
 62
     5
100
AcDbVertex
100
AcDb2dVertex
 10
555.7637431839044
 20
-1872.105201869351
 30
0
  0
VERTEX
  5
F39E
330
F38C
100
AcDbEntity
  8
0-CAD-polyline
 62
     5
100
AcDbVertex
100
AcDb2dVertex
 10
549.7637429454858
 20
-1882.497535853726
 30
0
  0
VERTEX
  5
F39F
330
F38C
100
AcDbEntity
  8
0-CAD-polyline
 62
     5
100
AcDbVertex
100
AcDb2dVertex
 10
548.3118512847955
 20
-1883.335792689663
 30
0
  0
VERTEX
  5
F3A0
330
F38C
100
AcDbEntity
  8
0-CAD-polyline
 62
     5
100
AcDbVertex
100
AcDb2dVertex
 10
542.06185891419
 20
-1883.335792689663
 30
0
  0
VERTEX
  5
F3A1
330
F38C
100
AcDbEntity
  8
0-CAD-polyline
 62
     5
100
AcDbVertex
100
AcDb2dVertex
 10
535.8118512847955
 20
-1883.335792689663
 30
0
  0
VERTEX
  5
F3A2
330
F38C
100
AcDbEntity
  8
0-CAD-polyline
 62
     5
100
AcDbVertex
100
AcDb2dVertex
 10
534.2560308197076
 20
-1882.563575892788
 30
0
  0
VERTEX
  5
F3A3
330
F38C
100
AcDbEntity
  8
0-CAD-polyline
 62
     5
100
AcDbVertex
100
AcDb2dVertex
 10
517.9318502166802
 20
-1861.057228236538
 30
0
  0
SEQEND
  5
F3A4
330
F38C
100
AcDbEntity
  8
0-CAD-polyline
  0
LINE
  5
F3A5
330
2
100
AcDbEntity
  8
0-CAD-polyline
 62
     5
100
AcDbLine
 10
533.4594991424615
 20
-1883.168068080288
 30
0
 11
534.2560308197076
 21
-1882.563575892788
 31
0
  0
LINE
  5
F3A6
330
2
100
AcDbEntity
  8
0-CAD-polyline
 62
     5
100
AcDbLine
 10
535.8118512847955
 20
-1884.335792689663
 30
0
 11
535.8118512847955
 21
-1883.335792689663
 31
0
  0
LINE
  5
F3A7
330
2
100
AcDbEntity
  8
0-CAD-polyline
 62
     5
100
AcDbLine
 10
542.06185891419
 20
-1884.335792689663
 30
0
 11
542.06185891419
 21
-1883.335792689663
 31
0
  0
LINE
  5
F3A8
330
2
100
AcDbEntity
  8
0-CAD-polyline
 62
     5
100
AcDbLine
 10
548.3118512847955
 20
-1884.335792689663
 30
0
 11
548.3118512847955
 21
-1883.335792689663
 31
0
  0
LINE
  5
F3A9
330
2
100
AcDbEntity
  8
0-CAD-polyline
 62
     5
100
AcDbLine
 10
550.6297683411772
 20
-1882.997535853726
 30
0
 11
549.7637429454858
 21
-1882.497535853726
 31
0
  0
LINE
  5
F3AA
330
2
100
AcDbEntity
  8
0-CAD-polyline
 62
     5
100
AcDbLine
 10
556.6297681549127
 20
-1872.605201869351
 30
0
 11
555.7637431839044
 21
-1872.105201869351
 31
0
  0
LINE
  5
F3AB
330
2
100
AcDbEntity
  8
0-CAD-polyline
 62
     5
100
AcDbLine
 10
558.0341642120416
 20
-1872.121681361538
 30
0
 11
558.4087703445489
 21
-1871.194435267788
 31
0
  0
LINE
  5
F3AC
330
2
100
AcDbEntity
  8
0-CAD-polyline
 62
     5
100
AcDbLine
 10
578.4322087982232
 20
-1880.363014369351
 30
0
 11
578.8068158844048
 21
-1879.435768275601
 31
0
  0
LINE
  5
F3AD
330
2
100
AcDbEntity
  8
0-CAD-polyline
 62
     5
100
AcDbLine
 10
581.0968187072808
 20
-1879.844947963101
 30
0
 11
580.4021585205132
 21
-1879.125709681851
 31
0
  0
LINE
  5
F3AE
330
2
100
AcDbEntity
  8
0-CAD-polyline
 62
     1
100
AcDbLine
 10
662.0618589133305
 20
-1804.835777427788
 30
0
 11
422.0618589133305
 21
-1804.835777427788
 31
0
1001
COPRA_AXIS
1000
43fa6cd1-0a4e-420b-b67f-fb508b060dbd
  0
LINE
  5
F3AF
330
2
100
AcDbEntity
  8
0-CAD-polyline
 62
     1
100
AcDbLine
 10
422.0618589133305
 20
-1959.835777427788
 30
0
 11
662.0618589133305
 21
-1959.835777427788
 31
0
1001
COPRA_AXIS
1000
527e7b22-a224-4c38-b5c3-894b9022ee16
  0
LINE
  5
F3B0
330
2
100
AcDbEntity
  8
0-CAD-polyline
 62
     5
100
AcDbLine
 10
491.6757810333306
 20
-1829.835792689663
 30
0
 11
491.6757810333306
 21
-1811.835792689663
 31
0
  0
LINE
  5
F3B1
330
2
100
AcDbEntity
  8
0-CAD-polyline
 62
     5
100
AcDbLine
 10
609.6757810333306
 20
-1829.835792689663
 30
0
 11
609.6757810333306
 21
-1811.835792689663
 31
0
  0
LINE
  5
F3B2
330
2
100
AcDbEntity
  8
0-CAD-polyline
 62
     5
100
AcDbLine
 10
490.6757810333306
 20
-1811.835792689663
 30
0
 11
610.6757810333306
 21
-1811.835792689663
 31
0
  0
POLYLINE
  5
F3B3
330
2
100
AcDbEntity
  8
0-CAD-polyline
 62
     5
100
AcDb2dPolyline
 66
     1
 10
0
 20
0
 30
0
 40
0
 41
0
  0
VERTEX
  5
F3B4
330
F3B3
100
AcDbEntity
  8
0-CAD-polyline
 62
     5
100
AcDbVertex
100
AcDb2dVertex
 10
490.6757810333306
 20
-1830.835792689663
 30
0
  0
VERTEX
  5
F3B5
330
F3B3
100
AcDbEntity
  8
0-CAD-polyline
 62
     5
100
AcDbVertex
100
AcDb2dVertex
 10
491.6757810333306
 20
-1829.835792689663
 30
0
  0
VERTEX
  5
F3B6
330
F3B3
100
AcDbEntity
  8
0-CAD-polyline
 62
     5
100
AcDbVertex
100
AcDb2dVertex
 10
609.6757810333306
 20
-1829.835792689663
 30
0
  0
VERTEX
  5
F3B7
330
F3B3
100
AcDbEntity
  8
0-CAD-polyline
 62
     5
100
AcDbVertex
100
AcDb2dVertex
 10
610.6757810333306
 20
-1830.835792689663
 30
0
  0
SEQEND
  5
F3B8
330
F3B3
100
AcDbEntity
  8
0-CAD-polyline
 62
     5
  0
POLYLINE
  5
F3B9
330
2
100
AcDbEntity
  8
0-CAD-polyline
 62
     5
100
AcDb2dPolyline
 66
     1
 10
0
 20
0
 30
0
 40
0
 41
0
1001
COPRA
1000
2
1001
CrfRollDraw
1000
c563079f-729c-4203-bf05-ebb26c3a97e2
  0
VERTEX
  5
F3BA
330
F3B9
100
AcDbEntity
  8
0-CAD-polyline
 62
     5
100
AcDbVertex
100
AcDb2dVertex
 10
490.6757810333306
 20
-1804.835792689663
 30
0
  0
VERTEX
  5
F3BB
330
F3B9
100
AcDbEntity
  8
0-CAD-polyline
 62
     5
100
AcDbVertex
100
AcDb2dVertex
 10
490.6757810333306
 20
-1846.835792689663
 30
0
  0
VERTEX
  5
F3BC
330
F3B9
100
AcDbEntity
  8
0-CAD-polyline
 62
     5
100
AcDbVertex
100
AcDb2dVertex
 10
491.6757810333306
 20
-1847.835792689663
 30
0
  0
VERTEX
  5
F3BD
330
F3B9
100
AcDbEntity
  8
0-CAD-polyline
 62
     5
100
AcDbVertex
100
AcDb2dVertex
 10
504.2843506933305
 20
-1847.835792689663
 30
0
  0
VERTEX
  5
F3BE
330
F3B9
100
AcDbEntity
  8
0-CAD-polyline
 62
     5
100
AcDbVertex
100
AcDb2dVertex
 10
508.2670004933307
 20
-1849.812797389663
 30
0
  0
VERTEX
  5
F3BF
330
F3B9
100
AcDbEntity
  8
0-CAD-polyline
 62
     5
100
AcDbVertex
100
AcDb2dVertex
 10
517.0940495933305
 20
-1861.442006789663
 30
0
  0
VERTEX
  5
F3C0
330
F3B9
100
AcDbEntity
  8
0-CAD-polyline
 62
     5
100
AcDbVertex
100
AcDb2dVertex
 10
517.3742754233308
 20
-1861.480392949663
 30
0
  0
VERTEX
  5
F3C1
330
F3B9
100
AcDbEntity
  8
0-CAD-polyline
 62
     5
100
AcDbVertex
100
AcDb2dVertex
 10
518.0256752233304
 20
-1860.985953489663
 30
0
  0
VERTEX
  5
F3C2
330
F3B9
100
AcDbEntity
  8
0-CAD-polyline
 62
     5
100
AcDbVertex
100
AcDb2dVertex
 10
534.2508906433304
 20
-1882.556676849663
 30
0
  0
VERTEX
  5
F3C3
330
F3B9
100
AcDbEntity
  8
0-CAD-polyline
 62
     5
100
AcDbVertex
100
AcDb2dVertex
 10
535.8118506733308
 20
-1883.335793249663
 30
0
  0
VERTEX
  5
F3C4
330
F3B9
100
AcDbEntity
  8
0-CAD-polyline
 62
     5
100
AcDbVertex
100
AcDb2dVertex
 10
548.3118506833307
 20
-1883.335792389663
 30
0
  0
VERTEX
  5
F3C5
330
F3B9
100
AcDbEntity
  8
0-CAD-polyline
 62
     5
100
AcDbVertex
100
AcDb2dVertex
 10
549.7781505533308
 20
-1882.472075669663
 30
0
  0
VERTEX
  5
F3C6
330
F3B9
100
AcDbEntity
  8
0-CAD-polyline
 62
     5
100
AcDbVertex
100
AcDb2dVertex
 10
556.5673656033305
 20
-1870.224006799663
 30
0
  0
VERTEX
  5
F3C7
330
F3B9
100
AcDbEntity
  8
0-CAD-polyline
 62
     5
100
AcDbVertex
100
AcDb2dVertex
 10
578.7947639633308
 20
-1879.430894859663
 30
0
  0
VERTEX
  5
F3C8
330
F3B9
100
AcDbEntity
  8
0-CAD-polyline
 62
     5
100
AcDbVertex
100
AcDb2dVertex
 10
580.4207309533308
 20
-1879.107469829663
 30
0
  0
VERTEX
  5
F3C9
330
F3B9
100
AcDbEntity
  8
0-CAD-polyline
 62
     5
100
AcDbVertex
100
AcDb2dVertex
 10
588.8888894033307
 20
-1870.639310799663
 30
0
  0
VERTEX
  5
F3CA
330
F3B9
100
AcDbEntity
  8
0-CAD-polyline
 62
     5
100
AcDbVertex
100
AcDb2dVertex
 10
589.5204957233304
 20
-1871.293357639663
 30
0
  0
VERTEX
  5
F3CB
330
F3B9
100
AcDbEntity
  8
0-CAD-polyline
 62
     5
100
AcDbVertex
100
AcDb2dVertex
 10
589.8032953233305
 20
-1871.298293829663
 30
0
  0
VERTEX
  5
F3CC
330
F3B9
100
AcDbEntity
  8
0-CAD-polyline
 62
     5
100
AcDbVertex
100
AcDb2dVertex
 10
599.7021316833307
 20
-1861.739094999663
 30
0
  0
VERTEX
  5
F3CD
330
F3B9
100
AcDbEntity
  8
0-CAD-polyline
 62
     5
100
AcDbVertex
100
AcDb2dVertex
 10
603.1754236533307
 20
-1860.335793329663
 30
0
  0
VERTEX
  5
F3CE
330
F3B9
100
AcDbEntity
  8
0-CAD-polyline
 62
     5
100
AcDbVertex
100
AcDb2dVertex
 10
609.6757792333306
 20
-1860.335792589663
 30
0
  0
VERTEX
  5
F3CF
330
F3B9
100
AcDbEntity
  8
0-CAD-polyline
 62
     5
100
AcDbVertex
100
AcDb2dVertex
 10
610.6757792333306
 20
-1859.335792589663
 30
0
  0
VERTEX
  5
F3D0
330
F3B9
100
AcDbEntity
  8
0-CAD-polyline
 62
     5
100
AcDbVertex
100
AcDb2dVertex
 10
610.6757792333306
 20
-1804.835792689663
 30
0
  0
SEQEND
  5
F3D1
330
F3B9
100
AcDbEntity
  8
0-CAD-polyline
 62
     5
  0
LINE
  5
F3D2
330
2
100
AcDbEntity
  8
0-CAD-polyline
 62
     5
100
AcDbLine
 10
490.6757810333306
 20
-1834.835792689663
 30
0
 11
491.6757810333306
 21
-1834.835792689663
 31
0
  0
LINE
  5
F3D3
330
2
100
AcDbEntity
  8
0-CAD-polyline
 62
     5
100
AcDbLine
 10
491.6757810333306
 20
-1834.835792689663
 30
0
 11
491.6757810333306
 21
-1839.835792689663
 31
0
  0
LINE
  5
F3D4
330
2
100
AcDbEntity
  8
0-CAD-polyline
 62
     5
100
AcDbLine
 10
491.6757810333306
 20
-1839.835792689663
 30
0
 11
490.6757810333306
 21
-1839.835792689663
 31
0
  0
LINE
  5
F3D5
330
2
100
AcDbEntity
  8
0-CAD-polyline
 62
     5
100
AcDbLine
 10
490.6757810333306
 20
-1830.835792689663
 30
0
 11
491.6757810333306
 21
-1829.835792689663
 31
0
  0
LINE
  5
F3D6
330
2
100
AcDbEntity
  8
0-CAD-polyline
 62
     5
100
AcDbLine
 10
610.6757810333306
 20
-1830.835792689663
 30
0
 11
609.6757810333306
 21
-1829.835792689663
 31
0
  0
LINE
  5
F3D7
330
2
100
AcDbEntity
  8
0-CAD-polyline
 62
     5
100
AcDbLine
 10
491.6757810333306
 20
-1829.835792689663
 30
0
 11
609.6757810333306
 21
-1829.835792689663
 31
0
  0
LINE
  5
F3D8
330
2
100
AcDbEntity
  8
0-CAD-polyline
 62
     5
100
AcDbLine
 10
491.6757810333306
 20
-1829.835792689663
 30
0
 11
491.6757810333306
 21
-1811.835792689663
 31
0
  0
LINE
  5
F3D9
330
2
100
AcDbEntity
  8
0-CAD-polyline
 62
     5
100
AcDbLine
 10
609.6757810333306
 20
-1829.835792689663
 30
0
 11
609.6757810333306
 21
-1811.835792689663
 31
0
  0
LINE
  5
F3DA
330
2
100
AcDbEntity
  8
0-CAD-polyline
 62
     5
100
AcDbLine
 10
490.6757810333306
 20
-1811.835792689663
 30
0
 11
610.6757810333306
 21
-1811.835792689663
 31
0
  0
TEXT
  5
F3DB
330
2
100
AcDbEntity
  8
0-CAD-polyline
 62
     5
100
AcDbText
 10
545.1646271871767
 20
-1801.605023458894
 30
0
 40
3.5
  1
*6T1
  7

 72
     1
 11
550.6757810333306
 21
-1803.085792689663
 31
0
100
AcDbText
 73
     1
  0
TEXT
  5
F3DC
330
2
100
AcDbEntity
  8
0-CAD-polyline
 62
     5
100
AcDbText
 10
544.0541849922496
 20
-1797.849254078884
 30
0
 40
2.449999958276749
  1
10.33 kg
  7

 72
     1
 11
550.6757810333306
 21
-1798.88579252277
 31
0
100
AcDbText
 73
     1
  0
LINE
  5
F3DD
330
2
100
AcDbEntity
  8
0-CAD-polyline
 62
     1
100
AcDbLine
 10
491.6757810333306
 20
-1934.835792689663
 30
0
 11
491.6757810333306
 21
-1952.835792689663
 31
0
  0
LINE
  5
F3DE
330
2
100
AcDbEntity
  8
0-CAD-polyline
 62
     1
100
AcDbLine
 10
609.6757810333306
 20
-1934.835792689663
 30
0
 11
609.6757810333306
 21
-1952.835792689663
 31
0
  0
LINE
  5
F3DF
330
2
100
AcDbEntity
  8
0-CAD-polyline
 62
     1
100
AcDbLine
 10
490.6757810333306
 20
-1952.835792689663
 30
0
 11
610.6757810333306
 21
-1952.835792689663
 31
0
  0
POLYLINE
  5
F3E0
330
2
100
AcDbEntity
  8
0-CAD-polyline
 62
     1
100
AcDb2dPolyline
 66
     1
 10
0
 20
0
 30
0
 40
0
 41
0
  0
VERTEX
  5
F3E1
330
F3E0
100
AcDbEntity
  8
0-CAD-polyline
 62
     1
100
AcDbVertex
100
AcDb2dVertex
 10
490.6757810333306
 20
-1933.835792689663
 30
0
  0
VERTEX
  5
F3E2
330
F3E0
100
AcDbEntity
  8
0-CAD-polyline
 62
     1
100
AcDbVertex
100
AcDb2dVertex
 10
491.6757810333306
 20
-1934.835792689663
 30
0
  0
VERTEX
  5
F3E3
330
F3E0
100
AcDbEntity
  8
0-CAD-polyline
 62
     1
100
AcDbVertex
100
AcDb2dVertex
 10
609.6757810333306
 20
-1934.835792689663
 30
0
  0
VERTEX
  5
F3E4
330
F3E0
100
AcDbEntity
  8
0-CAD-polyline
 62
     1
100
AcDbVertex
100
AcDb2dVertex
 10
610.6757810333306
 20
-1933.835792689663
 30
0
  0
SEQEND
  5
F3E5
330
F3E0
100
AcDbEntity
  8
0-CAD-polyline
 62
     1
  0
POLYLINE
  5
F3E6
330
2
100
AcDbEntity
  8
0-CAD-polyline
 62
     1
100
AcDb2dPolyline
 66
     1
 10
0
 20
0
 30
0
 40
0
 41
0
1001
COPRA
1000
3
1001
CrfRollDraw
1000
ae4e45e4-1a6f-4032-b46d-e9e68e5d85c2
  0
VERTEX
  5
F3E7
330
F3E6
100
AcDbEntity
  8
0-CAD-polyline
 62
     1
100
AcDbVertex
100
AcDb2dVertex
 10
490.6757810333306
 20
-1959.835792689663
 30
0
  0
VERTEX
  5
F3E8
330
F3E6
100
AcDbEntity
  8
0-CAD-polyline
 62
     1
100
AcDbVertex
100
AcDb2dVertex
 10
490.6757810333306
 20
-1850.835792689663
 30
0
  0
VERTEX
  5
F3E9
330
F3E6
100
AcDbEntity
  8
0-CAD-polyline
 62
     1
100
AcDbVertex
100
AcDb2dVertex
 10
491.6757810333306
 20
-1849.835792689663
 30
0
  0
VERTEX
  5
F3EA
330
F3E6
100
AcDbEntity
  8
0-CAD-polyline
 62
     1
100
AcDbVertex
100
AcDb2dVertex
 10
503.1948674433306
 20
-1849.835792669663
 30
0
  0
VERTEX
  5
F3EB
330
F3E6
100
AcDbEntity
  8
0-CAD-polyline
 62
     1
100
AcDbVertex
100
AcDb2dVertex
 10
511.1601660233305
 20
-1853.789800749663
 30
0
  0
VERTEX
  5
F3EC
330
F3E6
100
AcDbEntity
  8
0-CAD-polyline
 62
     1
100
AcDbVertex
100
AcDb2dVertex
 10
534.3458408233305
 20
-1884.335793339663
 30
0
  0
VERTEX
  5
F3ED
330
F3E6
100
AcDbEntity
  8
0-CAD-polyline
 62
     1
100
AcDbVertex
100
AcDb2dVertex
 10
550.1272138933305
 20
-1884.335792269663
 30
0
  0
VERTEX
  5
F3EE
330
F3E6
100
AcDbEntity
  8
0-CAD-polyline
 62
     1
100
AcDbVertex
100
AcDb2dVertex
 10
556.6200346733308
 20
-1872.622432839663
 30
0
  0
VERTEX
  5
F3EF
330
F3E6
100
AcDbEntity
  8
0-CAD-polyline
 62
     1
100
AcDbVertex
100
AcDb2dVertex
 10
558.0433017733308
 20
-1872.125405639663
 30
0
  0
VERTEX
  5
F3F0
330
F3E6
100
AcDbEntity
  8
0-CAD-polyline
 62
     1
100
AcDbVertex
100
AcDb2dVertex
 10
579.7710524033305
 20
-1881.125332899663
 30
0
  0
VERTEX
  5
F3F1
330
F3E6
100
AcDbEntity
  8
0-CAD-polyline
 62
     1
100
AcDbVertex
100
AcDb2dVertex
 10
596.3218677833306
 20
-1865.142395109663
 30
0
  0
VERTEX
  5
F3F2
330
F3E6
100
AcDbEntity
  8
0-CAD-polyline
 62
     1
100
AcDbVertex
100
AcDb2dVertex
 10
603.2684517333305
 20
-1862.335792879663
 30
0
  0
VERTEX
  5
F3F3
330
F3E6
100
AcDbEntity
  8
0-CAD-polyline
 62
     1
100
AcDbVertex
100
AcDb2dVertex
 10
609.6757810333306
 20
-1862.335792889663
 30
0
  0
VERTEX
  5
F3F4
330
F3E6
100
AcDbEntity
  8
0-CAD-polyline
 62
     1
100
AcDbVertex
100
AcDb2dVertex
 10
610.6757810333306
 20
-1863.335792889663
 30
0
  0
VERTEX
  5
F3F5
330
F3E6
100
AcDbEntity
  8
0-CAD-polyline
 62
     1
100
AcDbVertex
100
AcDb2dVertex
 10
610.6757810333306
 20
-1959.835792689663
 30
0
  0
SEQEND
  5
F3F6
330
F3E6
100
AcDbEntity
  8
0-CAD-polyline
 62
     1
  0
LINE
  5
F3F7
330
2
100
AcDbEntity
  8
0-CAD-polyline
 62
     1
100
AcDbLine
 10
490.6757810333306
 20
-1924.835792689663
 30
0
 11
491.6757810333306
 21
-1924.835792689663
 31
0
  0
LINE
  5
F3F8
330
2
100
AcDbEntity
  8
0-CAD-polyline
 62
     1
100
AcDbLine
 10
491.6757810333306
 20
-1924.835792689663
 30
0
 11
491.6757810333306
 21
-1914.835792689663
 31
0
  0
LINE
  5
F3F9
330
2
100
AcDbEntity
  8
0-CAD-polyline
 62
     1
100
AcDbLine
 10
491.6757810333306
 20
-1914.835792689663
 30
0
 11
490.6757810333306
 21
-1914.835792689663
 31
0
  0
LINE
  5
F3FA
330
2
100
AcDbEntity
  8
0-CAD-polyline
 62
     1
100
AcDbLine
 10
490.6757810333306
 20
-1933.835792689663
 30
0
 11
491.6757810333306
 21
-1934.835792689663
 31
0
  0
LINE
  5
F3FB
330
2
100
AcDbEntity
  8
0-CAD-polyline
 62
     1
100
AcDbLine
 10
610.6757810333306
 20
-1933.835792689663
 30
0
 11
609.6757810333306
 21
-1934.835792689663
 31
0
  0
LINE
  5
F3FC
330
2
100
AcDbEntity
  8
0-CAD-polyline
 62
     1
100
AcDbLine
 10
491.6757810333306
 20
-1934.835792689663
 30
0
 11
609.6757810333306
 21
-1934.835792689663
 31
0
  0
LINE
  5
F3FD
330
2
100
AcDbEntity
  8
0-CAD-polyline
 62
     1
100
AcDbLine
 10
491.6757810333306
 20
-1934.835792689663
 30
0
 11
491.6757810333306
 21
-1952.835792689663
 31
0
  0
LINE
  5
F3FE
330
2
100
AcDbEntity
  8
0-CAD-polyline
 62
     1
100
AcDbLine
 10
609.6757810333306
 20
-1934.835792689663
 30
0
 11
609.6757810333306
 21
-1952.835792689663
 31
0
  0
LINE
  5
F3FF
330
2
100
AcDbEntity
  8
0-CAD-polyline
 62
     1
100
AcDbLine
 10
490.6757810333306
 20
-1952.835792689663
 30
0
 11
610.6757810333306
 21
-1952.835792689663
 31
0
  0
TEXT
  5
F400
330
2
100
AcDbEntity
  8
0-CAD-polyline
 62
     1
100
AcDbText
 10
545.008473341023
 20
-1965.085792689663
 30
0
 40
3.5
  1
*6B1
  7

 72
     1
 11
550.6757810333306
 21
-1961.585792689663
 31
0
100
AcDbText
 73
     3
  0
TEXT
  5
F401
330
2
100
AcDbEntity
  8
0-CAD-polyline
 62
     1
100
AcDbText
 10
544.0541849922496
 20
-1968.235792814833
 30
0
 40
2.449999958276749
  1
22.55 kg
  7

 72
     1
 11
550.6757810333306
 21
-1965.785792856556
 31
0
100
AcDbText
 73
     3
  0
LINE
  5
F402
330
2
100
AcDbEntity
  8
0-CAD-polyline
 62
     1
100
AcDbLine
 10
506.6865613678033
 20
-1883.835792689663
 30
0
 11
600.6877134063775
 21
-1883.835792689663
 31
0
  0
TEXT
  5
F403
330
2
100
AcDbEntity
  8
0-CAD-polyline
100
AcDbText
 10
486.6865613678033
 20
-1882.835792689663
 30
0
 40
10
  1
 6
  7

 11
0
 21
0
 31
0
100
AcDbText
  0
POLYLINE
  5
F404
330
2
100
AcDbEntity
  8
0-CAD-polyline
 62
     5
100
AcDb2dPolyline
 66
     1
 10
0
 20
0
 30
0
 40
0
 41
0
  0
VERTEX
  5
F405
330
F404
100
AcDbEntity
  8
0-CAD-polyline
 62
     5
100
AcDbVertex
100
AcDb2dVertex
 10
521.5416333892877
 20
-2158.733741908413
 30
0
  0
VERTEX
  5
F406
330
F404
100
AcDbEntity
  8
0-CAD-polyline
 62
     5
100
AcDbVertex
100
AcDb2dVertex
 10
520.6619832733209
 20
-2159.209327845913
 30
0
  0
VERTEX
  5
F407
330
F404
100
AcDbEntity
  8
0-CAD-polyline
 62
     5
100
AcDbVertex
100
AcDb2dVertex
 10
533.503846905523
 20
-2182.959816127163
 30
0
  0
VERTEX
  5
F408
330
F404
100
AcDbEntity
  8
0-CAD-polyline
 62
     5
100
AcDbVertex
100
AcDb2dVertex
 10
535.8118579605157
 20
-2184.335792689663
 30
0
  0
VERTEX
  5
F409
330
F404
100
AcDbEntity
  8
0-CAD-polyline
 62
     5
100
AcDbVertex
100
AcDb2dVertex
 10
542.0618655899102
 20
-2184.335792689663
 30
0
  0
VERTEX
  5
F40A
330
F404
100
AcDbEntity
  8
0-CAD-polyline
 62
     5
100
AcDbVertex
100
AcDb2dVertex
 10
548.3118581989343
 20
-2184.335792689663
 30
0
  0
VERTEX
  5
F40B
330
F404
100
AcDbEntity
  8
0-CAD-polyline
 62
     5
100
AcDbVertex
100
AcDb2dVertex
 10
550.6297745847637
 20
-2182.997657924038
 30
0
  0
VERTEX
  5
F40C
330
F404
100
AcDbEntity
  8
0-CAD-polyline
 62
     5
100
AcDbVertex
100
AcDb2dVertex
 10
556.629769108587
 20
-2172.605323939663
 30
0
  0
VERTEX
  5
F40D
330
F404
100
AcDbEntity
  8
0-CAD-polyline
 62
     5
100
AcDbVertex
100
AcDb2dVertex
 10
557.9957940795953
 20
-2172.239357142788
 30
0
  0
VERTEX
  5
F40E
330
F404
100
AcDbEntity
  8
0-CAD-polyline
 62
     5
100
AcDbVertex
100
AcDb2dVertex
 10
577.048358700567
 20
-2183.239357142788
 30
0
  0
VERTEX
  5
F40F
330
F404
100
AcDbEntity
  8
0-CAD-polyline
 62
     5
100
AcDbVertex
100
AcDb2dVertex
 10
579.785907528692
 20
-2182.556739955288
 30
0
  0
VERTEX
  5
F410
330
F404
100
AcDbEntity
  8
0-CAD-polyline
 62
     5
100
AcDbVertex
100
AcDb2dVertex
 10
586.1449315765435
 20
-2172.380226283413
 30
0
  0
VERTEX
  5
F411
330
F404
100
AcDbEntity
  8
0-CAD-polyline
 62
     5
100
AcDbVertex
100
AcDb2dVertex
 10
585.2968862274224
 20
-2171.850441127163
 30
0
  0
VERTEX
  5
F412
330
F404
100
AcDbEntity
  8
0-CAD-polyline
 62
     5
100
AcDbVertex
100
AcDb2dVertex
 10
578.9378583648736
 20
-2182.026954799038
 30
0
  0
VERTEX
  5
F413
330
F404
100
AcDbEntity
  8
0-CAD-polyline
 62
     5
100
AcDbVertex
100
AcDb2dVertex
 10
577.548358700567
 20
-2182.373146205288
 30
0
  0
VERTEX
  5
F414
330
F404
100
AcDbEntity
  8
0-CAD-polyline
 62
     5
100
AcDbVertex
100
AcDb2dVertex
 10
558.4957940795953
 20
-2171.373146205288
 30
0
  0
VERTEX
  5
F415
330
F404
100
AcDbEntity
  8
0-CAD-polyline
 62
     5
100
AcDbVertex
100
AcDb2dVertex
 10
555.7637431839044
 20
-2172.105323939663
 30
0
  0
VERTEX
  5
F416
330
F404
100
AcDbEntity
  8
0-CAD-polyline
 62
     5
100
AcDbVertex
100
AcDb2dVertex
 10
549.7637489059503
 20
-2182.497657924038
 30
0
  0
VERTEX
  5
F417
330
F404
100
AcDbEntity
  8
0-CAD-polyline
 62
     5
100
AcDbVertex
100
AcDb2dVertex
 10
548.3118577220971
 20
-2183.335792689663
 30
0
  0
VERTEX
  5
F418
330
F404
100
AcDbEntity
  8
0-CAD-polyline
 62
     5
100
AcDbVertex
100
AcDb2dVertex
 10
542.0618655899102
 20
-2183.335792689663
 30
0
  0
VERTEX
  5
F419
330
F404
100
AcDbEntity
  8
0-CAD-polyline
 62
     5
100
AcDbVertex
100
AcDb2dVertex
 10
535.8118579605157
 20
-2183.335792689663
 30
0
  0
VERTEX
  5
F41A
330
F404
100
AcDbEntity
  8
0-CAD-polyline
 62
     5
100
AcDbVertex
100
AcDb2dVertex
 10
534.3834970214898
 20
-2182.484230189663
 30
0
  0
VERTEX
  5
F41B
330
F404
100
AcDbEntity
  8
0-CAD-polyline
 62
     5
100
AcDbVertex
100
AcDb2dVertex
 10
521.5416333892877
 20
-2158.733741908413
 30
0
  0
SEQEND
  5
F41C
330
F404
100
AcDbEntity
  8
0-CAD-polyline
  0
LINE
  5
F41D
330
2
100
AcDbEntity
  8
0-CAD-polyline
 62
     5
100
AcDbLine
 10
533.503846905523
 20
-2182.959816127163
 30
0
 11
534.3834970214898
 21
-2182.484230189663
 31
0
  0
LINE
  5
F41E
330
2
100
AcDbEntity
  8
0-CAD-polyline
 62
     5
100
AcDbLine
 10
535.8118579605157
 20
-2184.335792689663
 30
0
 11
535.8118579605157
 21
-2183.335792689663
 31
0
  0
LINE
  5
F41F
330
2
100
AcDbEntity
  8
0-CAD-polyline
 62
     5
100
AcDbLine
 10
542.0618655899102
 20
-2184.335792689663
 30
0
 11
542.0618655899102
 21
-2183.335792689663
 31
0
  0
LINE
  5
F420
330
2
100
AcDbEntity
  8
0-CAD-polyline
 62
     5
100
AcDbLine
 10
548.3118581989343
 20
-2184.335792689663
 30
0
 11
548.3118577220971
 21
-2183.335792689663
 31
0
  0
LINE
  5
F421
330
2
100
AcDbEntity
  8
0-CAD-polyline
 62
     5
100
AcDbLine
 10
550.6297745847637
 20
-2182.997657924038
 30
0
 11
549.7637489059503
 21
-2182.497657924038
 31
0
  0
LINE
  5
F422
330
2
100
AcDbEntity
  8
0-CAD-polyline
 62
     5
100
AcDbLine
 10
556.629769108587
 20
-2172.605323939663
 30
0
 11
555.7637431839044
 21
-2172.105323939663
 31
0
  0
LINE
  5
F423
330
2
100
AcDbEntity
  8
0-CAD-polyline
 62
     5
100
AcDbLine
 10
557.9957940795953
 20
-2172.239357142788
 30
0
 11
558.4957940795953
 21
-2171.373146205288
 31
0
  0
LINE
  5
F424
330
2
100
AcDbEntity
  8
0-CAD-polyline
 62
     5
100
AcDbLine
 10
577.048358700567
 20
-2183.239357142788
 30
0
 11
577.548358700567
 21
-2182.373146205288
 31
0
  0
LINE
  5
F425
330
2
100
AcDbEntity
  8
0-CAD-polyline
 62
     5
100
AcDbLine
 10
579.785907528692
 20
-2182.556739955288
 30
0
 11
578.9378583648736
 21
-2182.026954799038
 31
0
  0
LINE
  5
F426
330
2
100
AcDbEntity
  8
0-CAD-polyline
 62
     1
100
AcDbLine
 10
662.0618589133305
 20
-2104.935768277788
 30
0
 11
422.0618589133305
 21
-2104.935768277788
 31
0
1001
COPRA_AXIS
1000
be6599cf-874e-4545-80a8-2c73cec83fba
  0
LINE
  5
F427
330
2
100
AcDbEntity
  8
0-CAD-polyline
 62
     1
100
AcDbLine
 10
422.0618589133305
 20
-2259.935768277788
 30
0
 11
662.0618589133305
 21
-2259.935768277788
 31
0
1001
COPRA_AXIS
1000
5a9e376f-fec3-4af5-b002-1adb854d0296
  0
LINE
  5
F428
330
2
100
AcDbEntity
  8
0-CAD-polyline
 62
     5
100
AcDbLine
 10
491.6757810333306
 20
-2129.935890345913
 30
0
 11
491.6757810333306
 21
-2111.935890345913
 31
0
  0
LINE
  5
F429
330
2
100
AcDbEntity
  8
0-CAD-polyline
 62
     5
100
AcDbLine
 10
609.6757810333306
 20
-2129.935890345913
 30
0
 11
609.6757810333306
 21
-2111.935890345913
 31
0
  0
LINE
  5
F42A
330
2
100
AcDbEntity
  8
0-CAD-polyline
 62
     5
100
AcDbLine
 10
490.6757810333306
 20
-2111.935890345913
 30
0
 11
610.6757810333306
 21
-2111.935890345913
 31
0
  0
POLYLINE
  5
F42B
330
2
100
AcDbEntity
  8
0-CAD-polyline
 62
     5
100
AcDb2dPolyline
 66
     1
 10
0
 20
0
 30
0
 40
0
 41
0
  0
VERTEX
  5
F42C
330
F42B
100
AcDbEntity
  8
0-CAD-polyline
 62
     5
100
AcDbVertex
100
AcDb2dVertex
 10
490.6757810333306
 20
-2130.935890345913
 30
0
  0
VERTEX
  5
F42D
330
F42B
100
AcDbEntity
  8
0-CAD-polyline
 62
     5
100
AcDbVertex
100
AcDb2dVertex
 10
491.6757810333306
 20
-2129.935890345913
 30
0
  0
VERTEX
  5
F42E
330
F42B
100
AcDbEntity
  8
0-CAD-polyline
 62
     5
100
AcDbVertex
100
AcDb2dVertex
 10
609.6757810333306
 20
-2129.935890345913
 30
0
  0
VERTEX
  5
F42F
330
F42B
100
AcDbEntity
  8
0-CAD-polyline
 62
     5
100
AcDbVertex
100
AcDb2dVertex
 10
610.6757810333306
 20
-2130.935890345913
 30
0
  0
SEQEND
  5
F430
330
F42B
100
AcDbEntity
  8
0-CAD-polyline
 62
     5
  0
POLYLINE
  5
F431
330
2
100
AcDbEntity
  8
0-CAD-polyline
 62
     5
100
AcDb2dPolyline
 66
     1
 10
0
 20
0
 30
0
 40
0
 41
0
1001
COPRA
1000
2
1001
CrfRollDraw
1000
d5dcafbc-4339-4cb6-82f8-64da68696977
  0
VERTEX
  5
F432
330
F431
100
AcDbEntity
  8
0-CAD-polyline
 62
     5
100
AcDbVertex
100
AcDb2dVertex
 10
490.6757810333306
 20
-2104.935890345913
 30
0
  0
VERTEX
  5
F433
330
F431
100
AcDbEntity
  8
0-CAD-polyline
 62
     5
100
AcDbVertex
100
AcDb2dVertex
 10
490.6757810333306
 20
-2144.435890345913
 30
0
  0
VERTEX
  5
F434
330
F431
100
AcDbEntity
  8
0-CAD-polyline
 62
     5
100
AcDbVertex
100
AcDb2dVertex
 10
491.6757810333306
 20
-2145.435890345913
 30
0
  0
VERTEX
  5
F435
330
F431
100
AcDbEntity
  8
0-CAD-polyline
 62
     5
100
AcDbVertex
100
AcDb2dVertex
 10
510.3476830133304
 20
-2145.435890345913
 30
0
  0
VERTEX
  5
F436
330
F431
100
AcDbEntity
  8
0-CAD-polyline
 62
     5
100
AcDbVertex
100
AcDb2dVertex
 10
514.7459258533304
 20
-2148.057769265914
 30
0
  0
VERTEX
  5
F437
330
F431
100
AcDbEntity
  8
0-CAD-polyline
 62
     5
100
AcDbVertex
100
AcDb2dVertex
 10
520.6548234333304
 20
-2158.986046515913
 30
0
  0
VERTEX
  5
F438
330
F431
100
AcDbEntity
  8
0-CAD-polyline
 62
     5
100
AcDbVertex
100
AcDb2dVertex
 10
520.9258780033306
 20
-2159.066851375913
 30
0
  0
VERTEX
  5
F439
330
F431
100
AcDbEntity
  8
0-CAD-polyline
 62
     5
100
AcDbVertex
100
AcDb2dVertex
 10
521.7488419933306
 20
-2158.621876305913
 30
0
  0
VERTEX
  5
F43A
330
F431
100
AcDbEntity
  8
0-CAD-polyline
 62
     5
100
AcDbVertex
100
AcDb2dVertex
 10
534.3767995833305
 20
-2182.471932205913
 30
0
  0
VERTEX
  5
F43B
330
F431
100
AcDbEntity
  8
0-CAD-polyline
 62
     5
100
AcDbVertex
100
AcDb2dVertex
 10
535.8118456533307
 20
-2183.335900045913
 30
0
  0
VERTEX
  5
F43C
330
F431
100
AcDbEntity
  8
0-CAD-polyline
 62
     5
100
AcDbVertex
100
AcDb2dVertex
 10
548.3118456333304
 20
-2183.335899195913
 30
0
  0
VERTEX
  5
F43D
330
F431
100
AcDbEntity
  8
0-CAD-polyline
 62
     5
100
AcDbVertex
100
AcDb2dVertex
 10
549.7781455033305
 20
-2182.472182475914
 30
0
  0
VERTEX
  5
F43E
330
F431
100
AcDbEntity
  8
0-CAD-polyline
 62
     5
100
AcDbVertex
100
AcDb2dVertex
 10
556.6549124633307
 20
-2170.066165775913
 30
0
  0
VERTEX
  5
F43F
330
F431
100
AcDbEntity
  8
0-CAD-polyline
 62
     5
100
AcDbVertex
100
AcDb2dVertex
 10
577.5405770733305
 20
-2182.368760525913
 30
0
  0
VERTEX
  5
F440
330
F431
100
AcDbEntity
  8
0-CAD-polyline
 62
     5
100
AcDbVertex
100
AcDb2dVertex
 10
578.9425810433304
 20
-2182.019201605913
 30
0
  0
VERTEX
  5
F441
330
F431
100
AcDbEntity
  8
0-CAD-polyline
 62
     5
100
AcDbVertex
100
AcDb2dVertex
 10
585.2081023333308
 20
-2171.794799555913
 30
0
  0
VERTEX
  5
F442
330
F431
100
AcDbEntity
  8
0-CAD-polyline
 62
     5
100
AcDbVertex
100
AcDb2dVertex
 10
585.8905175033306
 20
-2172.221218525913
 30
0
  0
VERTEX
  5
F443
330
F431
100
AcDbEntity
  8
0-CAD-polyline
 62
     5
100
AcDbVertex
100
AcDb2dVertex
 10
586.1661107433306
 20
-2172.157592595913
 30
0
  0
VERTEX
  5
F444
330
F431
100
AcDbEntity
  8
0-CAD-polyline
 62
     5
100
AcDbVertex
100
AcDb2dVertex
 10
596.7084667633308
 20
-2155.286294245913
 30
0
  0
VERTEX
  5
F445
330
F431
100
AcDbEntity
  8
0-CAD-polyline
 62
     5
100
AcDbVertex
100
AcDb2dVertex
 10
600.9487073833307
 20
-2152.935890345913
 30
0
  0
VERTEX
  5
F446
330
F431
100
AcDbEntity
  8
0-CAD-polyline
 62
     5
100
AcDbVertex
100
AcDb2dVertex
 10
609.6757810333306
 20
-2152.935890345913
 30
0
  0
VERTEX
  5
F447
330
F431
100
AcDbEntity
  8
0-CAD-polyline
 62
     5
100
AcDbVertex
100
AcDb2dVertex
 10
610.6757810333306
 20
-2151.935890345913
 30
0
  0
VERTEX
  5
F448
330
F431
100
AcDbEntity
  8
0-CAD-polyline
 62
     5
100
AcDbVertex
100
AcDb2dVertex
 10
610.6757810333306
 20
-2104.935890345913
 30
0
  0
SEQEND
  5
F449
330
F431
100
AcDbEntity
  8
0-CAD-polyline
 62
     5
  0
LINE
  5
F44A
330
2
100
AcDbEntity
  8
0-CAD-polyline
 62
     5
100
AcDbLine
 10
490.6757810333306
 20
-2134.935890345913
 30
0
 11
491.6757810333306
 21
-2134.935890345913
 31
0
  0
LINE
  5
F44B
330
2
100
AcDbEntity
  8
0-CAD-polyline
 62
     5
100
AcDbLine
 10
491.6757810333306
 20
-2134.935890345913
 30
0
 11
491.6757810333306
 21
-2139.935890345913
 31
0
  0
LINE
  5
F44C
330
2
100
AcDbEntity
  8
0-CAD-polyline
 62
     5
100
AcDbLine
 10
491.6757810333306
 20
-2139.935890345913
 30
0
 11
490.6757810333306
 21
-2139.935890345913
 31
0
  0
LINE
  5
F44D
330
2
100
AcDbEntity
  8
0-CAD-polyline
 62
     5
100
AcDbLine
 10
490.6757810333306
 20
-2130.935890345913
 30
0
 11
491.6757810333306
 21
-2129.935890345913
 31
0
  0
LINE
  5
F44E
330
2
100
AcDbEntity
  8
0-CAD-polyline
 62
     5
100
AcDbLine
 10
610.6757810333306
 20
-2130.935890345913
 30
0
 11
609.6757810333306
 21
-2129.935890345913
 31
0
  0
LINE
  5
F44F
330
2
100
AcDbEntity
  8
0-CAD-polyline
 62
     5
100
AcDbLine
 10
491.6757810333306
 20
-2129.935890345913
 30
0
 11
609.6757810333306
 21
-2129.935890345913
 31
0
  0
LINE
  5
F450
330
2
100
AcDbEntity
  8
0-CAD-polyline
 62
     5
100
AcDbLine
 10
491.6757810333306
 20
-2129.935890345913
 30
0
 11
491.6757810333306
 21
-2111.935890345913
 31
0
  0
LINE
  5
F451
330
2
100
AcDbEntity
  8
0-CAD-polyline
 62
     5
100
AcDbLine
 10
609.6757810333306
 20
-2129.935890345913
 30
0
 11
609.6757810333306
 21
-2111.935890345913
 31
0
  0
LINE
  5
F452
330
2
100
AcDbEntity
  8
0-CAD-polyline
 62
     5
100
AcDbLine
 10
490.6757810333306
 20
-2111.935890345913
 30
0
 11
610.6757810333306
 21
-2111.935890345913
 31
0
  0
TEXT
  5
F453
330
2
100
AcDbEntity
  8
0-CAD-polyline
 62
     5
100
AcDbText
 10
545.1646271871767
 20
-2101.705121115144
 30
0
 40
3.5
  1
*7T1
  7

 72
     1
 11
550.6757810333306
 21
-2103.185890345913
 31
0
100
AcDbText
 73
     1
  0
TEXT
  5
F454
330
2
100
AcDbEntity
  8
0-CAD-polyline
 62
     5
100
AcDbText
 10
545.0323003602077
 20
-2097.949351735134
 30
0
 40
2.449999958276749
  1
9.46 kg
  7

 72
     1
 11
550.6757810333306
 21
-2098.98589017902
 31
0
100
AcDbText
 73
     1
  0
LINE
  5
F455
330
2
100
AcDbEntity
  8
0-CAD-polyline
 62
     1
100
AcDbLine
 10
491.6757810333306
 20
-2234.935890345913
 30
0
 11
491.6757810333306
 21
-2252.935890345913
 31
0
  0
LINE
  5
F456
330
2
100
AcDbEntity
  8
0-CAD-polyline
 62
     1
100
AcDbLine
 10
609.6757810333306
 20
-2234.935890345913
 30
0
 11
609.6757810333306
 21
-2252.935890345913
 31
0
  0
LINE
  5
F457
330
2
100
AcDbEntity
  8
0-CAD-polyline
 62
     1
100
AcDbLine
 10
490.6757810333306
 20
-2252.935890345913
 30
0
 11
610.6757810333306
 21
-2252.935890345913
 31
0
  0
POLYLINE
  5
F458
330
2
100
AcDbEntity
  8
0-CAD-polyline
 62
     1
100
AcDb2dPolyline
 66
     1
 10
0
 20
0
 30
0
 40
0
 41
0
  0
VERTEX
  5
F459
330
F458
100
AcDbEntity
  8
0-CAD-polyline
 62
     1
100
AcDbVertex
100
AcDb2dVertex
 10
490.6757810333306
 20
-2233.935890345913
 30
0
  0
VERTEX
  5
F45A
330
F458
100
AcDbEntity
  8
0-CAD-polyline
 62
     1
100
AcDbVertex
100
AcDb2dVertex
 10
491.6757810333306
 20
-2234.935890345913
 30
0
  0
VERTEX
  5
F45B
330
F458
100
AcDbEntity
  8
0-CAD-polyline
 62
     1
100
AcDbVertex
100
AcDb2dVertex
 10
609.6757810333306
 20
-2234.935890345913
 30
0
  0
VERTEX
  5
F45C
330
F458
100
AcDbEntity
  8
0-CAD-polyline
 62
     1
100
AcDbVertex
100
AcDb2dVertex
 10
610.6757810333306
 20
-2233.935890345913
 30
0
  0
SEQEND
  5
F45D
330
F458
100
AcDbEntity
  8
0-CAD-polyline
 62
     1
  0
POLYLINE
  5
F45E
330
2
100
AcDbEntity
  8
0-CAD-polyline
 62
     1
100
AcDb2dPolyline
 66
     1
 10
0
 20
0
 30
0
 40
0
 41
0
1001
COPRA
1000
3
1001
CrfRollDraw
1000
fc3e631a-edf5-47b0-b374-da8f1d841518
  0
VERTEX
  5
F45F
330
F45E
100
AcDbEntity
  8
0-CAD-polyline
 62
     1
100
AcDbVertex
100
AcDb2dVertex
 10
490.6757810333306
 20
-2259.935890345913
 30
0
  0
VERTEX
  5
F460
330
F45E
100
AcDbEntity
  8
0-CAD-polyline
 62
     1
100
AcDbVertex
100
AcDb2dVertex
 10
490.6757810333306
 20
-2148.435890405913
 30
0
  0
VERTEX
  5
F461
330
F45E
100
AcDbEntity
  8
0-CAD-polyline
 62
     1
100
AcDbVertex
100
AcDb2dVertex
 10
491.6757810333306
 20
-2147.435890405913
 30
0
  0
VERTEX
  5
F462
330
F45E
100
AcDbEntity
  8
0-CAD-polyline
 62
     1
100
AcDbVertex
100
AcDb2dVertex
 10
508.3347991333308
 20
-2147.435890435913
 30
0
  0
VERTEX
  5
F463
330
F45E
100
AcDbEntity
  8
0-CAD-polyline
 62
     1
100
AcDbVertex
100
AcDb2dVertex
 10
517.1312843633305
 20
-2152.679647465913
 30
0
  0
VERTEX
  5
F464
330
F45E
100
AcDbEntity
  8
0-CAD-polyline
 62
     1
100
AcDbVertex
100
AcDb2dVertex
 10
534.2477604633305
 20
-2184.335900155913
 30
0
  0
VERTEX
  5
F465
330
F45E
100
AcDbEntity
  8
0-CAD-polyline
 62
     1
100
AcDbVertex
100
AcDb2dVertex
 10
550.1272406733306
 20
-2184.335899075913
 30
0
  0
VERTEX
  5
F466
330
F45E
100
AcDbEntity
  8
0-CAD-polyline
 62
     1
100
AcDbVertex
100
AcDb2dVertex
 10
556.6211729133306
 20
-2172.620534515913
 30
0
  0
VERTEX
  5
F467
330
F45E
100
AcDbEntity
  8
0-CAD-polyline
 62
     1
100
AcDbVertex
100
AcDb2dVertex
 10
558.0033309333307
 20
-2172.243714925914
 30
0
  0
VERTEX
  5
F468
330
F45E
100
AcDbEntity
  8
0-CAD-polyline
 62
     1
100
AcDbVertex
100
AcDb2dVertex
 10
578.6358683833305
 20
-2184.397206385913
 30
0
  0
VERTEX
  5
F469
330
F45E
100
AcDbEntity
  8
0-CAD-polyline
 62
     1
100
AcDbVertex
100
AcDb2dVertex
 10
594.1079504933305
 20
-2159.636697825913
 30
0
  0
VERTEX
  5
F46A
330
F45E
100
AcDbEntity
  8
0-CAD-polyline
 62
     1
100
AcDbVertex
100
AcDb2dVertex
 10
602.5884315833305
 20
-2154.935890265913
 30
0
  0
VERTEX
  5
F46B
330
F45E
100
AcDbEntity
  8
0-CAD-polyline
 62
     1
100
AcDbVertex
100
AcDb2dVertex
 10
609.6757810333306
 20
-2154.935890255913
 30
0
  0
VERTEX
  5
F46C
330
F45E
100
AcDbEntity
  8
0-CAD-polyline
 62
     1
100
AcDbVertex
100
AcDb2dVertex
 10
610.6757810333306
 20
-2155.935890255913
 30
0
  0
VERTEX
  5
F46D
330
F45E
100
AcDbEntity
  8
0-CAD-polyline
 62
     1
100
AcDbVertex
100
AcDb2dVertex
 10
610.6757810333306
 20
-2259.935890345913
 30
0
  0
SEQEND
  5
F46E
330
F45E
100
AcDbEntity
  8
0-CAD-polyline
 62
     1
  0
LINE
  5
F46F
330
2
100
AcDbEntity
  8
0-CAD-polyline
 62
     1
100
AcDbLine
 10
490.6757810333306
 20
-2224.935890345913
 30
0
 11
491.6757810333306
 21
-2224.935890345913
 31
0
  0
LINE
  5
F470
330
2
100
AcDbEntity
  8
0-CAD-polyline
 62
     1
100
AcDbLine
 10
491.6757810333306
 20
-2224.935890345913
 30
0
 11
491.6757810333306
 21
-2214.935890345913
 31
0
  0
LINE
  5
F471
330
2
100
AcDbEntity
  8
0-CAD-polyline
 62
     1
100
AcDbLine
 10
491.6757810333306
 20
-2214.935890345913
 30
0
 11
490.6757810333306
 21
-2214.935890345913
 31
0
  0
LINE
  5
F472
330
2
100
AcDbEntity
  8
0-CAD-polyline
 62
     1
100
AcDbLine
 10
490.6757810333306
 20
-2233.935890345913
 30
0
 11
491.6757810333306
 21
-2234.935890345913
 31
0
  0
LINE
  5
F473
330
2
100
AcDbEntity
  8
0-CAD-polyline
 62
     1
100
AcDbLine
 10
610.6757810333306
 20
-2233.935890345913
 30
0
 11
609.6757810333306
 21
-2234.935890345913
 31
0
  0
LINE
  5
F474
330
2
100
AcDbEntity
  8
0-CAD-polyline
 62
     1
100
AcDbLine
 10
491.6757810333306
 20
-2234.935890345913
 30
0
 11
609.6757810333306
 21
-2234.935890345913
 31
0
  0
LINE
  5
F475
330
2
100
AcDbEntity
  8
0-CAD-polyline
 62
     1
100
AcDbLine
 10
491.6757810333306
 20
-2234.935890345913
 30
0
 11
491.6757810333306
 21
-2252.935890345913
 31
0
  0
LINE
  5
F476
330
2
100
AcDbEntity
  8
0-CAD-polyline
 62
     1
100
AcDbLine
 10
609.6757810333306
 20
-2234.935890345913
 30
0
 11
609.6757810333306
 21
-2252.935890345913
 31
0
  0
LINE
  5
F477
330
2
100
AcDbEntity
  8
0-CAD-polyline
 62
     1
100
AcDbLine
 10
490.6757810333306
 20
-2252.935890345913
 30
0
 11
610.6757810333306
 21
-2252.935890345913
 31
0
  0
TEXT
  5
F478
330
2
100
AcDbEntity
  8
0-CAD-polyline
 62
     1
100
AcDbText
 10
545.008473341023
 20
-2265.185890345913
 30
0
 40
3.5
  1
*7B1
  7

 72
     1
 11
550.6757810333306
 21
-2261.685890345913
 31
0
100
AcDbText
 73
     3
  0
TEXT
  5
F479
330
2
100
AcDbEntity
  8
0-CAD-polyline
 62
     1
100
AcDbText
 10
544.0541849922496
 20
-2268.335890471083
 30
0
 40
2.449999958276749
  1
24.18 kg
  7

 72
     1
 11
550.6757810333306
 21
-2265.885890512806
 31
0
100
AcDbText
 73
     3
  0
LINE
  5
F47A
330
2
100
AcDbEntity
  8
0-CAD-polyline
 62
     1
100
AcDbLine
 10
506.6865613678033
 20
-2183.835792689663
 30
0
 11
600.6877134063775
 21
-2183.835792689663
 31
0
  0
TEXT
  5
F47B
330
2
100
AcDbEntity
  8
0-CAD-polyline
100
AcDbText
 10
486.6865613678033
 20
-2182.835792689663
 30
0
 40
10
  1
 7
  7

 11
0
 21
0
 31
0
100
AcDbText
  0
POLYLINE
  5
F47C
330
2
100
AcDbEntity
  8
0-CAD-polyline
 62
     5
100
AcDb2dPolyline
 66
     1
 10
0
 20
0
 30
0
 40
0
 41
0
  0
VERTEX
  5
F47D
330
F47C
100
AcDbEntity
  8
0-CAD-polyline
 62
     5
100
AcDbVertex
100
AcDb2dVertex
 10
525.4577367523248
 20
-2456.985450892788
 30
0
  0
VERTEX
  5
F47E
330
F47C
100
AcDbEntity
  8
0-CAD-polyline
 62
     5
100
AcDbVertex
100
AcDb2dVertex
 10
524.5156781890923
 20
-2457.320900111538
 30
0
  0
VERTEX
  5
F47F
330
F47C
100
AcDbEntity
  8
0-CAD-polyline
 62
     5
100
AcDbVertex
100
AcDb2dVertex
 10
533.5728738525445
 20
-2482.756446986538
 30
0
  0
VERTEX
  5
F480
330
F47C
100
AcDbEntity
  8
0-CAD-polyline
 62
     5
100
AcDbVertex
100
AcDb2dVertex
 10
535.8118503311211
 20
-2484.335792689663
 30
0
  0
VERTEX
  5
F481
330
F47C
100
AcDbEntity
  8
0-CAD-polyline
 62
     5
100
AcDbVertex
100
AcDb2dVertex
 10
542.0618579605157
 20
-2484.335792689663
 30
0
  0
VERTEX
  5
F482
330
F47C
100
AcDbEntity
  8
0-CAD-polyline
 62
     5
100
AcDbVertex
100
AcDb2dVertex
 10
548.3118503311211
 20
-2484.335792689663
 30
0
  0
VERTEX
  5
F483
330
F47C
100
AcDbEntity
  8
0-CAD-polyline
 62
     5
100
AcDbVertex
100
AcDb2dVertex
 10
550.5544938662583
 20
-2482.765480189663
 30
0
  0
VERTEX
  5
F484
330
F47C
100
AcDbEntity
  8
0-CAD-polyline
 62
     5
100
AcDbVertex
100
AcDb2dVertex
 10
554.6587355354363
 20
-2471.489113002163
 30
0
  0
VERTEX
  5
F485
330
F47C
100
AcDbEntity
  8
0-CAD-polyline
 62
     5
100
AcDbVertex
100
AcDb2dVertex
 10
555.940448544317
 20
-2470.891456752163
 30
0
  0
VERTEX
  5
F486
330
F47C
100
AcDbEntity
  8
0-CAD-polyline
 62
     5
100
AcDbVertex
100
AcDb2dVertex
 10
576.6136853912408
 20
-2478.415870814663
 30
0
  0
VERTEX
  5
F487
330
F47C
100
AcDbEntity
  8
0-CAD-polyline
 62
     5
100
AcDbVertex
100
AcDb2dVertex
 10
579.191123745733
 20
-2477.268409877163
 30
0
  0
VERTEX
  5
F488
330
F47C
100
AcDbEntity
  8
0-CAD-polyline
 62
     5
100
AcDbVertex
100
AcDb2dVertex
 10
583.6864011505181
 20
-2466.142189174038
 30
0
  0
VERTEX
  5
F489
330
F47C
100
AcDbEntity
  8
0-CAD-polyline
 62
     5
100
AcDbVertex
100
AcDb2dVertex
 10
582.7592160919244
 20
-2465.767677455288
 30
0
  0
VERTEX
  5
F48A
330
F47C
100
AcDbEntity
  8
0-CAD-polyline
 62
     5
100
AcDbVertex
100
AcDb2dVertex
 10
578.2639386871392
 20
-2476.893898158413
 30
0
  0
VERTEX
  5
F48B
330
F47C
100
AcDbEntity
  8
0-CAD-polyline
 62
     5
100
AcDbVertex
100
AcDb2dVertex
 10
576.9557073333795
 20
-2477.476417689663
 30
0
  0
VERTEX
  5
F48C
330
F47C
100
AcDbEntity
  8
0-CAD-polyline
 62
     5
100
AcDbVertex
100
AcDb2dVertex
 10
556.282468579107
 20
-2469.952003627163
 30
0
  0
VERTEX
  5
F48D
330
F47C
100
AcDbEntity
  8
0-CAD-polyline
 62
     5
100
AcDbVertex
100
AcDb2dVertex
 10
553.7190430381829
 20
-2471.147316127163
 30
0
  0
VERTEX
  5
F48E
330
F47C
100
AcDbEntity
  8
0-CAD-polyline
 62
     5
100
AcDbVertex
100
AcDb2dVertex
 10
549.614801190191
 20
-2482.423683314663
 30
0
  0
VERTEX
  5
F48F
330
F47C
100
AcDbEntity
  8
0-CAD-polyline
 62
     5
100
AcDbVertex
100
AcDb2dVertex
 10
548.3118503311211
 20
-2483.335792689663
 30
0
  0
VERTEX
  5
F490
330
F47C
100
AcDbEntity
  8
0-CAD-polyline
 62
     5
100
AcDbVertex
100
AcDb2dVertex
 10
542.0618579605157
 20
-2483.335792689663
 30
0
  0
VERTEX
  5
F491
330
F47C
100
AcDbEntity
  8
0-CAD-polyline
 62
     5
100
AcDbVertex
100
AcDb2dVertex
 10
535.8118503311211
 20
-2483.335792689663
 30
0
  0
VERTEX
  5
F492
330
F47C
100
AcDbEntity
  8
0-CAD-polyline
 62
     5
100
AcDbVertex
100
AcDb2dVertex
 10
534.5149324157769
 20
-2482.420997767788
 30
0
  0
VERTEX
  5
F493
330
F47C
100
AcDbEntity
  8
0-CAD-polyline
 62
     5
100
AcDbVertex
100
AcDb2dVertex
 10
525.4577367523248
 20
-2456.985450892788
 30
0
  0
SEQEND
  5
F494
330
F47C
100
AcDbEntity
  8
0-CAD-polyline
  0
LINE
  5
F495
330
2
100
AcDbEntity
  8
0-CAD-polyline
 62
     5
100
AcDbLine
 10
533.5728738525445
 20
-2482.756446986538
 30
0
 11
534.5149324157769
 21
-2482.420997767788
 31
0
  0
LINE
  5
F496
330
2
100
AcDbEntity
  8
0-CAD-polyline
 62
     5
100
AcDbLine
 10
535.8118503311211
 20
-2484.335792689663
 30
0
 11
535.8118503311211
 21
-2483.335792689663
 31
0
  0
LINE
  5
F497
330
2
100
AcDbEntity
  8
0-CAD-polyline
 62
     5
100
AcDbLine
 10
542.0618579605157
 20
-2484.335792689663
 30
0
 11
542.0618579605157
 21
-2483.335792689663
 31
0
  0
LINE
  5
F498
330
2
100
AcDbEntity
  8
0-CAD-polyline
 62
     5
100
AcDbLine
 10
548.3118503311211
 20
-2484.335792689663
 30
0
 11
548.3118503311211
 21
-2483.335792689663
 31
0
  0
LINE
  5
F499
330
2
100
AcDbEntity
  8
0-CAD-polyline
 62
     5
100
AcDbLine
 10
550.5544938662583
 20
-2482.765480189663
 30
0
 11
549.614801190191
 21
-2482.423683314663
 31
0
  0
LINE
  5
F49A
330
2
100
AcDbEntity
  8
0-CAD-polyline
 62
     5
100
AcDbLine
 10
554.6587355354363
 20
-2471.489113002163
 30
0
 11
553.7190430381829
 21
-2471.147316127163
 31
0
  0
LINE
  5
F49B
330
2
100
AcDbEntity
  8
0-CAD-polyline
 62
     5
100
AcDbLine
 10
555.940448544317
 20
-2470.891456752163
 30
0
 11
556.282468579107
 21
-2469.952003627163
 31
0
  0
LINE
  5
F49C
330
2
100
AcDbEntity
  8
0-CAD-polyline
 62
     5
100
AcDbLine
 10
576.6136853912408
 20
-2478.415870814663
 30
0
 11
576.9557073333795
 21
-2477.476417689663
 31
0
  0
LINE
  5
F49D
330
2
100
AcDbEntity
  8
0-CAD-polyline
 62
     5
100
AcDbLine
 10
579.191123745733
 20
-2477.268409877163
 30
0
 11
578.2639386871392
 21
-2476.893898158413
 31
0
  0
LINE
  5
F49E
330
2
100
AcDbEntity
  8
0-CAD-polyline
 62
     1
100
AcDbLine
 10
662.0618589133305
 20
-2405.035774377788
 30
0
 11
422.0618589133305
 21
-2405.035774377788
 31
0
1001
COPRA_AXIS
1000
083edca9-ad09-40bf-a2f2-d4ee8b5aaa1d
  0
LINE
  5
F49F
330
2
100
AcDbEntity
  8
0-CAD-polyline
 62
     1
100
AcDbLine
 10
422.0618589133305
 20
-2560.035774377788
 30
0
 11
662.0618589133305
 21
-2560.035774377788
 31
0
1001
COPRA_AXIS
1000
0cf3bef7-a824-418b-a668-f77d4f4d190b
  0
LINE
  5
F4A0
330
2
100
AcDbEntity
  8
0-CAD-polyline
 62
     5
100
AcDbLine
 10
491.6757810333306
 20
-2430.035743861538
 30
0
 11
491.6757810333306
 21
-2412.035743861538
 31
0
  0
LINE
  5
F4A1
330
2
100
AcDbEntity
  8
0-CAD-polyline
 62
     5
100
AcDbLine
 10
609.6757810333306
 20
-2430.035743861538
 30
0
 11
609.6757810333306
 21
-2412.035743861538
 31
0
  0
LINE
  5
F4A2
330
2
100
AcDbEntity
  8
0-CAD-polyline
 62
     5
100
AcDbLine
 10
490.6757810333306
 20
-2412.035743861538
 30
0
 11
610.6757810333306
 21
-2412.035743861538
 31
0
  0
POLYLINE
  5
F4A3
330
2
100
AcDbEntity
  8
0-CAD-polyline
 62
     5
100
AcDb2dPolyline
 66
     1
 10
0
 20
0
 30
0
 40
0
 41
0
  0
VERTEX
  5
F4A4
330
F4A3
100
AcDbEntity
  8
0-CAD-polyline
 62
     5
100
AcDbVertex
100
AcDb2dVertex
 10
490.6757810333306
 20
-2431.035743861538
 30
0
  0
VERTEX
  5
F4A5
330
F4A3
100
AcDbEntity
  8
0-CAD-polyline
 62
     5
100
AcDbVertex
100
AcDb2dVertex
 10
491.6757810333306
 20
-2430.035743861538
 30
0
  0
VERTEX
  5
F4A6
330
F4A3
100
AcDbEntity
  8
0-CAD-polyline
 62
     5
100
AcDbVertex
100
AcDb2dVertex
 10
609.6757810333306
 20
-2430.035743861538
 30
0
  0
VERTEX
  5
F4A7
330
F4A3
100
AcDbEntity
  8
0-CAD-polyline
 62
     5
100
AcDbVertex
100
AcDb2dVertex
 10
610.6757810333306
 20
-2431.035743861538
 30
0
  0
SEQEND
  5
F4A8
330
F4A3
100
AcDbEntity
  8
0-CAD-polyline
 62
     5
  0
POLYLINE
  5
F4A9
330
2
100
AcDbEntity
  8
0-CAD-polyline
 62
     5
100
AcDb2dPolyline
 66
     1
 10
0
 20
0
 30
0
 40
0
 41
0
1001
COPRA
1000
2
1001
CrfRollDraw
1000
d45702e9-9593-4d49-94ef-4e11e9faa307
  0
VERTEX
  5
F4AA
330
F4A9
100
AcDbEntity
  8
0-CAD-polyline
 62
     5
100
AcDbVertex
100
AcDb2dVertex
 10
490.6757810333306
 20
-2405.035743861538
 30
0
  0
VERTEX
  5
F4AB
330
F4A9
100
AcDbEntity
  8
0-CAD-polyline
 62
     5
100
AcDbVertex
100
AcDb2dVertex
 10
490.6757810333306
 20
-2442.035743861538
 30
0
  0
VERTEX
  5
F4AC
330
F4A9
100
AcDbEntity
  8
0-CAD-polyline
 62
     5
100
AcDbVertex
100
AcDb2dVertex
 10
491.6757810333306
 20
-2443.035743861538
 30
0
  0
VERTEX
  5
F4AD
330
F4A9
100
AcDbEntity
  8
0-CAD-polyline
 62
     5
100
AcDbVertex
100
AcDb2dVertex
 10
516.0077949633305
 20
-2443.035743861538
 30
0
  0
VERTEX
  5
F4AE
330
F4A9
100
AcDbEntity
  8
0-CAD-polyline
 62
     5
100
AcDbVertex
100
AcDb2dVertex
 10
520.7181929333306
 20
-2446.358796951538
 30
0
  0
VERTEX
  5
F4AF
330
F4A9
100
AcDbEntity
  8
0-CAD-polyline
 62
     5
100
AcDbVertex
100
AcDb2dVertex
 10
524.5428118433306
 20
-2457.101818721538
 30
0
  0
VERTEX
  5
F4B0
330
F4A9
100
AcDbEntity
  8
0-CAD-polyline
 62
     5
100
AcDbVertex
100
AcDb2dVertex
 10
524.7982843433306
 20
-2457.223164341538
 30
0
  0
VERTEX
  5
F4B1
330
F4A9
100
AcDbEntity
  8
0-CAD-polyline
 62
     5
100
AcDbVertex
100
AcDb2dVertex
 10
525.6806485933307
 20
-2456.909146531538
 30
0
  0
VERTEX
  5
F4B2
330
F4A9
100
AcDbEntity
  8
0-CAD-polyline
 62
     5
100
AcDbVertex
100
AcDb2dVertex
 10
534.5109504333304
 20
-2482.409536771538
 30
0
  0
VERTEX
  5
F4B3
330
F4A9
100
AcDbEntity
  8
0-CAD-polyline
 62
     5
100
AcDbVertex
100
AcDb2dVertex
 10
535.8118498633307
 20
-2483.335747461538
 30
0
  0
VERTEX
  5
F4B4
330
F4A9
100
AcDbEntity
  8
0-CAD-polyline
 62
     5
100
AcDbVertex
100
AcDb2dVertex
 10
548.3118498733306
 20
-2483.335746601538
 30
0
  0
VERTEX
  5
F4B5
330
F4A9
100
AcDbEntity
  8
0-CAD-polyline
 62
     5
100
AcDbVertex
100
AcDb2dVertex
 10
549.6228788533308
 20
-2482.400598631538
 30
0
  0
VERTEX
  5
F4B6
330
F4A9
100
AcDbEntity
  8
0-CAD-polyline
 62
     5
100
AcDbVertex
100
AcDb2dVertex
 10
554.3114342033305
 20
-2468.784044121538
 30
0
  0
VERTEX
  5
F4B7
330
F4A9
100
AcDbEntity
  8
0-CAD-polyline
 62
     5
100
AcDbVertex
100
AcDb2dVertex
 10
576.9388551633306
 20
-2477.469895461538
 30
0
  0
VERTEX
  5
F4B8
330
F4A9
100
AcDbEntity
  8
0-CAD-polyline
 62
     5
100
AcDbVertex
100
AcDb2dVertex
 10
578.2689100233306
 20
-2476.881190301538
 30
0
  0
VERTEX
  5
F4B9
330
F4A9
100
AcDbEntity
  8
0-CAD-polyline
 62
     5
100
AcDbVertex
100
AcDb2dVertex
 10
582.6136479833308
 20
-2465.708711431538
 30
0
  0
VERTEX
  5
F4BA
330
F4A9
100
AcDbEntity
  8
0-CAD-polyline
 62
     5
100
AcDbVertex
100
AcDb2dVertex
 10
583.4082441933306
 20
-2466.029750031538
 30
0
  0
VERTEX
  5
F4BB
330
F4A9
100
AcDbEntity
  8
0-CAD-polyline
 62
     5
100
AcDbVertex
100
AcDb2dVertex
 10
583.6686024833307
 20
-2465.919234611538
 30
0
  0
VERTEX
  5
F4BC
330
F4A9
100
AcDbEntity
  8
0-CAD-polyline
 62
     5
100
AcDbVertex
100
AcDb2dVertex
 10
587.6104905733305
 20
-2456.162712071538
 30
0
  0
VERTEX
  5
F4BD
330
F4A9
100
AcDbEntity
  8
0-CAD-polyline
 62
     5
100
AcDbVertex
100
AcDb2dVertex
 10
592.2464103233306
 20
-2453.035743861538
 30
0
  0
VERTEX
  5
F4BE
330
F4A9
100
AcDbEntity
  8
0-CAD-polyline
 62
     5
100
AcDbVertex
100
AcDb2dVertex
 10
609.6757810333306
 20
-2453.035743861538
 30
0
  0
VERTEX
  5
F4BF
330
F4A9
100
AcDbEntity
  8
0-CAD-polyline
 62
     5
100
AcDbVertex
100
AcDb2dVertex
 10
610.6757810333306
 20
-2452.035743861538
 30
0
  0
VERTEX
  5
F4C0
330
F4A9
100
AcDbEntity
  8
0-CAD-polyline
 62
     5
100
AcDbVertex
100
AcDb2dVertex
 10
610.6757810333306
 20
-2405.035743861538
 30
0
  0
SEQEND
  5
F4C1
330
F4A9
100
AcDbEntity
  8
0-CAD-polyline
 62
     5
  0
LINE
  5
F4C2
330
2
100
AcDbEntity
  8
0-CAD-polyline
 62
     5
100
AcDbLine
 10
490.6757810333306
 20
-2435.035743861538
 30
0
 11
491.6757810333306
 21
-2435.035743861538
 31
0
  0
LINE
  5
F4C3
330
2
100
AcDbEntity
  8
0-CAD-polyline
 62
     5
100
AcDbLine
 10
491.6757810333306
 20
-2435.035743861538
 30
0
 11
491.6757810333306
 21
-2440.035743861538
 31
0
  0
LINE
  5
F4C4
330
2
100
AcDbEntity
  8
0-CAD-polyline
 62
     5
100
AcDbLine
 10
491.6757810333306
 20
-2440.035743861538
 30
0
 11
490.6757810333306
 21
-2440.035743861538
 31
0
  0
LINE
  5
F4C5
330
2
100
AcDbEntity
  8
0-CAD-polyline
 62
     5
100
AcDbLine
 10
490.6757810333306
 20
-2431.035743861538
 30
0
 11
491.6757810333306
 21
-2430.035743861538
 31
0
  0
LINE
  5
F4C6
330
2
100
AcDbEntity
  8
0-CAD-polyline
 62
     5
100
AcDbLine
 10
610.6757810333306
 20
-2431.035743861538
 30
0
 11
609.6757810333306
 21
-2430.035743861538
 31
0
  0
LINE
  5
F4C7
330
2
100
AcDbEntity
  8
0-CAD-polyline
 62
     5
100
AcDbLine
 10
491.6757810333306
 20
-2430.035743861538
 30
0
 11
609.6757810333306
 21
-2430.035743861538
 31
0
  0
LINE
  5
F4C8
330
2
100
AcDbEntity
  8
0-CAD-polyline
 62
     5
100
AcDbLine
 10
491.6757810333306
 20
-2430.035743861538
 30
0
 11
491.6757810333306
 21
-2412.035743861538
 31
0
  0
LINE
  5
F4C9
330
2
100
AcDbEntity
  8
0-CAD-polyline
 62
     5
100
AcDbLine
 10
609.6757810333306
 20
-2430.035743861538
 30
0
 11
609.6757810333306
 21
-2412.035743861538
 31
0
  0
LINE
  5
F4CA
330
2
100
AcDbEntity
  8
0-CAD-polyline
 62
     5
100
AcDbLine
 10
490.6757810333306
 20
-2412.035743861538
 30
0
 11
610.6757810333306
 21
-2412.035743861538
 31
0
  0
TEXT
  5
F4CB
330
2
100
AcDbEntity
  8
0-CAD-polyline
 62
     5
100
AcDbText
 10
545.1646271871767
 20
-2401.804974630769
 30
0
 40
3.5
  1
*8T1
  7

 72
     1
 11
550.6757810333306
 21
-2403.285743861538
 31
0
100
AcDbText
 73
     1
  0
TEXT
  5
F4CC
330
2
100
AcDbEntity
  8
0-CAD-polyline
 62
     5
100
AcDbText
 10
545.0323003602077
 20
-2398.049205250759
 30
0
 40
2.449999958276749
  1
8.15 kg
  7

 72
     1
 11
550.6757810333306
 21
-2399.085743694645
 31
0
100
AcDbText
 73
     1
  0
LINE
  5
F4CD
330
2
100
AcDbEntity
  8
0-CAD-polyline
 62
     1
100
AcDbLine
 10
491.6757810333306
 20
-2535.035743861538
 30
0
 11
491.6757810333306
 21
-2553.035743861538
 31
0
  0
LINE
  5
F4CE
330
2
100
AcDbEntity
  8
0-CAD-polyline
 62
     1
100
AcDbLine
 10
609.6757810333306
 20
-2535.035743861538
 30
0
 11
609.6757810333306
 21
-2553.035743861538
 31
0
  0
LINE
  5
F4CF
330
2
100
AcDbEntity
  8
0-CAD-polyline
 62
     1
100
AcDbLine
 10
490.6757810333306
 20
-2553.035743861538
 30
0
 11
610.6757810333306
 21
-2553.035743861538
 31
0
  0
POLYLINE
  5
F4D0
330
2
100
AcDbEntity
  8
0-CAD-polyline
 62
     1
100
AcDb2dPolyline
 66
     1
 10
0
 20
0
 30
0
 40
0
 41
0
  0
VERTEX
  5
F4D1
330
F4D0
100
AcDbEntity
  8
0-CAD-polyline
 62
     1
100
AcDbVertex
100
AcDb2dVertex
 10
490.6757810333306
 20
-2534.035743861538
 30
0
  0
VERTEX
  5
F4D2
330
F4D0
100
AcDbEntity
  8
0-CAD-polyline
 62
     1
100
AcDbVertex
100
AcDb2dVertex
 10
491.6757810333306
 20
-2535.035743861538
 30
0
  0
VERTEX
  5
F4D3
330
F4D0
100
AcDbEntity
  8
0-CAD-polyline
 62
     1
100
AcDbVertex
100
AcDb2dVertex
 10
609.6757810333306
 20
-2535.035743861538
 30
0
  0
VERTEX
  5
F4D4
330
F4D0
100
AcDbEntity
  8
0-CAD-polyline
 62
     1
100
AcDbVertex
100
AcDb2dVertex
 10
610.6757810333306
 20
-2534.035743861538
 30
0
  0
SEQEND
  5
F4D5
330
F4D0
100
AcDbEntity
  8
0-CAD-polyline
 62
     1
  0
POLYLINE
  5
F4D6
330
2
100
AcDbEntity
  8
0-CAD-polyline
 62
     1
100
AcDb2dPolyline
 66
     1
 10
0
 20
0
 30
0
 40
0
 41
0
1001
COPRA
1000
3
1001
CrfRollDraw
1000
f09a78cf-ad0c-4866-b9e0-000568ffeb43
  0
VERTEX
  5
F4D7
330
F4D6
100
AcDbEntity
  8
0-CAD-polyline
 62
     1
100
AcDbVertex
100
AcDb2dVertex
 10
490.6757810333306
 20
-2560.035743861538
 30
0
  0
VERTEX
  5
F4D8
330
F4D6
100
AcDbEntity
  8
0-CAD-polyline
 62
     1
100
AcDbVertex
100
AcDb2dVertex
 10
490.6757810333306
 20
-2446.035743841539
 30
0
  0
VERTEX
  5
F4D9
330
F4D6
100
AcDbEntity
  8
0-CAD-polyline
 62
     1
100
AcDbVertex
100
AcDb2dVertex
 10
491.6757810333306
 20
-2445.035743841539
 30
0
  0
VERTEX
  5
F4DA
330
F4D6
100
AcDbEntity
  8
0-CAD-polyline
 62
     1
100
AcDbVertex
100
AcDb2dVertex
 10
513.0869483933307
 20
-2445.035743771538
 30
0
  0
VERTEX
  5
F4DB
330
F4D6
100
AcDbEntity
  8
0-CAD-polyline
 62
     1
100
AcDbVertex
100
AcDb2dVertex
 10
522.5075225633304
 20
-2451.681227091538
 30
0
  0
VERTEX
  5
F4DC
330
F4D6
100
AcDbEntity
  8
0-CAD-polyline
 62
     1
100
AcDbVertex
100
AcDb2dVertex
 10
534.1352780133307
 20
-2484.335747581538
 30
0
  0
VERTEX
  5
F4DD
330
F4D6
100
AcDbEntity
  8
0-CAD-polyline
 62
     1
100
AcDbVertex
100
AcDb2dVertex
 10
550.0336548433306
 20
-2484.335746501538
 30
0
  0
VERTEX
  5
F4DE
330
F4D6
100
AcDbEntity
  8
0-CAD-polyline
 62
     1
100
AcDbVertex
100
AcDb2dVertex
 10
554.6575432833306
 20
-2471.492401291538
 30
0
  0
VERTEX
  5
F4DF
330
F4D6
100
AcDbEntity
  8
0-CAD-polyline
 62
     1
100
AcDbVertex
100
AcDb2dVertex
 10
555.9437222033307
 20
-2470.892646141539
 30
0
  0
VERTEX
  5
F4E0
330
F4D6
100
AcDbEntity
  8
0-CAD-polyline
 62
     1
100
AcDbVertex
100
AcDb2dVertex
 10
578.4251424233307
 20
-2479.164196491538
 30
0
  0
VERTEX
  5
F4E1
330
F4D6
100
AcDbEntity
  8
0-CAD-polyline
 62
     1
100
AcDbVertex
100
AcDb2dVertex
 10
585.6469160233305
 20
-2461.289678281538
 30
0
  0
VERTEX
  5
F4E2
330
F4D6
100
AcDbEntity
  8
0-CAD-polyline
 62
     1
100
AcDbVertex
100
AcDb2dVertex
 10
594.9187546533308
 20
-2455.035744001538
 30
0
  0
VERTEX
  5
F4E3
330
F4D6
100
AcDbEntity
  8
0-CAD-polyline
 62
     1
100
AcDbVertex
100
AcDb2dVertex
 10
609.6757810333306
 20
-2455.035744031538
 30
0
  0
VERTEX
  5
F4E4
330
F4D6
100
AcDbEntity
  8
0-CAD-polyline
 62
     1
100
AcDbVertex
100
AcDb2dVertex
 10
610.6757810333306
 20
-2456.035744031538
 30
0
  0
VERTEX
  5
F4E5
330
F4D6
100
AcDbEntity
  8
0-CAD-polyline
 62
     1
100
AcDbVertex
100
AcDb2dVertex
 10
610.6757810333306
 20
-2560.035743861538
 30
0
  0
SEQEND
  5
F4E6
330
F4D6
100
AcDbEntity
  8
0-CAD-polyline
 62
     1
  0
LINE
  5
F4E7
330
2
100
AcDbEntity
  8
0-CAD-polyline
 62
     1
100
AcDbLine
 10
490.6757810333306
 20
-2525.035743861538
 30
0
 11
491.6757810333306
 21
-2525.035743861538
 31
0
  0
LINE
  5
F4E8
330
2
100
AcDbEntity
  8
0-CAD-polyline
 62
     1
100
AcDbLine
 10
491.6757810333306
 20
-2525.035743861538
 30
0
 11
491.6757810333306
 21
-2515.035743861538
 31
0
  0
LINE
  5
F4E9
330
2
100
AcDbEntity
  8
0-CAD-polyline
 62
     1
100
AcDbLine
 10
491.6757810333306
 20
-2515.035743861538
 30
0
 11
490.6757810333306
 21
-2515.035743861538
 31
0
  0
LINE
  5
F4EA
330
2
100
AcDbEntity
  8
0-CAD-polyline
 62
     1
100
AcDbLine
 10
490.6757810333306
 20
-2534.035743861538
 30
0
 11
491.6757810333306
 21
-2535.035743861538
 31
0
  0
LINE
  5
F4EB
330
2
100
AcDbEntity
  8
0-CAD-polyline
 62
     1
100
AcDbLine
 10
610.6757810333306
 20
-2534.035743861538
 30
0
 11
609.6757810333306
 21
-2535.035743861538
 31
0
  0
LINE
  5
F4EC
330
2
100
AcDbEntity
  8
0-CAD-polyline
 62
     1
100
AcDbLine
 10
491.6757810333306
 20
-2535.035743861538
 30
0
 11
609.6757810333306
 21
-2535.035743861538
 31
0
  0
LINE
  5
F4ED
330
2
100
AcDbEntity
  8
0-CAD-polyline
 62
     1
100
AcDbLine
 10
491.6757810333306
 20
-2535.035743861538
 30
0
 11
491.6757810333306
 21
-2553.035743861538
 31
0
  0
LINE
  5
F4EE
330
2
100
AcDbEntity
  8
0-CAD-polyline
 62
     1
100
AcDbLine
 10
609.6757810333306
 20
-2535.035743861538
 30
0
 11
609.6757810333306
 21
-2553.035743861538
 31
0
  0
LINE
  5
F4EF
330
2
100
AcDbEntity
  8
0-CAD-polyline
 62
     1
100
AcDbLine
 10
490.6757810333306
 20
-2553.035743861538
 30
0
 11
610.6757810333306
 21
-2553.035743861538
 31
0
  0
TEXT
  5
F4F0
330
2
100
AcDbEntity
  8
0-CAD-polyline
 62
     1
100
AcDbText
 10
545.008473341023
 20
-2565.285743861538
 30
0
 40
3.5
  1
*8B1
  7

 72
     1
 11
550.6757810333306
 21
-2561.785743861538
 31
0
100
AcDbText
 73
     3
  0
TEXT
  5
F4F1
330
2
100
AcDbEntity
  8
0-CAD-polyline
 62
     1
100
AcDbText
 10
544.0541849922496
 20
-2568.435743986708
 30
0
 40
2.449999958276749
  1
26.24 kg
  7

 72
     1
 11
550.6757810333306
 21
-2565.985744028431
 31
0
100
AcDbText
 73
     3
  0
LINE
  5
F4F2
330
2
100
AcDbEntity
  8
0-CAD-polyline
 62
     1
100
AcDbLine
 10
506.6865766265923
 20
-2483.835792689663
 30
0
 11
600.6877286651666
 21
-2483.835792689663
 31
0
  0
TEXT
  5
F4F3
330
2
100
AcDbEntity
  8
0-CAD-polyline
100
AcDbText
 10
486.6865766265923
 20
-2482.835792689663
 30
0
 40
10
  1
 8
  7

 11
0
 21
0
 31
0
100
AcDbText
  0
POLYLINE
  5
F4F4
330
2
100
AcDbEntity
  8
0-CAD-polyline
 62
     5
100
AcDb2dPolyline
 66
     1
 10
0
 20
0
 30
0
 40
0
 41
0
  0
VERTEX
  5
F4F5
330
F4F4
100
AcDbEntity
  8
0-CAD-polyline
 62
     5
100
AcDbVertex
100
AcDb2dVertex
 10
529.5890329101617
 20
-2755.851417689663
 30
0
  0
VERTEX
  5
F4F6
330
F4F4
100
AcDbEntity
  8
0-CAD-polyline
 62
     5
100
AcDbVertex
100
AcDb2dVertex
 10
528.606744549566
 20
-2756.038917689663
 30
0
  0
VERTEX
  5
F4F7
330
F4F4
100
AcDbEntity
  8
0-CAD-polyline
 62
     5
100
AcDbVertex
100
AcDb2dVertex
 10
533.6660478332574
 20
-2782.560646205288
 30
0
  0
VERTEX
  5
F4F8
330
F4F4
100
AcDbEntity
  8
0-CAD-polyline
 62
     5
100
AcDbVertex
100
AcDb2dVertex
 10
535.8118550994927
 20
-2784.335792689663
 30
0
  0
VERTEX
  5
F4F9
330
F4F4
100
AcDbEntity
  8
0-CAD-polyline
 62
     5
100
AcDbVertex
100
AcDb2dVertex
 10
542.0618627288873
 20
-2784.335792689663
 30
0
  0
VERTEX
  5
F4FA
330
F4F4
100
AcDbEntity
  8
0-CAD-polyline
 62
     5
100
AcDbVertex
100
AcDb2dVertex
 10
548.3118550994927
 20
-2784.335792689663
 30
0
  0
VERTEX
  5
F4FB
330
F4F4
100
AcDbEntity
  8
0-CAD-polyline
 62
     5
100
AcDbVertex
100
AcDb2dVertex
 10
550.3835299232537
 20
-2782.437355189663
 30
0
  0
VERTEX
  5
F4FC
330
F4F4
100
AcDbEntity
  8
0-CAD-polyline
 62
     5
100
AcDbVertex
100
AcDb2dVertex
 10
551.4293987968499
 20
-2770.483009486538
 30
0
  0
VERTEX
  5
F4FD
330
F4F4
100
AcDbEntity
  8
0-CAD-polyline
 62
     5
100
AcDbVertex
100
AcDb2dVertex
 10
552.5127492168481
 20
-2769.574073939663
 30
0
  0
VERTEX
  5
F4FE
330
F4F4
100
AcDbEntity
  8
0-CAD-polyline
 62
     5
100
AcDbVertex
100
AcDb2dVertex
 10
574.4290330627496
 20
-2771.491554408413
 30
0
  0
VERTEX
  5
F4FF
330
F4F4
100
AcDbEntity
  8
0-CAD-polyline
 62
     5
100
AcDbVertex
100
AcDb2dVertex
 10
576.6152703979546
 20
-2769.705421595913
 30
0
  0
VERTEX
  5
F500
330
F4F4
100
AcDbEntity
  8
0-CAD-polyline
 62
     5
100
AcDbVertex
100
AcDb2dVertex
 10
577.9737088897759
 20
-2757.782570033413
 30
0
  0
VERTEX
  5
F501
330
F4F4
100
AcDbEntity
  8
0-CAD-polyline
 62
     5
100
AcDbVertex
100
AcDb2dVertex
 10
576.9801366546685
 20
-2757.669288783413
 30
0
  0
VERTEX
  5
F502
330
F4F4
100
AcDbEntity
  8
0-CAD-polyline
 62
     5
100
AcDbVertex
100
AcDb2dVertex
 10
575.6216981628472
 20
-2769.592140345913
 30
0
  0
VERTEX
  5
F503
330
F4F4
100
AcDbEntity
  8
0-CAD-polyline
 62
     5
100
AcDbVertex
100
AcDb2dVertex
 10
574.5161874511773
 20
-2770.495460658413
 30
0
  0
VERTEX
  5
F504
330
F4F4
100
AcDbEntity
  8
0-CAD-polyline
 62
     5
100
AcDbVertex
100
AcDb2dVertex
 10
552.5999050357873
 20
-2768.577980189663
 30
0
  0
VERTEX
  5
F505
330
F4F4
100
AcDbEntity
  8
0-CAD-polyline
 62
     5
100
AcDbVertex
100
AcDb2dVertex
 10
550.4332041212851
 20
-2770.396095424038
 30
0
  0
VERTEX
  5
F506
330
F4F4
100
AcDbEntity
  8
0-CAD-polyline
 62
     5
100
AcDbVertex
100
AcDb2dVertex
 10
549.3873352029855
 20
-2782.350441127163
 30
0
  0
VERTEX
  5
F507
330
F4F4
100
AcDbEntity
  8
0-CAD-polyline
 62
     5
100
AcDbVertex
100
AcDb2dVertex
 10
548.3118550994927
 20
-2783.335792689663
 30
0
  0
VERTEX
  5
F508
330
F4F4
100
AcDbEntity
  8
0-CAD-polyline
 62
     5
100
AcDbVertex
100
AcDb2dVertex
 10
542.0618627288873
 20
-2783.335792689663
 30
0
  0
VERTEX
  5
F509
330
F4F4
100
AcDbEntity
  8
0-CAD-polyline
 62
     5
100
AcDbVertex
100
AcDb2dVertex
 10
535.8118550994927
 20
-2783.335792689663
 30
0
  0
VERTEX
  5
F50A
330
F4F4
100
AcDbEntity
  8
0-CAD-polyline
 62
     5
100
AcDbVertex
100
AcDb2dVertex
 10
534.6483361938531
 20
-2782.373146205288
 30
0
  0
VERTEX
  5
F50B
330
F4F4
100
AcDbEntity
  8
0-CAD-polyline
 62
     5
100
AcDbVertex
100
AcDb2dVertex
 10
529.5890329101617
 20
-2755.851417689663
 30
0
  0
SEQEND
  5
F50C
330
F4F4
100
AcDbEntity
  8
0-CAD-polyline
  0
LINE
  5
F50D
330
2
100
AcDbEntity
  8
0-CAD-polyline
 62
     5
100
AcDbLine
 10
533.6660478332574
 20
-2782.560646205288
 30
0
 11
534.6483361938531
 21
-2782.373146205288
 31
0
  0
LINE
  5
F50E
330
2
100
AcDbEntity
  8
0-CAD-polyline
 62
     5
100
AcDbLine
 10
535.8118550994927
 20
-2784.335792689663
 30
0
 11
535.8118550994927
 21
-2783.335792689663
 31
0
  0
LINE
  5
F50F
330
2
100
AcDbEntity
  8
0-CAD-polyline
 62
     5
100
AcDbLine
 10
542.0618627288873
 20
-2784.335792689663
 30
0
 11
542.0618627288873
 21
-2783.335792689663
 31
0
  0
LINE
  5
F510
330
2
100
AcDbEntity
  8
0-CAD-polyline
 62
     5
100
AcDbLine
 10
548.3118550994927
 20
-2784.335792689663
 30
0
 11
548.3118550994927
 21
-2783.335792689663
 31
0
  0
LINE
  5
F511
330
2
100
AcDbEntity
  8
0-CAD-polyline
 62
     5
100
AcDbLine
 10
550.3835299232537
 20
-2782.437355189663
 30
0
 11
549.3873352029855
 21
-2782.350441127163
 31
0
  0
LINE
  5
F512
330
2
100
AcDbEntity
  8
0-CAD-polyline
 62
     5
100
AcDbLine
 10
551.4293987968499
 20
-2770.483009486538
 30
0
 11
550.4332041212851
 21
-2770.396095424038
 31
0
  0
LINE
  5
F513
330
2
100
AcDbEntity
  8
0-CAD-polyline
 62
     5
100
AcDbLine
 10
552.5127492168481
 20
-2769.574073939663
 30
0
 11
552.5999050357873
 21
-2768.577980189663
 31
0
  0
LINE
  5
F514
330
2
100
AcDbEntity
  8
0-CAD-polyline
 62
     5
100
AcDbLine
 10
574.4290330627496
 20
-2771.491554408413
 30
0
 11
574.5161874511773
 21
-2770.495460658413
 31
0
  0
LINE
  5
F515
330
2
100
AcDbEntity
  8
0-CAD-polyline
 62
     5
100
AcDbLine
 10
576.6152703979546
 20
-2769.705421595913
 30
0
 11
575.6216981628472
 21
-2769.592140345913
 31
0
  0
LINE
  5
F516
330
2
100
AcDbEntity
  8
0-CAD-polyline
 62
     1
100
AcDbLine
 10
662.0618589133305
 20
-2705.135780477788
 30
0
 11
422.0618589133305
 21
-2705.135780477788
 31
0
1001
COPRA_AXIS
1000
b98728bd-3354-4fa9-9d76-5a7856907d4c
  0
LINE
  5
F517
330
2
100
AcDbEntity
  8
0-CAD-polyline
 62
     1
100
AcDbLine
 10
422.0618589133305
 20
-2860.135780477788
 30
0
 11
662.0618589133305
 21
-2860.135780477788
 31
0
1001
COPRA_AXIS
1000
02fe21d7-bf18-4c0e-8cbd-029bd1c32321
  0
LINE
  5
F518
330
2
100
AcDbEntity
  8
0-CAD-polyline
 62
     5
100
AcDbLine
 10
491.6757810333306
 20
-2730.135841517788
 30
0
 11
491.6757810333306
 21
-2712.135841517788
 31
0
  0
LINE
  5
F519
330
2
100
AcDbEntity
  8
0-CAD-polyline
 62
     5
100
AcDbLine
 10
609.6757810333306
 20
-2730.135841517788
 30
0
 11
609.6757810333306
 21
-2712.135841517788
 31
0
  0
LINE
  5
F51A
330
2
100
AcDbEntity
  8
0-CAD-polyline
 62
     5
100
AcDbLine
 10
490.6757810333306
 20
-2712.135841517788
 30
0
 11
610.6757810333306
 21
-2712.135841517788
 31
0
  0
POLYLINE
  5
F51B
330
2
100
AcDbEntity
  8
0-CAD-polyline
 62
     5
100
AcDb2dPolyline
 66
     1
 10
0
 20
0
 30
0
 40
0
 41
0
  0
VERTEX
  5
F51C
330
F51B
100
AcDbEntity
  8
0-CAD-polyline
 62
     5
100
AcDbVertex
100
AcDb2dVertex
 10
490.6757810333306
 20
-2731.135841517788
 30
0
  0
VERTEX
  5
F51D
330
F51B
100
AcDbEntity
  8
0-CAD-polyline
 62
     5
100
AcDbVertex
100
AcDb2dVertex
 10
491.6757810333306
 20
-2730.135841517788
 30
0
  0
VERTEX
  5
F51E
330
F51B
100
AcDbEntity
  8
0-CAD-polyline
 62
     5
100
AcDbVertex
100
AcDb2dVertex
 10
609.6757810333306
 20
-2730.135841517788
 30
0
  0
VERTEX
  5
F51F
330
F51B
100
AcDbEntity
  8
0-CAD-polyline
 62
     5
100
AcDbVertex
100
AcDb2dVertex
 10
610.6757810333306
 20
-2731.135841517788
 30
0
  0
SEQEND
  5
F520
330
F51B
100
AcDbEntity
  8
0-CAD-polyline
 62
     5
  0
POLYLINE
  5
F521
330
2
100
AcDbEntity
  8
0-CAD-polyline
 62
     5
100
AcDb2dPolyline
 66
     1
 10
0
 20
0
 30
0
 40
0
 41
0
1001
COPRA
1000
2
1001
CrfRollDraw
1000
4967de02-507d-466b-b7e7-ef1c80788713
  0
VERTEX
  5
F522
330
F521
100
AcDbEntity
  8
0-CAD-polyline
 62
     5
100
AcDbVertex
100
AcDb2dVertex
 10
490.6757810333306
 20
-2705.135841517788
 30
0
  0
VERTEX
  5
F523
330
F521
100
AcDbEntity
  8
0-CAD-polyline
 62
     5
100
AcDbVertex
100
AcDb2dVertex
 10
490.6757810333306
 20
-2742.135841517788
 30
0
  0
VERTEX
  5
F524
330
F521
100
AcDbEntity
  8
0-CAD-polyline
 62
     5
100
AcDbVertex
100
AcDb2dVertex
 10
491.6757810333306
 20
-2743.135841517788
 30
0
  0
VERTEX
  5
F525
330
F521
100
AcDbEntity
  8
0-CAD-polyline
 62
     5
100
AcDbVertex
100
AcDb2dVertex
 10
522.1107910033306
 20
-2743.135841517788
 30
0
  0
VERTEX
  5
F526
330
F521
100
AcDbEntity
  8
0-CAD-polyline
 62
     5
100
AcDbVertex
100
AcDb2dVertex
 10
527.0222271333305
 20
-2747.198934327788
 30
0
  0
VERTEX
  5
F527
330
F521
100
AcDbEntity
  8
0-CAD-polyline
 62
     5
100
AcDbVertex
100
AcDb2dVertex
 10
528.6674948133304
 20
-2755.823723647788
 30
0
  0
VERTEX
  5
F528
330
F521
100
AcDbEntity
  8
0-CAD-polyline
 62
     5
100
AcDbVertex
100
AcDb2dVertex
 10
528.9014285433304
 20
-2755.982704807788
 30
0
  0
VERTEX
  5
F529
330
F521
100
AcDbEntity
  8
0-CAD-polyline
 62
     5
100
AcDbVertex
100
AcDb2dVertex
 10
529.8204361033308
 20
-2755.807394607788
 30
0
  0
VERTEX
  5
F52A
330
F521
100
AcDbEntity
  8
0-CAD-polyline
 62
     5
100
AcDbVertex
100
AcDb2dVertex
 10
534.6464341933306
 20
-2782.363130337788
 30
0
  0
VERTEX
  5
F52B
330
F521
100
AcDbEntity
  8
0-CAD-polyline
 62
     5
100
AcDbVertex
100
AcDb2dVertex
 10
535.8118460933306
 20
-2783.335839007788
 30
0
  0
VERTEX
  5
F52C
330
F521
100
AcDbEntity
  8
0-CAD-polyline
 62
     5
100
AcDbVertex
100
AcDb2dVertex
 10
548.3118460433307
 20
-2783.335838157788
 30
0
  0
VERTEX
  5
F52D
330
F521
100
AcDbEntity
  8
0-CAD-polyline
 62
     5
100
AcDbVertex
100
AcDb2dVertex
 10
549.3888044133305
 20
-2782.331558137788
 30
0
  0
VERTEX
  5
F52E
330
F521
100
AcDbEntity
  8
0-CAD-polyline
 62
     5
100
AcDbVertex
100
AcDb2dVertex
 10
550.3642289533304
 20
-2768.382332517788
 30
0
  0
VERTEX
  5
F52F
330
F521
100
AcDbEntity
  8
0-CAD-polyline
 62
     5
100
AcDbVertex
100
AcDb2dVertex
 10
574.5367808733308
 20
-2770.497155117788
 30
0
  0
VERTEX
  5
F530
330
F521
100
AcDbEntity
  8
0-CAD-polyline
 62
     5
100
AcDbVertex
100
AcDb2dVertex
 10
575.5732803833307
 20
-2769.645764697788
 30
0
  0
VERTEX
  5
F531
330
F521
100
AcDbEntity
  8
0-CAD-polyline
 62
     5
100
AcDbVertex
100
AcDb2dVertex
 10
576.8756104733307
 20
-2757.657604157788
 30
0
  0
VERTEX
  5
F532
330
F521
100
AcDbEntity
  8
0-CAD-polyline
 62
     5
100
AcDbVertex
100
AcDb2dVertex
 10
577.6756643133308
 20
-2757.748550057788
 30
0
  0
VERTEX
  5
F533
330
F521
100
AcDbEntity
  8
0-CAD-polyline
 62
     5
100
AcDbVertex
100
AcDb2dVertex
 10
577.8969680133305
 20
-2757.572471617788
 30
0
  0
VERTEX
  5
F534
330
F521
100
AcDbEntity
  8
0-CAD-polyline
 62
     5
100
AcDbVertex
100
AcDb2dVertex
 10
579.0366858433308
 20
-2747.569797467788
 30
0
  0
VERTEX
  5
F535
330
F521
100
AcDbEntity
  8
0-CAD-polyline
 62
     5
100
AcDbVertex
100
AcDb2dVertex
 10
584.0045419333305
 20
-2743.135841517788
 30
0
  0
VERTEX
  5
F536
330
F521
100
AcDbEntity
  8
0-CAD-polyline
 62
     5
100
AcDbVertex
100
AcDb2dVertex
 10
609.6757810333306
 20
-2743.135841517788
 30
0
  0
VERTEX
  5
F537
330
F521
100
AcDbEntity
  8
0-CAD-polyline
 62
     5
100
AcDbVertex
100
AcDb2dVertex
 10
610.6757810333306
 20
-2742.135841517788
 30
0
  0
VERTEX
  5
F538
330
F521
100
AcDbEntity
  8
0-CAD-polyline
 62
     5
100
AcDbVertex
100
AcDb2dVertex
 10
610.6757810333306
 20
-2705.135841517788
 30
0
  0
SEQEND
  5
F539
330
F521
100
AcDbEntity
  8
0-CAD-polyline
 62
     5
  0
LINE
  5
F53A
330
2
100
AcDbEntity
  8
0-CAD-polyline
 62
     5
100
AcDbLine
 10
490.6757810333306
 20
-2735.135841517788
 30
0
 11
491.6757810333306
 21
-2735.135841517788
 31
0
  0
LINE
  5
F53B
330
2
100
AcDbEntity
  8
0-CAD-polyline
 62
     5
100
AcDbLine
 10
491.6757810333306
 20
-2735.135841517788
 30
0
 11
491.6757810333306
 21
-2740.135841517788
 31
0
  0
LINE
  5
F53C
330
2
100
AcDbEntity
  8
0-CAD-polyline
 62
     5
100
AcDbLine
 10
491.6757810333306
 20
-2740.135841517788
 30
0
 11
490.6757810333306
 21
-2740.135841517788
 31
0
  0
LINE
  5
F53D
330
2
100
AcDbEntity
  8
0-CAD-polyline
 62
     5
100
AcDbLine
 10
490.6757810333306
 20
-2731.135841517788
 30
0
 11
491.6757810333306
 21
-2730.135841517788
 31
0
  0
LINE
  5
F53E
330
2
100
AcDbEntity
  8
0-CAD-polyline
 62
     5
100
AcDbLine
 10
610.6757810333306
 20
-2731.135841517788
 30
0
 11
609.6757810333306
 21
-2730.135841517788
 31
0
  0
LINE
  5
F53F
330
2
100
AcDbEntity
  8
0-CAD-polyline
 62
     5
100
AcDbLine
 10
491.6757810333306
 20
-2730.135841517788
 30
0
 11
609.6757810333306
 21
-2730.135841517788
 31
0
  0
LINE
  5
F540
330
2
100
AcDbEntity
  8
0-CAD-polyline
 62
     5
100
AcDbLine
 10
491.6757810333306
 20
-2730.135841517788
 30
0
 11
491.6757810333306
 21
-2712.135841517788
 31
0
  0
LINE
  5
F541
330
2
100
AcDbEntity
  8
0-CAD-polyline
 62
     5
100
AcDbLine
 10
609.6757810333306
 20
-2730.135841517788
 30
0
 11
609.6757810333306
 21
-2712.135841517788
 31
0
  0
LINE
  5
F542
330
2
100
AcDbEntity
  8
0-CAD-polyline
 62
     5
100
AcDbLine
 10
490.6757810333306
 20
-2712.135841517788
 30
0
 11
610.6757810333306
 21
-2712.135841517788
 31
0
  0
TEXT
  5
F543
330
2
100
AcDbEntity
  8
0-CAD-polyline
 62
     5
100
AcDbText
 10
545.1646271871767
 20
-2701.905072287019
 30
0
 40
3.5
  1
*9T1
  7

 72
     1
 11
550.6757810333306
 21
-2703.385841517788
 31
0
100
AcDbText
 73
     1
  0
TEXT
  5
F544
330
2
100
AcDbEntity
  8
0-CAD-polyline
 62
     5
100
AcDbText
 10
545.0323003602077
 20
-2698.149302907009
 30
0
 40
2.449999958276749
  1
6.31 kg
  7

 72
     1
 11
550.6757810333306
 21
-2699.185841350895
 31
0
100
AcDbText
 73
     1
  0
LINE
  5
F545
330
2
100
AcDbEntity
  8
0-CAD-polyline
 62
     1
100
AcDbLine
 10
491.6757810333306
 20
-2835.135841517788
 30
0
 11
491.6757810333306
 21
-2853.135841517788
 31
0
  0
LINE
  5
F546
330
2
100
AcDbEntity
  8
0-CAD-polyline
 62
     1
100
AcDbLine
 10
533.004672787481
 20
-2835.135841517788
 30
0
 11
533.004672787481
 21
-2853.135841517788
 31
0
  0
LINE
  5
F547
330
2
100
AcDbEntity
  8
0-CAD-polyline
 62
     1
100
AcDbLine
 10
490.6757810333306
 20
-2853.135841517788
 30
0
 11
534.004672787481
 21
-2853.135841517788
 31
0
  0
POLYLINE
  5
F548
330
2
100
AcDbEntity
  8
0-CAD-polyline
 62
     1
100
AcDb2dPolyline
 66
     1
 10
0
 20
0
 30
0
 40
0
 41
0
  0
VERTEX
  5
F549
330
F548
100
AcDbEntity
  8
0-CAD-polyline
 62
     1
100
AcDbVertex
100
AcDb2dVertex
 10
490.6757810333306
 20
-2834.135841517788
 30
0
  0
VERTEX
  5
F54A
330
F548
100
AcDbEntity
  8
0-CAD-polyline
 62
     1
100
AcDbVertex
100
AcDb2dVertex
 10
491.6757810333306
 20
-2835.135841517788
 30
0
  0
VERTEX
  5
F54B
330
F548
100
AcDbEntity
  8
0-CAD-polyline
 62
     1
100
AcDbVertex
100
AcDb2dVertex
 10
533.004672787481
 20
-2835.135841517788
 30
0
  0
VERTEX
  5
F54C
330
F548
100
AcDbEntity
  8
0-CAD-polyline
 62
     1
100
AcDbVertex
100
AcDb2dVertex
 10
534.004672787481
 20
-2834.135841517788
 30
0
  0
SEQEND
  5
F54D
330
F548
100
AcDbEntity
  8
0-CAD-polyline
 62
     1
  0
POLYLINE
  5
F54E
330
2
100
AcDbEntity
  8
0-CAD-polyline
 62
     1
100
AcDb2dPolyline
 66
     1
 10
0
 20
0
 30
0
 40
0
 41
0
1001
COPRA
1000
3
1001
CrfRollDraw
1000
5e9f90ba-6bf4-4ca1-9ed3-7ff95d9f77e6
  0
VERTEX
  5
F54F
330
F54E
100
AcDbEntity
  8
0-CAD-polyline
 62
     1
100
AcDbVertex
100
AcDb2dVertex
 10
490.6757810333306
 20
-2860.135841517788
 30
0
  0
VERTEX
  5
F550
330
F54E
100
AcDbEntity
  8
0-CAD-polyline
 62
     1
100
AcDbVertex
100
AcDb2dVertex
 10
490.6757810333306
 20
-2746.135841507788
 30
0
  0
VERTEX
  5
F551
330
F54E
100
AcDbEntity
  8
0-CAD-polyline
 62
     1
100
AcDbVertex
100
AcDb2dVertex
 10
491.6757810333306
 20
-2745.135841507788
 30
0
  0
VERTEX
  5
F552
330
F54E
100
AcDbEntity
  8
0-CAD-polyline
 62
     1
100
AcDbVertex
100
AcDb2dVertex
 10
516.5996056933304
 20
-2745.135841627789
 30
0
  0
VERTEX
  5
F553
330
F54E
100
AcDbEntity
  8
0-CAD-polyline
 62
     1
100
AcDbVertex
100
AcDb2dVertex
 10
528.3870525233306
 20
-2754.887264647788
 30
0
  0
VERTEX
  5
F554
330
F54E
100
AcDbEntity
  8
0-CAD-polyline
 62
     1
100
AcDbVertex
100
AcDb2dVertex
 10
533.9692463933306
 20
-2784.150132067788
 30
0
  0
VERTEX
  5
F555
330
F54E
100
AcDbEntity
  8
0-CAD-polyline
 62
     1
100
AcDbVertex
100
AcDb2dVertex
 10
534.0046719333304
 20
-2784.524894907788
 30
0
  0
VERTEX
  5
F556
330
F54E
100
AcDbEntity
  8
0-CAD-polyline
 62
     1
100
AcDbVertex
100
AcDb2dVertex
 10
534.0046719333304
 20
-2860.135841517788
 30
0
  0
SEQEND
  5
F557
330
F54E
100
AcDbEntity
  8
0-CAD-polyline
 62
     1
  0
LINE
  5
F558
330
2
100
AcDbEntity
  8
0-CAD-polyline
 62
     1
100
AcDbLine
 10
490.6757810333306
 20
-2825.135841517788
 30
0
 11
491.6757810333306
 21
-2825.135841517788
 31
0
  0
LINE
  5
F559
330
2
100
AcDbEntity
  8
0-CAD-polyline
 62
     1
100
AcDbLine
 10
491.6757810333306
 20
-2825.135841517788
 30
0
 11
491.6757810333306
 21
-2815.135841517788
 31
0
  0
LINE
  5
F55A
330
2
100
AcDbEntity
  8
0-CAD-polyline
 62
     1
100
AcDbLine
 10
491.6757810333306
 20
-2815.135841517788
 30
0
 11
490.6757810333306
 21
-2815.135841517788
 31
0
  0
LINE
  5
F55B
330
2
100
AcDbEntity
  8
0-CAD-polyline
 62
     1
100
AcDbLine
 10
490.6757810333306
 20
-2834.135841517788
 30
0
 11
491.6757810333306
 21
-2835.135841517788
 31
0
  0
LINE
  5
F55C
330
2
100
AcDbEntity
  8
0-CAD-polyline
 62
     1
100
AcDbLine
 10
534.004672787481
 20
-2834.135841517788
 30
0
 11
533.004672787481
 21
-2835.135841517788
 31
0
  0
LINE
  5
F55D
330
2
100
AcDbEntity
  8
0-CAD-polyline
 62
     1
100
AcDbLine
 10
491.6757810333306
 20
-2835.135841517788
 30
0
 11
533.004672787481
 21
-2835.135841517788
 31
0
  0
LINE
  5
F55E
330
2
100
AcDbEntity
  8
0-CAD-polyline
 62
     1
100
AcDbLine
 10
491.6757810333306
 20
-2835.135841517788
 30
0
 11
491.6757810333306
 21
-2853.135841517788
 31
0
  0
LINE
  5
F55F
330
2
100
AcDbEntity
  8
0-CAD-polyline
 62
     1
100
AcDbLine
 10
533.004672787481
 20
-2835.135841517788
 30
0
 11
533.004672787481
 21
-2853.135841517788
 31
0
  0
LINE
  5
F560
330
2
100
AcDbEntity
  8
0-CAD-polyline
 62
     1
100
AcDbLine
 10
490.6757810333306
 20
-2853.135841517788
 30
0
 11
534.004672787481
 21
-2853.135841517788
 31
0
  0
TEXT
  5
F561
330
2
100
AcDbEntity
  8
0-CAD-polyline
 62
     1
100
AcDbText
 10
506.6729173107495
 20
-2865.385841517788
 30
0
 40
3.5
  1
*9B1
  7

 72
     1
 11
512.3402250030572
 21
-2861.885841517788
 31
0
100
AcDbText
 73
     3
  0
TEXT
  5
F562
330
2
100
AcDbEntity
  8
0-CAD-polyline
 62
     1
100
AcDbText
 10
505.7186289619762
 20
-2868.535841642958
 30
0
 40
2.449999958276749
  1
12.58 kg
  7

 72
     1
 11
512.3402250030572
 21
-2866.085841684681
 31
0
100
AcDbText
 73
     3
  0
LINE
  5
F563
330
2
100
AcDbEntity
  8
0-CAD-polyline
 62
     1
100
AcDbLine
 10
535.004672787481
 20
-2835.135841517788
 30
0
 11
535.004672787481
 21
-2853.135841517788
 31
0
  0
LINE
  5
F564
330
2
100
AcDbEntity
  8
0-CAD-polyline
 62
     1
100
AcDbLine
 10
549.4605657079751
 20
-2835.135841517788
 30
0
 11
549.4605657079751
 21
-2853.135841517788
 31
0
  0
LINE
  5
F565
330
2
100
AcDbEntity
  8
0-CAD-polyline
 62
     1
100
AcDbLine
 10
534.004672787481
 20
-2853.135841517788
 30
0
 11
550.4605657079751
 21
-2853.135841517788
 31
0
  0
POLYLINE
  5
F566
330
2
100
AcDbEntity
  8
0-CAD-polyline
 62
     1
100
AcDb2dPolyline
 66
     1
 10
0
 20
0
 30
0
 40
0
 41
0
  0
VERTEX
  5
F567
330
F566
100
AcDbEntity
  8
0-CAD-polyline
 62
     1
100
AcDbVertex
100
AcDb2dVertex
 10
534.004672787481
 20
-2834.135841517788
 30
0
  0
VERTEX
  5
F568
330
F566
100
AcDbEntity
  8
0-CAD-polyline
 62
     1
100
AcDbVertex
100
AcDb2dVertex
 10
535.004672787481
 20
-2835.135841517788
 30
0
  0
VERTEX
  5
F569
330
F566
100
AcDbEntity
  8
0-CAD-polyline
 62
     1
100
AcDbVertex
100
AcDb2dVertex
 10
549.4605657079751
 20
-2835.135841517788
 30
0
  0
VERTEX
  5
F56A
330
F566
100
AcDbEntity
  8
0-CAD-polyline
 62
     1
100
AcDbVertex
100
AcDb2dVertex
 10
550.4605657079751
 20
-2834.135841517788
 30
0
  0
SEQEND
  5
F56B
330
F566
100
AcDbEntity
  8
0-CAD-polyline
 62
     1
  0
POLYLINE
  5
F56C
330
2
100
AcDbEntity
  8
0-CAD-polyline
 62
     1
100
AcDb2dPolyline
 66
     1
 10
0
 20
0
 30
0
 40
0
 41
0
1001
COPRA
1000
4
1001
CrfRollDraw
1000
62e0c12c-3fe9-49ab-b0c6-67f25cdf307d
  0
VERTEX
  5
F56D
330
F56C
100
AcDbEntity
  8
0-CAD-polyline
 62
     1
100
AcDbVertex
100
AcDb2dVertex
 10
534.004672787481
 20
-2860.135841517788
 30
0
  0
VERTEX
  5
F56E
330
F56C
100
AcDbEntity
  8
0-CAD-polyline
 62
     1
100
AcDbVertex
100
AcDb2dVertex
 10
534.004672787481
 20
-2785.335839067788
 30
0
  0
VERTEX
  5
F56F
330
F56C
100
AcDbEntity
  8
0-CAD-polyline
 62
     1
100
AcDbVertex
100
AcDb2dVertex
 10
535.0046727174808
 20
-2784.335839067788
 30
0
  0
VERTEX
  5
F570
330
F56C
100
AcDbEntity
  8
0-CAD-polyline
 62
     1
100
AcDbVertex
100
AcDb2dVertex
 10
549.4605656374811
 20
-2784.335838087788
 30
0
  0
VERTEX
  5
F571
330
F56C
100
AcDbEntity
  8
0-CAD-polyline
 62
     1
100
AcDbVertex
100
AcDb2dVertex
 10
550.4605657074812
 20
-2785.335838087788
 30
0
  0
VERTEX
  5
F572
330
F56C
100
AcDbEntity
  8
0-CAD-polyline
 62
     1
100
AcDbVertex
100
AcDb2dVertex
 10
550.4605657074812
 20
-2860.135841517788
 30
0
  0
SEQEND
  5
F573
330
F56C
100
AcDbEntity
  8
0-CAD-polyline
 62
     1
  0
LINE
  5
F574
330
2
100
AcDbEntity
  8
0-CAD-polyline
 62
     1
100
AcDbLine
 10
534.004672787481
 20
-2825.135841517788
 30
0
 11
535.004672787481
 21
-2825.135841517788
 31
0
  0
LINE
  5
F575
330
2
100
AcDbEntity
  8
0-CAD-polyline
 62
     1
100
AcDbLine
 10
535.004672787481
 20
-2825.135841517788
 30
0
 11
535.004672787481
 21
-2815.135841517788
 31
0
  0
LINE
  5
F576
330
2
100
AcDbEntity
  8
0-CAD-polyline
 62
     1
100
AcDbLine
 10
535.004672787481
 20
-2815.135841517788
 30
0
 11
534.004672787481
 21
-2815.135841517788
 31
0
  0
LINE
  5
F577
330
2
100
AcDbEntity
  8
0-CAD-polyline
 62
     1
100
AcDbLine
 10
534.004672787481
 20
-2834.135841517788
 30
0
 11
535.004672787481
 21
-2835.135841517788
 31
0
  0
LINE
  5
F578
330
2
100
AcDbEntity
  8
0-CAD-polyline
 62
     1
100
AcDbLine
 10
550.4605657079751
 20
-2834.135841517788
 30
0
 11
549.4605657079751
 21
-2835.135841517788
 31
0
  0
LINE
  5
F579
330
2
100
AcDbEntity
  8
0-CAD-polyline
 62
     1
100
AcDbLine
 10
535.004672787481
 20
-2835.135841517788
 30
0
 11
549.4605657079751
 21
-2835.135841517788
 31
0
  0
LINE
  5
F57A
330
2
100
AcDbEntity
  8
0-CAD-polyline
 62
     1
100
AcDbLine
 10
535.004672787481
 20
-2835.135841517788
 30
0
 11
535.004672787481
 21
-2853.135841517788
 31
0
  0
LINE
  5
F57B
330
2
100
AcDbEntity
  8
0-CAD-polyline
 62
     1
100
AcDbLine
 10
549.4605657079751
 20
-2835.135841517788
 30
0
 11
549.4605657079751
 21
-2853.135841517788
 31
0
  0
LINE
  5
F57C
330
2
100
AcDbEntity
  8
0-CAD-polyline
 62
     1
100
AcDbLine
 10
534.004672787481
 20
-2853.135841517788
 30
0
 11
550.4605657079751
 21
-2853.135841517788
 31
0
  0
TEXT
  5
F57D
330
2
100
AcDbEntity
  8
0-CAD-polyline
 62
     1
100
AcDbText
 10
536.5653113766065
 20
-2865.385841517788
 30
0
 40
3.5
  1
*9B2
  7

 72
     1
 11
542.2326190689141
 21
-2861.885841517788
 31
0
100
AcDbText
 73
     3
  0
TEXT
  5
F57E
330
2
100
AcDbEntity
  8
0-CAD-polyline
 62
     1
100
AcDbText
 10
536.5891383957912
 20
-2868.535841642958
 30
0
 40
2.449999958276749
  1
2.06 kg
  7

 72
     1
 11
542.2326190689141
 21
-2866.085841684681
 31
0
100
AcDbText
 73
     3
  0
LINE
  5
F57F
330
2
100
AcDbEntity
  8
0-CAD-polyline
 62
     1
100
AcDbLine
 10
551.4605657079751
 20
-2835.135841517788
 30
0
 11
551.4605657079751
 21
-2853.135841517788
 31
0
  0
LINE
  5
F580
330
2
100
AcDbEntity
  8
0-CAD-polyline
 62
     1
100
AcDbLine
 10
575.3920781829888
 20
-2835.135841517788
 30
0
 11
575.3920781829888
 21
-2853.135841517788
 31
0
  0
LINE
  5
F581
330
2
100
AcDbEntity
  8
0-CAD-polyline
 62
     1
100
AcDbLine
 10
550.4605657079751
 20
-2853.135841517788
 30
0
 11
576.3920781829888
 21
-2853.135841517788
 31
0
  0
POLYLINE
  5
F582
330
2
100
AcDbEntity
  8
0-CAD-polyline
 62
     1
100
AcDb2dPolyline
 66
     1
 10
0
 20
0
 30
0
 40
0
 41
0
  0
VERTEX
  5
F583
330
F582
100
AcDbEntity
  8
0-CAD-polyline
 62
     1
100
AcDbVertex
100
AcDb2dVertex
 10
550.4605657079751
 20
-2834.135841517788
 30
0
  0
VERTEX
  5
F584
330
F582
100
AcDbEntity
  8
0-CAD-polyline
 62
     1
100
AcDbVertex
100
AcDb2dVertex
 10
551.4605657079751
 20
-2835.135841517788
 30
0
  0
VERTEX
  5
F585
330
F582
100
AcDbEntity
  8
0-CAD-polyline
 62
     1
100
AcDbVertex
100
AcDb2dVertex
 10
575.3920781829888
 20
-2835.135841517788
 30
0
  0
VERTEX
  5
F586
330
F582
100
AcDbEntity
  8
0-CAD-polyline
 62
     1
100
AcDbVertex
100
AcDb2dVertex
 10
576.3920781829888
 20
-2834.135841517788
 30
0
  0
SEQEND
  5
F587
330
F582
100
AcDbEntity
  8
0-CAD-polyline
 62
     1
  0
POLYLINE
  5
F588
330
2
100
AcDbEntity
  8
0-CAD-polyline
 62
     1
100
AcDb2dPolyline
 66
     1
 10
0
 20
0
 30
0
 40
0
 41
0
1001
COPRA
1000
5
1001
CrfRollDraw
1000
a4bb4f50-90fd-4ce8-8705-54cbc26407a3
  0
VERTEX
  5
F589
330
F588
100
AcDbEntity
  8
0-CAD-polyline
 62
     1
100
AcDbVertex
100
AcDb2dVertex
 10
550.4605657079751
 20
-2860.135841517788
 30
0
  0
VERTEX
  5
F58A
330
F588
100
AcDbEntity
  8
0-CAD-polyline
 62
     1
100
AcDbVertex
100
AcDb2dVertex
 10
550.4605657079751
 20
-2784.409174687788
 30
0
  0
VERTEX
  5
F58B
330
F588
100
AcDbEntity
  8
0-CAD-polyline
 62
     1
100
AcDbVertex
100
AcDb2dVertex
 10
550.4659367579752
 20
-2784.262698297788
 30
0
  0
VERTEX
  5
F58C
330
F588
100
AcDbEntity
  8
0-CAD-polyline
 62
     1
100
AcDbVertex
100
AcDb2dVertex
 10
551.473445137975
 20
-2770.543044817789
 30
0
  0
VERTEX
  5
F58D
330
F588
100
AcDbEntity
  8
0-CAD-polyline
 62
     1
100
AcDbVertex
100
AcDb2dVertex
 10
552.5561765479752
 20
-2769.619937707788
 30
0
  0
VERTEX
  5
F58E
330
F588
100
AcDbEntity
  8
0-CAD-polyline
 62
     1
100
AcDbVertex
100
AcDb2dVertex
 10
575.4774958379753
 20
-2771.584987937788
 30
0
  0
VERTEX
  5
F58F
330
F588
100
AcDbEntity
  8
0-CAD-polyline
 62
     1
100
AcDbVertex
100
AcDb2dVertex
 10
576.3920789179751
 20
-2772.581333237788
 30
0
  0
VERTEX
  5
F590
330
F588
100
AcDbEntity
  8
0-CAD-polyline
 62
     1
100
AcDbVertex
100
AcDb2dVertex
 10
576.3920789179751
 20
-2860.135841517788
 30
0
  0
SEQEND
  5
F591
330
F588
100
AcDbEntity
  8
0-CAD-polyline
 62
     1
  0
LINE
  5
F592
330
2
100
AcDbEntity
  8
0-CAD-polyline
 62
     1
100
AcDbLine
 10
550.4605657079751
 20
-2825.135841517788
 30
0
 11
551.4605657079751
 21
-2825.135841517788
 31
0
  0
LINE
  5
F593
330
2
100
AcDbEntity
  8
0-CAD-polyline
 62
     1
100
AcDbLine
 10
551.4605657079751
 20
-2825.135841517788
 30
0
 11
551.4605657079751
 21
-2815.135841517788
 31
0
  0
LINE
  5
F594
330
2
100
AcDbEntity
  8
0-CAD-polyline
 62
     1
100
AcDbLine
 10
551.4605657079751
 20
-2815.135841517788
 30
0
 11
550.4605657079751
 21
-2815.135841517788
 31
0
  0
LINE
  5
F595
330
2
100
AcDbEntity
  8
0-CAD-polyline
 62
     1
100
AcDbLine
 10
550.4605657079751
 20
-2834.135841517788
 30
0
 11
551.4605657079751
 21
-2835.135841517788
 31
0
  0
LINE
  5
F596
330
2
100
AcDbEntity
  8
0-CAD-polyline
 62
     1
100
AcDbLine
 10
576.3920781829888
 20
-2834.135841517788
 30
0
 11
575.3920781829888
 21
-2835.135841517788
 31
0
  0
LINE
  5
F597
330
2
100
AcDbEntity
  8
0-CAD-polyline
 62
     1
100
AcDbLine
 10
551.4605657079751
 20
-2835.135841517788
 30
0
 11
575.3920781829888
 21
-2835.135841517788
 31
0
  0
LINE
  5
F598
330
2
100
AcDbEntity
  8
0-CAD-polyline
 62
     1
100
AcDbLine
 10
551.4605657079751
 20
-2835.135841517788
 30
0
 11
551.4605657079751
 21
-2853.135841517788
 31
0
  0
LINE
  5
F599
330
2
100
AcDbEntity
  8
0-CAD-polyline
 62
     1
100
AcDbLine
 10
575.3920781829888
 20
-2835.135841517788
 30
0
 11
575.3920781829888
 21
-2853.135841517788
 31
0
  0
LINE
  5
F59A
330
2
100
AcDbEntity
  8
0-CAD-polyline
 62
     1
100
AcDbLine
 10
550.4605657079751
 20
-2853.135841517788
 30
0
 11
576.3920781829888
 21
-2853.135841517788
 31
0
  0
TEXT
  5
F59B
330
2
100
AcDbEntity
  8
0-CAD-polyline
 62
     1
100
AcDbText
 10
557.7590140743604
 20
-2865.385841517788
 30
0
 40
3.5
  1
*9B3
  7

 72
     1
 11
563.426321766668
 21
-2861.885841517788
 31
0
100
AcDbText
 73
     3
  0
TEXT
  5
F59C
330
2
100
AcDbEntity
  8
0-CAD-polyline
 62
     1
100
AcDbText
 10
557.7828410935451
 20
-2868.535841642958
 30
0
 40
2.449999958276749
  1
4.68 kg
  7

 72
     1
 11
563.426321766668
 21
-2866.085841684681
 31
0
100
AcDbText
 73
     3
  0
LINE
  5
F59D
330
2
100
AcDbEntity
  8
0-CAD-polyline
 62
     1
100
AcDbLine
 10
577.3920781829888
 20
-2835.135841517788
 30
0
 11
577.3920781829888
 21
-2853.135841517788
 31
0
  0
LINE
  5
F59E
330
2
100
AcDbEntity
  8
0-CAD-polyline
 62
     1
100
AcDbLine
 10
609.6757810333306
 20
-2835.135841517788
 30
0
 11
609.6757810333306
 21
-2853.135841517788
 31
0
  0
LINE
  5
F59F
330
2
100
AcDbEntity
  8
0-CAD-polyline
 62
     1
100
AcDbLine
 10
576.3920781829888
 20
-2853.135841517788
 30
0
 11
610.6757810333306
 21
-2853.135841517788
 31
0
  0
POLYLINE
  5
F5A0
330
2
100
AcDbEntity
  8
0-CAD-polyline
 62
     1
100
AcDb2dPolyline
 66
     1
 10
0
 20
0
 30
0
 40
0
 41
0
  0
VERTEX
  5
F5A1
330
F5A0
100
AcDbEntity
  8
0-CAD-polyline
 62
     1
100
AcDbVertex
100
AcDb2dVertex
 10
576.3920781829888
 20
-2834.135841517788
 30
0
  0
VERTEX
  5
F5A2
330
F5A0
100
AcDbEntity
  8
0-CAD-polyline
 62
     1
100
AcDbVertex
100
AcDb2dVertex
 10
577.3920781829888
 20
-2835.135841517788
 30
0
  0
VERTEX
  5
F5A3
330
F5A0
100
AcDbEntity
  8
0-CAD-polyline
 62
     1
100
AcDbVertex
100
AcDb2dVertex
 10
609.6757810333306
 20
-2835.135841517788
 30
0
  0
VERTEX
  5
F5A4
330
F5A0
100
AcDbEntity
  8
0-CAD-polyline
 62
     1
100
AcDbVertex
100
AcDb2dVertex
 10
610.6757810333306
 20
-2834.135841517788
 30
0
  0
SEQEND
  5
F5A5
330
F5A0
100
AcDbEntity
  8
0-CAD-polyline
 62
     1
  0
POLYLINE
  5
F5A6
330
2
100
AcDbEntity
  8
0-CAD-polyline
 62
     1
100
AcDb2dPolyline
 66
     1
 10
0
 20
0
 30
0
 40
0
 41
0
1001
COPRA
1000
6
1001
CrfRollDraw
1000
975784bb-1b7d-4e1b-a77b-aa1dd27d5a54
  0
VERTEX
  5
F5A7
330
F5A6
100
AcDbEntity
  8
0-CAD-polyline
 62
     1
100
AcDbVertex
100
AcDb2dVertex
 10
576.3920781829888
 20
-2860.135841517788
 30
0
  0
VERTEX
  5
F5A8
330
F5A6
100
AcDbEntity
  8
0-CAD-polyline
 62
     1
100
AcDbVertex
100
AcDb2dVertex
 10
576.3920781829888
 20
-2771.776969177788
 30
0
  0
VERTEX
  5
F5A9
330
F5A6
100
AcDbEntity
  8
0-CAD-polyline
 62
     1
100
AcDbVertex
100
AcDb2dVertex
 10
576.4049357329886
 20
-2771.550551697788
 30
0
  0
VERTEX
  5
F5AA
330
F5A6
100
AcDbEntity
  8
0-CAD-polyline
 62
     1
100
AcDbVertex
100
AcDb2dVertex
 10
578.1979152729887
 20
-2755.814550557788
 30
0
  0
VERTEX
  5
F5AB
330
F5A6
100
AcDbEntity
  8
0-CAD-polyline
 62
     1
100
AcDbVertex
100
AcDb2dVertex
 10
590.1624648529887
 20
-2745.135841587788
 30
0
  0
VERTEX
  5
F5AC
330
F5A6
100
AcDbEntity
  8
0-CAD-polyline
 62
     1
100
AcDbVertex
100
AcDb2dVertex
 10
609.6757811529887
 20
-2745.135841607788
 30
0
  0
VERTEX
  5
F5AD
330
F5A6
100
AcDbEntity
  8
0-CAD-polyline
 62
     1
100
AcDbVertex
100
AcDb2dVertex
 10
610.6757811529887
 20
-2746.135841607788
 30
0
  0
VERTEX
  5
F5AE
330
F5A6
100
AcDbEntity
  8
0-CAD-polyline
 62
     1
100
AcDbVertex
100
AcDb2dVertex
 10
610.6757811529887
 20
-2860.135841517788
 30
0
  0
SEQEND
  5
F5AF
330
F5A6
100
AcDbEntity
  8
0-CAD-polyline
 62
     1
  0
LINE
  5
F5B0
330
2
100
AcDbEntity
  8
0-CAD-polyline
 62
     1
100
AcDbLine
 10
576.3920781829888
 20
-2825.135841517788
 30
0
 11
577.3920781829888
 21
-2825.135841517788
 31
0
  0
LINE
  5
F5B1
330
2
100
AcDbEntity
  8
0-CAD-polyline
 62
     1
100
AcDbLine
 10
577.3920781829888
 20
-2825.135841517788
 30
0
 11
577.3920781829888
 21
-2815.135841517788
 31
0
  0
LINE
  5
F5B2
330
2
100
AcDbEntity
  8
0-CAD-polyline
 62
     1
100
AcDbLine
 10
577.3920781829888
 20
-2815.135841517788
 30
0
 11
576.3920781829888
 21
-2815.135841517788
 31
0
  0
LINE
  5
F5B3
330
2
100
AcDbEntity
  8
0-CAD-polyline
 62
     1
100
AcDbLine
 10
576.3920781829888
 20
-2834.135841517788
 30
0
 11
577.3920781829888
 21
-2835.135841517788
 31
0
  0
LINE
  5
F5B4
330
2
100
AcDbEntity
  8
0-CAD-polyline
 62
     1
100
AcDbLine
 10
610.6757810333306
 20
-2834.135841517788
 30
0
 11
609.6757810333306
 21
-2835.135841517788
 31
0
  0
LINE
  5
F5B5
330
2
100
AcDbEntity
  8
0-CAD-polyline
 62
     1
100
AcDbLine
 10
577.3920781829888
 20
-2835.135841517788
 30
0
 11
609.6757810333306
 21
-2835.135841517788
 31
0
  0
LINE
  5
F5B6
330
2
100
AcDbEntity
  8
0-CAD-polyline
 62
     1
100
AcDbLine
 10
577.3920781829888
 20
-2835.135841517788
 30
0
 11
577.3920781829888
 21
-2853.135841517788
 31
0
  0
LINE
  5
F5B7
330
2
100
AcDbEntity
  8
0-CAD-polyline
 62
     1
100
AcDbLine
 10
609.6757810333306
 20
-2835.135841517788
 30
0
 11
609.6757810333306
 21
-2853.135841517788
 31
0
  0
LINE
  5
F5B8
330
2
100
AcDbEntity
  8
0-CAD-polyline
 62
     1
100
AcDbLine
 10
576.3920781829888
 20
-2853.135841517788
 30
0
 11
610.6757810333306
 21
-2853.135841517788
 31
0
  0
TEXT
  5
F5B9
330
2
100
AcDbEntity
  8
0-CAD-polyline
 62
     1
100
AcDbText
 10
587.8666200085034
 20
-2865.385841517788
 30
0
 40
3.5
  1
*9B4
  7

 72
     1
 11
593.5339277008111
 21
-2861.885841517788
 31
0
100
AcDbText
 73
     3
  0
TEXT
  5
F5BA
330
2
100
AcDbEntity
  8
0-CAD-polyline
 62
     1
100
AcDbText
 10
586.9123316597301
 20
-2868.535841642958
 30
0
 40
2.449999958276749
  1
10.28 kg
  7

 72
     1
 11
593.5339277008111
 21
-2866.085841684681
 31
0
100
AcDbText
 73
     3
  0
LINE
  5
F5BB
330
2
100
AcDbEntity
  8
0-CAD-polyline
 62
     1
100
AcDbLine
 10
506.6865766265923
 20
-2783.835792689663
 30
0
 11
600.6877286651666
 21
-2783.835792689663
 31
0
  0
TEXT
  5
F5BC
330
2
100
AcDbEntity
  8
0-CAD-polyline
100
AcDbText
 10
486.6865766265923
 20
-2782.835792689663
 30
0
 40
10
  1
 9
  7

 11
0
 21
0
 31
0
100
AcDbText
  0
POLYLINE
  5
F5BD
330
2
100
AcDbEntity
  8
0-CAD-polyline
 62
     5
100
AcDb2dPolyline
 66
     1
 10
0
 20
0
 30
0
 40
0
 41
0
  0
VERTEX
  5
F5BE
330
F5BD
100
AcDbEntity
  8
0-CAD-polyline
 62
     5
100
AcDbVertex
100
AcDb2dVertex
 10
533.8394372680718
 20
-3055.357521205288
 30
0
  0
VERTEX
  5
F5BF
330
F5BD
100
AcDbEntity
  8
0-CAD-polyline
 62
     5
100
AcDbVertex
100
AcDb2dVertex
 10
532.8400476196343
 20
-3055.392189174038
 30
0
  0
VERTEX
  5
F5C0
330
F5BD
100
AcDbEntity
  8
0-CAD-polyline
 62
     5
100
AcDbVertex
100
AcDb2dVertex
 10
533.7823484161431
 20
-3082.375831752163
 30
0
  0
VERTEX
  5
F5C1
330
F5BD
100
AcDbEntity
  8
0-CAD-polyline
 62
     5
100
AcDbVertex
100
AcDb2dVertex
 10
535.8118617752129
 20
-3084.335792689663
 30
0
  0
VERTEX
  5
F5C2
330
F5BD
100
AcDbEntity
  8
0-CAD-polyline
 62
     5
100
AcDbVertex
100
AcDb2dVertex
 10
542.0618694046075
 20
-3084.335792689663
 30
0
  0
VERTEX
  5
F5C3
330
F5BD
100
AcDbEntity
  8
0-CAD-polyline
 62
     5
100
AcDbVertex
100
AcDb2dVertex
 10
548.3118620136315
 20
-3084.335792689663
 30
0
  0
VERTEX
  5
F5C4
330
F5BD
100
AcDbEntity
  8
0-CAD-polyline
 62
     5
100
AcDbVertex
100
AcDb2dVertex
 10
550.3118610003526
 20
-3082.335792689663
 30
0
  0
VERTEX
  5
F5C5
330
F5BD
100
AcDbEntity
  8
0-CAD-polyline
 62
     5
100
AcDbVertex
100
AcDb2dVertex
 10
550.3118546226556
 20
-3070.335792689663
 30
0
  0
VERTEX
  5
F5C6
330
F5BD
100
AcDbEntity
  8
0-CAD-polyline
 62
     5
100
AcDbVertex
100
AcDb2dVertex
 10
551.3141788461739
 20
-3069.350929408413
 30
0
  0
VERTEX
  5
F5C7
330
F5BD
100
AcDbEntity
  8
0-CAD-polyline
 62
     5
100
AcDbVertex
100
AcDb2dVertex
 10
573.3108289459283
 20
-3069.734962611538
 30
0
  0
VERTEX
  5
F5C8
330
F5BD
100
AcDbEntity
  8
0-CAD-polyline
 62
     5
100
AcDbVertex
100
AcDb2dVertex
 10
575.3742368438775
 20
-3067.810646205288
 30
0
  0
VERTEX
  5
F5C9
330
F5BD
100
AcDbEntity
  8
0-CAD-polyline
 62
     5
100
AcDbVertex
100
AcDb2dVertex
 10
576.0022618988091
 20
-3055.827003627163
 30
0
  0
VERTEX
  5
F5CA
330
F5BD
100
AcDbEntity
  8
0-CAD-polyline
 62
     5
100
AcDbVertex
100
AcDb2dVertex
 10
575.0036313751275
 20
-3055.774757533413
 30
0
  0
VERTEX
  5
F5CB
330
F5BD
100
AcDbEntity
  8
0-CAD-polyline
 62
     5
100
AcDbVertex
100
AcDb2dVertex
 10
574.3756063201959
 20
-3067.758400111538
 30
0
  0
VERTEX
  5
F5CC
330
F5BD
100
AcDbEntity
  8
0-CAD-polyline
 62
     5
100
AcDbVertex
100
AcDb2dVertex
 10
573.3282811859185
 20
-3068.734962611538
 30
0
  0
VERTEX
  5
F5CD
330
F5BD
100
AcDbEntity
  8
0-CAD-polyline
 62
     5
100
AcDbVertex
100
AcDb2dVertex
 10
551.3316307285363
 20
-3068.350929408413
 30
0
  0
VERTEX
  5
F5CE
330
F5BD
100
AcDbEntity
  8
0-CAD-polyline
 62
     5
100
AcDbVertex
100
AcDb2dVertex
 10
549.3118546226556
 20
-3070.335792689663
 30
0
  0
VERTEX
  5
F5CF
330
F5BD
100
AcDbEntity
  8
0-CAD-polyline
 62
     5
100
AcDbVertex
100
AcDb2dVertex
 10
549.3118610599572
 20
-3082.335792689663
 30
0
  0
VERTEX
  5
F5D0
330
F5BD
100
AcDbEntity
  8
0-CAD-polyline
 62
     5
100
AcDbVertex
100
AcDb2dVertex
 10
548.3118615367944
 20
-3083.335792689663
 30
0
  0
VERTEX
  5
F5D1
330
F5BD
100
AcDbEntity
  8
0-CAD-polyline
 62
     5
100
AcDbVertex
100
AcDb2dVertex
 10
542.0618694046075
 20
-3083.335792689663
 30
0
  0
VERTEX
  5
F5D2
330
F5BD
100
AcDbEntity
  8
0-CAD-polyline
 62
     5
100
AcDbVertex
100
AcDb2dVertex
 10
535.8118617752129
 20
-3083.335792689663
 30
0
  0
VERTEX
  5
F5D3
330
F5BD
100
AcDbEntity
  8
0-CAD-polyline
 62
     5
100
AcDbVertex
100
AcDb2dVertex
 10
534.7817390182549
 20
-3082.341163783413
 30
0
  0
VERTEX
  5
F5D4
330
F5BD
100
AcDbEntity
  8
0-CAD-polyline
 62
     5
100
AcDbVertex
100
AcDb2dVertex
 10
533.8394372680718
 20
-3055.357521205288
 30
0
  0
SEQEND
  5
F5D5
330
F5BD
100
AcDbEntity
  8
0-CAD-polyline
  0
LINE
  5
F5D6
330
2
100
AcDbEntity
  8
0-CAD-polyline
 62
     5
100
AcDbLine
 10
533.7823484161431
 20
-3082.375831752163
 30
0
 11
534.7817390182549
 21
-3082.341163783413
 31
0
  0
LINE
  5
F5D7
330
2
100
AcDbEntity
  8
0-CAD-polyline
 62
     5
100
AcDbLine
 10
535.8118617752129
 20
-3084.335792689663
 30
0
 11
535.8118617752129
 21
-3083.335792689663
 31
0
  0
LINE
  5
F5D8
330
2
100
AcDbEntity
  8
0-CAD-polyline
 62
     5
100
AcDbLine
 10
542.0618694046075
 20
-3084.335792689663
 30
0
 11
542.0618694046075
 21
-3083.335792689663
 31
0
  0
LINE
  5
F5D9
330
2
100
AcDbEntity
  8
0-CAD-polyline
 62
     5
100
AcDbLine
 10
548.3118620136315
 20
-3084.335792689663
 30
0
 11
548.3118615367944
 21
-3083.335792689663
 31
0
  0
LINE
  5
F5DA
330
2
100
AcDbEntity
  8
0-CAD-polyline
 62
     5
100
AcDbLine
 10
550.3118610003526
 20
-3082.335792689663
 30
0
 11
549.3118610599572
 21
-3082.335792689663
 31
0
  0
LINE
  5
F5DB
330
2
100
AcDbEntity
  8
0-CAD-polyline
 62
     5
100
AcDbLine
 10
550.3118546226556
 20
-3070.335792689663
 30
0
 11
549.3118546226556
 21
-3070.335792689663
 31
0
  0
LINE
  5
F5DC
330
2
100
AcDbEntity
  8
0-CAD-polyline
 62
     5
100
AcDbLine
 10
551.3141788461739
 20
-3069.350929408413
 30
0
 11
551.3316307285363
 21
-3068.350929408413
 31
0
  0
LINE
  5
F5DD
330
2
100
AcDbEntity
  8
0-CAD-polyline
 62
     5
100
AcDbLine
 10
573.3108289459283
 20
-3069.734962611538
 30
0
 11
573.3282811859185
 21
-3068.734962611538
 31
0
  0
LINE
  5
F5DE
330
2
100
AcDbEntity
  8
0-CAD-polyline
 62
     5
100
AcDbLine
 10
575.3742368438775
 20
-3067.810646205288
 30
0
 11
574.3756063201959
 21
-3067.758400111538
 31
0
  0
LINE
  5
F5DF
330
2
100
AcDbEntity
  8
0-CAD-polyline
 62
     1
100
AcDbLine
 10
662.0618741733306
 20
-3005.235778957788
 30
0
 11
422.0618741733306
 21
-3005.235778957788
 31
0
1001
COPRA_AXIS
1000
6f15e8b8-577e-44ef-b1c2-cf3e92fa4177
  0
LINE
  5
F5E0
330
2
100
AcDbEntity
  8
0-CAD-polyline
 62
     1
100
AcDbLine
 10
422.0618741733306
 20
-3160.235778957788
 30
0
 11
662.0618741733306
 21
-3160.235778957788
 31
0
1001
COPRA_AXIS
1000
e1355be1-4aa2-4582-9998-d56a738e81e2
  0
LINE
  5
F5E1
330
2
100
AcDbEntity
  8
0-CAD-polyline
 62
     5
100
AcDbLine
 10
491.6757810333306
 20
-3030.235695033413
 30
0
 11
491.6757810333306
 21
-3012.235695033413
 31
0
  0
LINE
  5
F5E2
330
2
100
AcDbEntity
  8
0-CAD-polyline
 62
     5
100
AcDbLine
 10
531.6760976532037
 20
-3030.235695033413
 30
0
 11
531.6760976532037
 21
-3012.235695033413
 31
0
  0
LINE
  5
F5E3
330
2
100
AcDbEntity
  8
0-CAD-polyline
 62
     5
100
AcDbLine
 10
490.6757810333306
 20
-3012.235695033413
 30
0
 11
532.6760976532037
 21
-3012.235695033413
 31
0
  0
POLYLINE
  5
F5E4
330
2
100
AcDbEntity
  8
0-CAD-polyline
 62
     5
100
AcDb2dPolyline
 66
     1
 10
0
 20
0
 30
0
 40
0
 41
0
  0
VERTEX
  5
F5E5
330
F5E4
100
AcDbEntity
  8
0-CAD-polyline
 62
     5
100
AcDbVertex
100
AcDb2dVertex
 10
490.6757810333306
 20
-3031.235695033413
 30
0
  0
VERTEX
  5
F5E6
330
F5E4
100
AcDbEntity
  8
0-CAD-polyline
 62
     5
100
AcDbVertex
100
AcDb2dVertex
 10
491.6757810333306
 20
-3030.235695033413
 30
0
  0
VERTEX
  5
F5E7
330
F5E4
100
AcDbEntity
  8
0-CAD-polyline
 62
     5
100
AcDbVertex
100
AcDb2dVertex
 10
531.6760976532037
 20
-3030.235695033413
 30
0
  0
VERTEX
  5
F5E8
330
F5E4
100
AcDbEntity
  8
0-CAD-polyline
 62
     5
100
AcDbVertex
100
AcDb2dVertex
 10
532.6760976532037
 20
-3031.235695033413
 30
0
  0
SEQEND
  5
F5E9
330
F5E4
100
AcDbEntity
  8
0-CAD-polyline
 62
     5
  0
POLYLINE
  5
F5EA
330
2
100
AcDbEntity
  8
0-CAD-polyline
 62
     5
100
AcDb2dPolyline
 66
     1
 10
0
 20
0
 30
0
 40
0
 41
0
1001
COPRA
1000
2
1001
CrfRollDraw
1000
86c1804c-cc4e-49e8-a69b-94dde7467a65
  0
VERTEX
  5
F5EB
330
F5EA
100
AcDbEntity
  8
0-CAD-polyline
 62
     5
100
AcDbVertex
100
AcDb2dVertex
 10
490.6757810333306
 20
-3005.235695033413
 30
0
  0
VERTEX
  5
F5EC
330
F5EA
100
AcDbEntity
  8
0-CAD-polyline
 62
     5
100
AcDbVertex
100
AcDb2dVertex
 10
490.6757810333306
 20
-3042.135696563413
 30
0
  0
VERTEX
  5
F5ED
330
F5EA
100
AcDbEntity
  8
0-CAD-polyline
 62
     5
100
AcDbVertex
100
AcDb2dVertex
 10
491.6757810333306
 20
-3043.135696563413
 30
0
  0
VERTEX
  5
F5EE
330
F5EA
100
AcDbEntity
  8
0-CAD-polyline
 62
     5
100
AcDbVertex
100
AcDb2dVertex
 10
531.6760980933304
 20
-3043.135696553413
 30
0
  0
VERTEX
  5
F5EF
330
F5EA
100
AcDbEntity
  8
0-CAD-polyline
 62
     5
100
AcDbVertex
100
AcDb2dVertex
 10
532.6760980933304
 20
-3042.135696553413
 30
0
  0
VERTEX
  5
F5F0
330
F5EA
100
AcDbEntity
  8
0-CAD-polyline
 62
     5
100
AcDbVertex
100
AcDb2dVertex
 10
532.6760980933304
 20
-3005.235695033413
 30
0
  0
SEQEND
  5
F5F1
330
F5EA
100
AcDbEntity
  8
0-CAD-polyline
 62
     5
  0
LINE
  5
F5F2
330
2
100
AcDbEntity
  8
0-CAD-polyline
 62
     5
100
AcDbLine
 10
490.6757810333306
 20
-3035.235695033413
 30
0
 11
491.6757810333306
 21
-3035.235695033413
 31
0
  0
LINE
  5
F5F3
330
2
100
AcDbEntity
  8
0-CAD-polyline
 62
     5
100
AcDbLine
 10
491.6757810333306
 20
-3035.235695033413
 30
0
 11
491.6757810333306
 21
-3040.135696563413
 31
0
  0
LINE
  5
F5F4
330
2
100
AcDbEntity
  8
0-CAD-polyline
 62
     5
100
AcDbLine
 10
491.6757810333306
 20
-3040.135696563413
 30
0
 11
490.6757810333306
 21
-3040.135696563413
 31
0
  0
LINE
  5
F5F5
330
2
100
AcDbEntity
  8
0-CAD-polyline
 62
     5
100
AcDbLine
 10
490.6757810333306
 20
-3031.235695033413
 30
0
 11
491.6757810333306
 21
-3030.235695033413
 31
0
  0
LINE
  5
F5F6
330
2
100
AcDbEntity
  8
0-CAD-polyline
 62
     5
100
AcDbLine
 10
532.6760976532037
 20
-3031.235695033413
 30
0
 11
531.6760976532037
 21
-3030.235695033413
 31
0
  0
LINE
  5
F5F7
330
2
100
AcDbEntity
  8
0-CAD-polyline
 62
     5
100
AcDbLine
 10
491.6757810333306
 20
-3030.235695033413
 30
0
 11
531.6760976532037
 21
-3030.235695033413
 31
0
  0
LINE
  5
F5F8
330
2
100
AcDbEntity
  8
0-CAD-polyline
 62
     5
100
AcDbLine
 10
491.6757810333306
 20
-3030.235695033413
 30
0
 11
491.6757810333306
 21
-3012.235695033413
 31
0
  0
LINE
  5
F5F9
330
2
100
AcDbEntity
  8
0-CAD-polyline
 62
     5
100
AcDbLine
 10
531.6760976532037
 20
-3030.235695033413
 30
0
 11
531.6760976532037
 21
-3012.235695033413
 31
0
  0
LINE
  5
F5FA
330
2
100
AcDbEntity
  8
0-CAD-polyline
 62
     5
100
AcDbLine
 10
490.6757810333306
 20
-3012.235695033413
 30
0
 11
532.6760976532037
 21
-3012.235695033413
 31
0
  0
TEXT
  5
F5FB
330
2
100
AcDbEntity
  8
0-CAD-polyline
 62
     5
100
AcDbText
 10
504.7674797121542
 20
-3002.004925802644
 30
0
 40
3.5
  1
*10T1
  7

 72
     1
 11
511.6759412506158
 21
-3003.485695033413
 31
0
100
AcDbText
 73
     1
  0
TEXT
  5
F5FC
330
2
100
AcDbEntity
  8
0-CAD-polyline
 62
     5
100
AcDbText
 10
506.0324605774929
 20
-2998.249156422634
 30
0
 40
2.449999958276749
  1
0.81 kg
  7

 72
     1
 11
511.6759412506158
 21
-2999.28569486652
 31
0
100
AcDbText
 73
     1
  0
LINE
  5
F5FD
330
2
100
AcDbEntity
  8
0-CAD-polyline
 62
     5
100
AcDbLine
 10
533.6760976532037
 20
-3030.235695033413
 30
0
 11
533.6760976532037
 21
-3012.235695033413
 31
0
  0
LINE
  5
F5FE
330
2
100
AcDbEntity
  8
0-CAD-polyline
 62
     5
100
AcDbLine
 10
548.3118517616326
 20
-3030.235695033413
 30
0
 11
548.3118517616326
 21
-3012.235695033413
 31
0
  0
LINE
  5
F5FF
330
2
100
AcDbEntity
  8
0-CAD-polyline
 62
     5
100
AcDbLine
 10
532.6760976532037
 20
-3012.235695033413
 30
0
 11
549.3118517616326
 21
-3012.235695033413
 31
0
  0
POLYLINE
  5
F600
330
2
100
AcDbEntity
  8
0-CAD-polyline
 62
     5
100
AcDb2dPolyline
 66
     1
 10
0
 20
0
 30
0
 40
0
 41
0
  0
VERTEX
  5
F601
330
F600
100
AcDbEntity
  8
0-CAD-polyline
 62
     5
100
AcDbVertex
100
AcDb2dVertex
 10
532.6760976532037
 20
-3031.235695033413
 30
0
  0
VERTEX
  5
F602
330
F600
100
AcDbEntity
  8
0-CAD-polyline
 62
     5
100
AcDbVertex
100
AcDb2dVertex
 10
533.6760976532037
 20
-3030.235695033413
 30
0
  0
VERTEX
  5
F603
330
F600
100
AcDbEntity
  8
0-CAD-polyline
 62
     5
100
AcDbVertex
100
AcDb2dVertex
 10
548.3118517616326
 20
-3030.235695033413
 30
0
  0
VERTEX
  5
F604
330
F600
100
AcDbEntity
  8
0-CAD-polyline
 62
     5
100
AcDbVertex
100
AcDb2dVertex
 10
549.3118517616326
 20
-3031.235695033413
 30
0
  0
SEQEND
  5
F605
330
F600
100
AcDbEntity
  8
0-CAD-polyline
 62
     5
  0
POLYLINE
  5
F606
330
2
100
AcDbEntity
  8
0-CAD-polyline
 62
     5
100
AcDb2dPolyline
 66
     1
 10
0
 20
0
 30
0
 40
0
 41
0
1001
COPRA
1000
5
1001
CrfRollDraw
1000
51dca398-0bb5-4992-b854-28481faa0444
  0
VERTEX
  5
F607
330
F606
100
AcDbEntity
  8
0-CAD-polyline
 62
     5
100
AcDbVertex
100
AcDb2dVertex
 10
532.6760976532037
 20
-3005.235695033413
 30
0
  0
VERTEX
  5
F608
330
F606
100
AcDbEntity
  8
0-CAD-polyline
 62
     5
100
AcDbVertex
100
AcDb2dVertex
 10
532.6760976532037
 20
-3043.135696553413
 30
0
  0
VERTEX
  5
F609
330
F606
100
AcDbEntity
  8
0-CAD-polyline
 62
     5
100
AcDbVertex
100
AcDb2dVertex
 10
532.6757924232038
 20
-3047.648051293413
 30
0
  0
VERTEX
  5
F60A
330
F606
100
AcDbEntity
  8
0-CAD-polyline
 62
     5
100
AcDbVertex
100
AcDb2dVertex
 10
532.6818841832037
 20
-3047.997724293413
 30
0
  0
VERTEX
  5
F60B
330
F606
100
AcDbEntity
  8
0-CAD-polyline
 62
     5
100
AcDbVertex
100
AcDb2dVertex
 10
532.9330065932036
 20
-3055.188896163413
 30
0
  0
VERTEX
  5
F60C
330
F606
100
AcDbEntity
  8
0-CAD-polyline
 62
     5
100
AcDbVertex
100
AcDb2dVertex
 10
533.1398646832035
 20
-3055.381794403414
 30
0
  0
VERTEX
  5
F60D
330
F606
100
AcDbEntity
  8
0-CAD-polyline
 62
     5
100
AcDbVertex
100
AcDb2dVertex
 10
533.9571692432037
 20
-3055.353253403413
 30
0
  0
VERTEX
  5
F60E
330
F606
100
AcDbEntity
  8
0-CAD-polyline
 62
     5
100
AcDbVertex
100
AcDb2dVertex
 10
534.7815826132037
 20
-3082.336421763413
 30
0
  0
VERTEX
  5
F60F
330
F606
100
AcDbEntity
  8
0-CAD-polyline
 62
     5
100
AcDbVertex
100
AcDb2dVertex
 10
535.8118519132036
 20
-3083.335694063413
 30
0
  0
VERTEX
  5
F610
330
F606
100
AcDbEntity
  8
0-CAD-polyline
 62
     5
100
AcDbVertex
100
AcDb2dVertex
 10
548.2263110832037
 20
-3083.335693213413
 30
0
  0
VERTEX
  5
F611
330
F606
100
AcDbEntity
  8
0-CAD-polyline
 62
     5
100
AcDbVertex
100
AcDb2dVertex
 10
549.2262923632038
 20
-3082.341801823413
 30
0
  0
VERTEX
  5
F612
330
F606
100
AcDbEntity
  8
0-CAD-polyline
 62
     5
100
AcDbVertex
100
AcDb2dVertex
 10
549.3118518132037
 20
-3068.335693273413
 30
0
  0
VERTEX
  5
F613
330
F606
100
AcDbEntity
  8
0-CAD-polyline
 62
     5
100
AcDbVertex
100
AcDb2dVertex
 10
549.3118518132037
 20
-3005.235695033413
 30
0
  0
SEQEND
  5
F614
330
F606
100
AcDbEntity
  8
0-CAD-polyline
 62
     5
  0
LINE
  5
F615
330
2
100
AcDbEntity
  8
0-CAD-polyline
 62
     5
100
AcDbLine
 10
532.6760976532037
 20
-3035.235695033413
 30
0
 11
533.6760976532037
 21
-3035.235695033413
 31
0
  0
LINE
  5
F616
330
2
100
AcDbEntity
  8
0-CAD-polyline
 62
     5
100
AcDbLine
 10
533.6760976532037
 20
-3035.235695033413
 30
0
 11
533.6760976532037
 21
-3040.235695033413
 31
0
  0
LINE
  5
F617
330
2
100
AcDbEntity
  8
0-CAD-polyline
 62
     5
100
AcDbLine
 10
533.6760976532037
 20
-3040.235695033413
 30
0
 11
532.6760976532037
 21
-3040.235695033413
 31
0
  0
LINE
  5
F618
330
2
100
AcDbEntity
  8
0-CAD-polyline
 62
     5
100
AcDbLine
 10
532.6760976532037
 20
-3031.235695033413
 30
0
 11
533.6760976532037
 21
-3030.235695033413
 31
0
  0
LINE
  5
F619
330
2
100
AcDbEntity
  8
0-CAD-polyline
 62
     5
100
AcDbLine
 10
549.3118517616326
 20
-3031.235695033413
 30
0
 11
548.3118517616326
 21
-3030.235695033413
 31
0
  0
LINE
  5
F61A
330
2
100
AcDbEntity
  8
0-CAD-polyline
 62
     5
100
AcDbLine
 10
533.6760976532037
 20
-3030.235695033413
 30
0
 11
548.3118517616326
 21
-3030.235695033413
 31
0
  0
LINE
  5
F61B
330
2
100
AcDbEntity
  8
0-CAD-polyline
 62
     5
100
AcDbLine
 10
533.6760976532037
 20
-3030.235695033413
 30
0
 11
533.6760976532037
 21
-3012.235695033413
 31
0
  0
LINE
  5
F61C
330
2
100
AcDbEntity
  8
0-CAD-polyline
 62
     5
100
AcDbLine
 10
548.3118517616326
 20
-3030.235695033413
 30
0
 11
548.3118517616326
 21
-3012.235695033413
 31
0
  0
LINE
  5
F61D
330
2
100
AcDbEntity
  8
0-CAD-polyline
 62
     5
100
AcDbLine
 10
532.6760976532037
 20
-3012.235695033413
 30
0
 11
549.3118517616326
 21
-3012.235695033413
 31
0
  0
TEXT
  5
F61E
330
2
100
AcDbEntity
  8
0-CAD-polyline
 62
     5
100
AcDbText
 10
540.6439743855531
 20
-3003.485695033929
 30
0
 40
3.5
  1
*10T2
 50
89.99999998310366
  7

 11
538.8939743855531
 21
-3003.485695033413
 31
0
100
AcDbText
 73
     2
  0
TEXT
  5
F61F
330
2
100
AcDbEntity
  8
0-CAD-polyline
 62
     5
100
AcDbText
 10
544.3189745315844
 20
-3003.485695033774
 30
0
 40
2.449999958276749
  1
2.07 kg
 50
89.99999998310366
  7

 11
543.0939745524461
 21
-3003.485695033413
 31
0
100
AcDbText
 73
     2
  0
LINE
  5
F620
330
2
100
AcDbEntity
  8
0-CAD-polyline
 62
     5
100
AcDbLine
 10
550.3118522384698
 20
-3030.235695033413
 30
0
 11
550.3118522384698
 21
-3012.235695033413
 31
0
  0
LINE
  5
F621
330
2
100
AcDbEntity
  8
0-CAD-polyline
 62
     5
100
AcDbLine
 10
575.676173947149
 20
-3030.235695033413
 30
0
 11
575.676173947149
 21
-3012.235695033413
 31
0
  0
LINE
  5
F622
330
2
100
AcDbEntity
  8
0-CAD-polyline
 62
     5
100
AcDbLine
 10
549.3118522384698
 20
-3012.235695033413
 30
0
 11
576.676173947149
 21
-3012.235695033413
 31
0
  0
POLYLINE
  5
F623
330
2
100
AcDbEntity
  8
0-CAD-polyline
 62
     5
100
AcDb2dPolyline
 66
     1
 10
0
 20
0
 30
0
 40
0
 41
0
  0
VERTEX
  5
F624
330
F623
100
AcDbEntity
  8
0-CAD-polyline
 62
     5
100
AcDbVertex
100
AcDb2dVertex
 10
549.3118522384698
 20
-3031.235695033413
 30
0
  0
VERTEX
  5
F625
330
F623
100
AcDbEntity
  8
0-CAD-polyline
 62
     5
100
AcDbVertex
100
AcDb2dVertex
 10
550.3118522384698
 20
-3030.235695033413
 30
0
  0
VERTEX
  5
F626
330
F623
100
AcDbEntity
  8
0-CAD-polyline
 62
     5
100
AcDbVertex
100
AcDb2dVertex
 10
575.676173947149
 20
-3030.235695033413
 30
0
  0
VERTEX
  5
F627
330
F623
100
AcDbEntity
  8
0-CAD-polyline
 62
     5
100
AcDbVertex
100
AcDb2dVertex
 10
576.676173947149
 20
-3031.235695033413
 30
0
  0
SEQEND
  5
F628
330
F623
100
AcDbEntity
  8
0-CAD-polyline
 62
     5
  0
POLYLINE
  5
F629
330
2
100
AcDbEntity
  8
0-CAD-polyline
 62
     5
100
AcDb2dPolyline
 66
     1
 10
0
 20
0
 30
0
 40
0
 41
0
1001
COPRA
1000
3
1001
CrfRollDraw
1000
a07b9d3d-199c-4851-8c74-6831d007213e
  0
VERTEX
  5
F62A
330
F629
100
AcDbEntity
  8
0-CAD-polyline
 62
     5
100
AcDbVertex
100
AcDb2dVertex
 10
549.3118522384698
 20
-3005.235695033413
 30
0
  0
VERTEX
  5
F62B
330
F629
100
AcDbEntity
  8
0-CAD-polyline
 62
     5
100
AcDbVertex
100
AcDb2dVertex
 10
549.3118522384698
 20
-3068.335693273413
 30
0
  0
VERTEX
  5
F62C
330
F629
100
AcDbEntity
  8
0-CAD-polyline
 62
     5
100
AcDbVertex
100
AcDb2dVertex
 10
573.2810754784696
 20
-3068.754075983413
 30
0
  0
VERTEX
  5
F62D
330
F629
100
AcDbEntity
  8
0-CAD-polyline
 62
     5
100
AcDbVertex
100
AcDb2dVertex
 10
574.3290198084696
 20
-3067.763950003413
 30
0
  0
VERTEX
  5
F62E
330
F629
100
AcDbEntity
  8
0-CAD-polyline
 62
     5
100
AcDbVertex
100
AcDb2dVertex
 10
574.8006612184699
 20
-3055.759867343413
 30
0
  0
VERTEX
  5
F62F
330
F629
100
AcDbEntity
  8
0-CAD-polyline
 62
     5
100
AcDbVertex
100
AcDb2dVertex
 10
575.69315591847
 20
-3055.791034433413
 30
0
  0
VERTEX
  5
F630
330
F629
100
AcDbEntity
  8
0-CAD-polyline
 62
     5
100
AcDbVertex
100
AcDb2dVertex
 10
575.89986182847
 20
-3055.601623483413
 30
0
  0
VERTEX
  5
F631
330
F629
100
AcDbEntity
  8
0-CAD-polyline
 62
     5
100
AcDbVertex
100
AcDb2dVertex
 10
576.60765121847
 20
-3042.096226313413
 30
0
  0
VERTEX
  5
F632
330
F629
100
AcDbEntity
  8
0-CAD-polyline
 62
     5
100
AcDbVertex
100
AcDb2dVertex
 10
576.67617476847
 20
-3039.479422923413
 30
0
  0
VERTEX
  5
F633
330
F629
100
AcDbEntity
  8
0-CAD-polyline
 62
     5
100
AcDbVertex
100
AcDb2dVertex
 10
576.67617476847
 20
-3005.235695033413
 30
0
  0
SEQEND
  5
F634
330
F629
100
AcDbEntity
  8
0-CAD-polyline
 62
     5
  0
LINE
  5
F635
330
2
100
AcDbEntity
  8
0-CAD-polyline
 62
     5
100
AcDbLine
 10
549.3118522384698
 20
-3035.235695033413
 30
0
 11
550.3118522384698
 21
-3035.235695033413
 31
0
  0
LINE
  5
F636
330
2
100
AcDbEntity
  8
0-CAD-polyline
 62
     5
100
AcDbLine
 10
550.3118522384698
 20
-3035.235695033413
 30
0
 11
550.3118522384698
 21
-3040.235695033413
 31
0
  0
LINE
  5
F637
330
2
100
AcDbEntity
  8
0-CAD-polyline
 62
     5
100
AcDbLine
 10
550.3118522384698
 20
-3040.235695033413
 30
0
 11
549.3118522384698
 21
-3040.235695033413
 31
0
  0
LINE
  5
F638
330
2
100
AcDbEntity
  8
0-CAD-polyline
 62
     5
100
AcDbLine
 10
549.3118522384698
 20
-3031.235695033413
 30
0
 11
550.3118522384698
 21
-3030.235695033413
 31
0
  0
LINE
  5
F639
330
2
100
AcDbEntity
  8
0-CAD-polyline
 62
     5
100
AcDbLine
 10
576.676173947149
 20
-3031.235695033413
 30
0
 11
575.676173947149
 21
-3030.235695033413
 31
0
  0
LINE
  5
F63A
330
2
100
AcDbEntity
  8
0-CAD-polyline
 62
     5
100
AcDbLine
 10
550.3118522384698
 20
-3030.235695033413
 30
0
 11
575.676173947149
 21
-3030.235695033413
 31
0
  0
LINE
  5
F63B
330
2
100
AcDbEntity
  8
0-CAD-polyline
 62
     5
100
AcDbLine
 10
550.3118522384698
 20
-3030.235695033413
 30
0
 11
550.3118522384698
 21
-3012.235695033413
 31
0
  0
LINE
  5
F63C
330
2
100
AcDbEntity
  8
0-CAD-polyline
 62
     5
100
AcDbLine
 10
575.676173947149
 20
-3030.235695033413
 30
0
 11
575.676173947149
 21
-3012.235695033413
 31
0
  0
LINE
  5
F63D
330
2
100
AcDbEntity
  8
0-CAD-polyline
 62
     5
100
AcDbLine
 10
549.3118522384698
 20
-3012.235695033413
 30
0
 11
576.676173947149
 21
-3012.235695033413
 31
0
  0
TEXT
  5
F63E
330
2
100
AcDbEntity
  8
0-CAD-polyline
 62
     5
100
AcDbText
 10
556.0855510775107
 20
-3002.004925802644
 30
0
 40
3.5
  1
*10T3
  7

 72
     1
 11
562.9940126159722
 21
-3003.485695033413
 31
0
100
AcDbText
 73
     1
  0
TEXT
  5
F63F
330
2
100
AcDbEntity
  8
0-CAD-polyline
 62
     5
100
AcDbText
 10
557.3505319428493
 20
-2998.249156422634
 30
0
 40
2.449999958276749
  1
2.17 kg
  7

 72
     1
 11
562.9940126159722
 21
-2999.28569486652
 31
0
100
AcDbText
 73
     1
  0
LINE
  5
F640
330
2
100
AcDbEntity
  8
0-CAD-polyline
 62
     5
100
AcDbLine
 10
577.6757810333306
 20
-3030.235695033413
 30
0
 11
577.6757810333306
 21
-3012.235695033413
 31
0
  0
LINE
  5
F641
330
2
100
AcDbEntity
  8
0-CAD-polyline
 62
     5
100
AcDbLine
 10
609.6757810333306
 20
-3030.235695033413
 30
0
 11
609.6757810333306
 21
-3012.235695033413
 31
0
  0
LINE
  5
F642
330
2
100
AcDbEntity
  8
0-CAD-polyline
 62
     5
100
AcDbLine
 10
576.6757810333306
 20
-3012.235695033413
 30
0
 11
610.6757810333306
 21
-3012.235695033413
 31
0
  0
POLYLINE
  5
F643
330
2
100
AcDbEntity
  8
0-CAD-polyline
 62
     5
100
AcDb2dPolyline
 66
     1
 10
0
 20
0
 30
0
 40
0
 41
0
  0
VERTEX
  5
F644
330
F643
100
AcDbEntity
  8
0-CAD-polyline
 62
     5
100
AcDbVertex
100
AcDb2dVertex
 10
576.6757810333306
 20
-3031.235695033413
 30
0
  0
VERTEX
  5
F645
330
F643
100
AcDbEntity
  8
0-CAD-polyline
 62
     5
100
AcDbVertex
100
AcDb2dVertex
 10
577.6757810333306
 20
-3030.235695033413
 30
0
  0
VERTEX
  5
F646
330
F643
100
AcDbEntity
  8
0-CAD-polyline
 62
     5
100
AcDbVertex
100
AcDb2dVertex
 10
609.6757810333306
 20
-3030.235695033413
 30
0
  0
VERTEX
  5
F647
330
F643
100
AcDbEntity
  8
0-CAD-polyline
 62
     5
100
AcDbVertex
100
AcDb2dVertex
 10
610.6757810333306
 20
-3031.235695033413
 30
0
  0
SEQEND
  5
F648
330
F643
100
AcDbEntity
  8
0-CAD-polyline
 62
     5
  0
POLYLINE
  5
F649
330
2
100
AcDbEntity
  8
0-CAD-polyline
 62
     5
100
AcDb2dPolyline
 66
     1
 10
0
 20
0
 30
0
 40
0
 41
0
1001
COPRA
1000
4
1001
CrfRollDraw
1000
273bdbef-291c-46e2-ac8f-7de2f0c8d2b2
  0
VERTEX
  5
F64A
330
F649
100
AcDbEntity
  8
0-CAD-polyline
 62
     5
100
AcDbVertex
100
AcDb2dVertex
 10
576.6757810333306
 20
-3005.235695033413
 30
0
  0
VERTEX
  5
F64B
330
F649
100
AcDbEntity
  8
0-CAD-polyline
 62
     5
100
AcDbVertex
100
AcDb2dVertex
 10
576.6757810333306
 20
-3042.135696593413
 30
0
  0
VERTEX
  5
F64C
330
F649
100
AcDbEntity
  8
0-CAD-polyline
 62
     5
100
AcDbVertex
100
AcDb2dVertex
 10
577.6757810333306
 20
-3043.135696593413
 30
0
  0
VERTEX
  5
F64D
330
F649
100
AcDbEntity
  8
0-CAD-polyline
 62
     5
100
AcDbVertex
100
AcDb2dVertex
 10
609.6757810133308
 20
-3043.135696563413
 30
0
  0
VERTEX
  5
F64E
330
F649
100
AcDbEntity
  8
0-CAD-polyline
 62
     5
100
AcDbVertex
100
AcDb2dVertex
 10
610.6757810133308
 20
-3042.135696563413
 30
0
  0
VERTEX
  5
F64F
330
F649
100
AcDbEntity
  8
0-CAD-polyline
 62
     5
100
AcDbVertex
100
AcDb2dVertex
 10
610.6757810133308
 20
-3005.235695033413
 30
0
  0
SEQEND
  5
F650
330
F649
100
AcDbEntity
  8
0-CAD-polyline
 62
     5
  0
LINE
  5
F651
330
2
100
AcDbEntity
  8
0-CAD-polyline
 62
     5
100
AcDbLine
 10
576.6757810333306
 20
-3035.235695033413
 30
0
 11
577.6757810333306
 21
-3035.235695033413
 31
0
  0
LINE
  5
F652
330
2
100
AcDbEntity
  8
0-CAD-polyline
 62
     5
100
AcDbLine
 10
577.6757810333306
 20
-3035.235695033413
 30
0
 11
577.6757810333306
 21
-3040.135696593413
 31
0
  0
LINE
  5
F653
330
2
100
AcDbEntity
  8
0-CAD-polyline
 62
     5
100
AcDbLine
 10
577.6757810333306
 20
-3040.135696593413
 30
0
 11
576.6757810333306
 21
-3040.135696593413
 31
0
  0
LINE
  5
F654
330
2
100
AcDbEntity
  8
0-CAD-polyline
 62
     5
100
AcDbLine
 10
576.6757810333306
 20
-3031.235695033413
 30
0
 11
577.6757810333306
 21
-3030.235695033413
 31
0
  0
LINE
  5
F655
330
2
100
AcDbEntity
  8
0-CAD-polyline
 62
     5
100
AcDbLine
 10
610.6757810333306
 20
-3031.235695033413
 30
0
 11
609.6757810333306
 21
-3030.235695033413
 31
0
  0
LINE
  5
F656
330
2
100
AcDbEntity
  8
0-CAD-polyline
 62
     5
100
AcDbLine
 10
577.6757810333306
 20
-3030.235695033413
 30
0
 11
609.6757810333306
 21
-3030.235695033413
 31
0
  0
LINE
  5
F657
330
2
100
AcDbEntity
  8
0-CAD-polyline
 62
     5
100
AcDbLine
 10
577.6757810333306
 20
-3030.235695033413
 30
0
 11
577.6757810333306
 21
-3012.235695033413
 31
0
  0
LINE
  5
F658
330
2
100
AcDbEntity
  8
0-CAD-polyline
 62
     5
100
AcDbLine
 10
609.6757810333306
 20
-3030.235695033413
 30
0
 11
609.6757810333306
 21
-3012.235695033413
 31
0
  0
LINE
  5
F659
330
2
100
AcDbEntity
  8
0-CAD-polyline
 62
     5
100
AcDbLine
 10
576.6757810333306
 20
-3012.235695033413
 30
0
 11
610.6757810333306
 21
-3012.235695033413
 31
0
  0
TEXT
  5
F65A
330
2
100
AcDbEntity
  8
0-CAD-polyline
 62
     5
100
AcDbText
 10
586.7673194948691
 20
-3002.004925802644
 30
0
 40
3.5
  1
*10T4
  7

 72
     1
 11
593.6757810333306
 21
-3003.485695033413
 31
0
100
AcDbText
 73
     1
  0
TEXT
  5
F65B
330
2
100
AcDbEntity
  8
0-CAD-polyline
 62
     5
100
AcDbText
 10
588.0323003602077
 20
-2998.249156422634
 30
0
 40
2.449999958276749
  1
0.65 kg
  7

 72
     1
 11
593.6757810333306
 21
-2999.28569486652
 31
0
100
AcDbText
 73
     1
  0
LINE
  5
F65C
330
2
100
AcDbEntity
  8
0-CAD-polyline
 62
     1
100
AcDbLine
 10
491.6757810333306
 20
-3135.235695033413
 30
0
 11
491.6757810333306
 21
-3153.235695033413
 31
0
  0
LINE
  5
F65D
330
2
100
AcDbEntity
  8
0-CAD-polyline
 62
     1
100
AcDbLine
 10
532.8507764556939
 20
-3135.235695033413
 30
0
 11
532.8507764556939
 21
-3153.235695033413
 31
0
  0
LINE
  5
F65E
330
2
100
AcDbEntity
  8
0-CAD-polyline
 62
     1
100
AcDbLine
 10
490.6757810333306
 20
-3153.235695033413
 30
0
 11
533.8507764556939
 21
-3153.235695033413
 31
0
  0
POLYLINE
  5
F65F
330
2
100
AcDbEntity
  8
0-CAD-polyline
 62
     1
100
AcDb2dPolyline
 66
     1
 10
0
 20
0
 30
0
 40
0
 41
0
  0
VERTEX
  5
F660
330
F65F
100
AcDbEntity
  8
0-CAD-polyline
 62
     1
100
AcDbVertex
100
AcDb2dVertex
 10
490.6757810333306
 20
-3134.235695033413
 30
0
  0
VERTEX
  5
F661
330
F65F
100
AcDbEntity
  8
0-CAD-polyline
 62
     1
100
AcDbVertex
100
AcDb2dVertex
 10
491.6757810333306
 20
-3135.235695033413
 30
0
  0
VERTEX
  5
F662
330
F65F
100
AcDbEntity
  8
0-CAD-polyline
 62
     1
100
AcDbVertex
100
AcDb2dVertex
 10
532.8507764556939
 20
-3135.235695033413
 30
0
  0
VERTEX
  5
F663
330
F65F
100
AcDbEntity
  8
0-CAD-polyline
 62
     1
100
AcDbVertex
100
AcDb2dVertex
 10
533.8507764556939
 20
-3134.235695033413
 30
0
  0
SEQEND
  5
F664
330
F65F
100
AcDbEntity
  8
0-CAD-polyline
 62
     1
  0
POLYLINE
  5
F665
330
2
100
AcDbEntity
  8
0-CAD-polyline
 62
     1
100
AcDb2dPolyline
 66
     1
 10
0
 20
0
 30
0
 40
0
 41
0
1001
COPRA
1000
6
1001
CrfRollDraw
1000
571064f9-009e-44c7-947f-b24bcb70721a
  0
VERTEX
  5
F666
330
F665
100
AcDbEntity
  8
0-CAD-polyline
 62
     1
100
AcDbVertex
100
AcDb2dVertex
 10
490.6757810333306
 20
-3160.235695033413
 30
0
  0
VERTEX
  5
F667
330
F665
100
AcDbEntity
  8
0-CAD-polyline
 62
     1
100
AcDbVertex
100
AcDb2dVertex
 10
490.6757810333306
 20
-3046.235695093413
 30
0
  0
VERTEX
  5
F668
330
F665
100
AcDbEntity
  8
0-CAD-polyline
 62
     1
100
AcDbVertex
100
AcDb2dVertex
 10
491.6757810333306
 20
-3045.235695093413
 30
0
  0
VERTEX
  5
F669
330
F665
100
AcDbEntity
  8
0-CAD-polyline
 62
     1
100
AcDbVertex
100
AcDb2dVertex
 10
522.8284840533306
 20
-3045.235695193413
 30
0
  0
VERTEX
  5
F66A
330
F665
100
AcDbEntity
  8
0-CAD-polyline
 62
     1
100
AcDbVertex
100
AcDb2dVertex
 10
532.8223922533307
 20
-3054.886699083414
 30
0
  0
VERTEX
  5
F66B
330
F665
100
AcDbEntity
  8
0-CAD-polyline
 62
     1
100
AcDbVertex
100
AcDb2dVertex
 10
533.8507771733307
 20
-3084.335694193413
 30
0
  0
VERTEX
  5
F66C
330
F665
100
AcDbEntity
  8
0-CAD-polyline
 62
     1
100
AcDbVertex
100
AcDb2dVertex
 10
533.8507771733307
 20
-3160.235695033413
 30
0
  0
SEQEND
  5
F66D
330
F665
100
AcDbEntity
  8
0-CAD-polyline
 62
     1
  0
LINE
  5
F66E
330
2
100
AcDbEntity
  8
0-CAD-polyline
 62
     1
100
AcDbLine
 10
490.6757810333306
 20
-3125.235695033413
 30
0
 11
491.6757810333306
 21
-3125.235695033413
 31
0
  0
LINE
  5
F66F
330
2
100
AcDbEntity
  8
0-CAD-polyline
 62
     1
100
AcDbLine
 10
491.6757810333306
 20
-3125.235695033413
 30
0
 11
491.6757810333306
 21
-3115.235695033413
 31
0
  0
LINE
  5
F670
330
2
100
AcDbEntity
  8
0-CAD-polyline
 62
     1
100
AcDbLine
 10
491.6757810333306
 20
-3115.235695033413
 30
0
 11
490.6757810333306
 21
-3115.235695033413
 31
0
  0
LINE
  5
F671
330
2
100
AcDbEntity
  8
0-CAD-polyline
 62
     1
100
AcDbLine
 10
490.6757810333306
 20
-3134.235695033413
 30
0
 11
491.6757810333306
 21
-3135.235695033413
 31
0
  0
LINE
  5
F672
330
2
100
AcDbEntity
  8
0-CAD-polyline
 62
     1
100
AcDbLine
 10
533.8507764556939
 20
-3134.235695033413
 30
0
 11
532.8507764556939
 21
-3135.235695033413
 31
0
  0
LINE
  5
F673
330
2
100
AcDbEntity
  8
0-CAD-polyline
 62
     1
100
AcDbLine
 10
491.6757810333306
 20
-3135.235695033413
 30
0
 11
532.8507764556939
 21
-3135.235695033413
 31
0
  0
LINE
  5
F674
330
2
100
AcDbEntity
  8
0-CAD-polyline
 62
     1
100
AcDbLine
 10
491.6757810333306
 20
-3135.235695033413
 30
0
 11
491.6757810333306
 21
-3153.235695033413
 31
0
  0
LINE
  5
F675
330
2
100
AcDbEntity
  8
0-CAD-polyline
 62
     1
100
AcDbLine
 10
532.8507764556939
 20
-3135.235695033413
 30
0
 11
532.8507764556939
 21
-3153.235695033413
 31
0
  0
LINE
  5
F676
330
2
100
AcDbEntity
  8
0-CAD-polyline
 62
     1
100
AcDbLine
 10
490.6757810333306
 20
-3153.235695033413
 30
0
 11
533.8507764556939
 21
-3153.235695033413
 31
0
  0
TEXT
  5
F677
330
2
100
AcDbEntity
  8
0-CAD-polyline
 62
     1
100
AcDbText
 10
505.1986633598969
 20
-3165.485695033413
 30
0
 40
3.5
  1
*10B1
  7

 72
     1
 11
512.2632787445123
 21
-3161.985695033413
 31
0
100
AcDbText
 73
     3
  0
TEXT
  5
F678
330
2
100
AcDbEntity
  8
0-CAD-polyline
 62
     1
100
AcDbText
 10
505.6416827034312
 20
-3168.635695158583
 30
0
 40
2.449999958276749
  1
13.14 kg
  7

 72
     1
 11
512.2632787445123
 21
-3166.185695200306
 31
0
100
AcDbText
 73
     3
  0
LINE
  5
F679
330
2
100
AcDbEntity
  8
0-CAD-polyline
 62
     1
100
AcDbLine
 10
534.8507764556939
 20
-3135.235695033413
 30
0
 11
534.8507764556939
 21
-3153.235695033413
 31
0
  0
LINE
  5
F67A
330
2
100
AcDbEntity
  8
0-CAD-polyline
 62
     1
100
AcDbLine
 10
549.3118487515981
 20
-3135.235695033413
 30
0
 11
549.3118487515981
 21
-3153.235695033413
 31
0
  0
LINE
  5
F67B
330
2
100
AcDbEntity
  8
0-CAD-polyline
 62
     1
100
AcDbLine
 10
533.8507764556939
 20
-3153.235695033413
 30
0
 11
550.3118487515981
 21
-3153.235695033413
 31
0
  0
POLYLINE
  5
F67C
330
2
100
AcDbEntity
  8
0-CAD-polyline
 62
     1
100
AcDb2dPolyline
 66
     1
 10
0
 20
0
 30
0
 40
0
 41
0
  0
VERTEX
  5
F67D
330
F67C
100
AcDbEntity
  8
0-CAD-polyline
 62
     1
100
AcDbVertex
100
AcDb2dVertex
 10
533.8507764556939
 20
-3134.235695033413
 30
0
  0
VERTEX
  5
F67E
330
F67C
100
AcDbEntity
  8
0-CAD-polyline
 62
     1
100
AcDbVertex
100
AcDb2dVertex
 10
534.8507764556939
 20
-3135.235695033413
 30
0
  0
VERTEX
  5
F67F
330
F67C
100
AcDbEntity
  8
0-CAD-polyline
 62
     1
100
AcDbVertex
100
AcDb2dVertex
 10
549.3118487515981
 20
-3135.235695033413
 30
0
  0
VERTEX
  5
F680
330
F67C
100
AcDbEntity
  8
0-CAD-polyline
 62
     1
100
AcDbVertex
100
AcDb2dVertex
 10
550.3118487515981
 20
-3134.235695033413
 30
0
  0
SEQEND
  5
F681
330
F67C
100
AcDbEntity
  8
0-CAD-polyline
 62
     1
  0
POLYLINE
  5
F682
330
2
100
AcDbEntity
  8
0-CAD-polyline
 62
     1
100
AcDb2dPolyline
 66
     1
 10
0
 20
0
 30
0
 40
0
 41
0
1001
COPRA
1000
7
1001
CrfRollDraw
1000
2375f2b7-509d-463d-b4f8-6bff7b085610
  0
VERTEX
  5
F683
330
F682
100
AcDbEntity
  8
0-CAD-polyline
 62
     1
100
AcDbVertex
100
AcDb2dVertex
 10
533.8507764556939
 20
-3160.235695033413
 30
0
  0
VERTEX
  5
F684
330
F682
100
AcDbEntity
  8
0-CAD-polyline
 62
     1
100
AcDbVertex
100
AcDb2dVertex
 10
533.8507764556939
 20
-3085.335694123413
 30
0
  0
VERTEX
  5
F685
330
F682
100
AcDbEntity
  8
0-CAD-polyline
 62
     1
100
AcDbVertex
100
AcDb2dVertex
 10
534.8507763856937
 20
-3084.335694123413
 30
0
  0
VERTEX
  5
F686
330
F682
100
AcDbEntity
  8
0-CAD-polyline
 62
     1
100
AcDbVertex
100
AcDb2dVertex
 10
549.3118486856938
 20
-3084.335693143413
 30
0
  0
VERTEX
  5
F687
330
F682
100
AcDbEntity
  8
0-CAD-polyline
 62
     1
100
AcDbVertex
100
AcDb2dVertex
 10
550.311848755694
 20
-3085.335693143413
 30
0
  0
VERTEX
  5
F688
330
F682
100
AcDbEntity
  8
0-CAD-polyline
 62
     1
100
AcDbVertex
100
AcDb2dVertex
 10
550.311848755694
 20
-3160.235695033413
 30
0
  0
SEQEND
  5
F689
330
F682
100
AcDbEntity
  8
0-CAD-polyline
 62
     1
  0
LINE
  5
F68A
330
2
100
AcDbEntity
  8
0-CAD-polyline
 62
     1
100
AcDbLine
 10
533.8507764556939
 20
-3125.235695033413
 30
0
 11
534.8507764556939
 21
-3125.235695033413
 31
0
  0
LINE
  5
F68B
330
2
100
AcDbEntity
  8
0-CAD-polyline
 62
     1
100
AcDbLine
 10
534.8507764556939
 20
-3125.235695033413
 30
0
 11
534.8507764556939
 21
-3115.235695033413
 31
0
  0
LINE
  5
F68C
330
2
100
AcDbEntity
  8
0-CAD-polyline
 62
     1
100
AcDbLine
 10
534.8507764556939
 20
-3115.235695033413
 30
0
 11
533.8507764556939
 21
-3115.235695033413
 31
0
  0
LINE
  5
F68D
330
2
100
AcDbEntity
  8
0-CAD-polyline
 62
     1
100
AcDbLine
 10
533.8507764556939
 20
-3134.235695033413
 30
0
 11
534.8507764556939
 21
-3135.235695033413
 31
0
  0
LINE
  5
F68E
330
2
100
AcDbEntity
  8
0-CAD-polyline
 62
     1
100
AcDbLine
 10
550.3118487515981
 20
-3134.235695033413
 30
0
 11
549.3118487515981
 21
-3135.235695033413
 31
0
  0
LINE
  5
F68F
330
2
100
AcDbEntity
  8
0-CAD-polyline
 62
     1
100
AcDbLine
 10
534.8507764556939
 20
-3135.235695033413
 30
0
 11
549.3118487515981
 21
-3135.235695033413
 31
0
  0
LINE
  5
F690
330
2
100
AcDbEntity
  8
0-CAD-polyline
 62
     1
100
AcDbLine
 10
534.8507764556939
 20
-3135.235695033413
 30
0
 11
534.8507764556939
 21
-3153.235695033413
 31
0
  0
LINE
  5
F691
330
2
100
AcDbEntity
  8
0-CAD-polyline
 62
     1
100
AcDbLine
 10
549.3118487515981
 20
-3135.235695033413
 30
0
 11
549.3118487515981
 21
-3153.235695033413
 31
0
  0
LINE
  5
F692
330
2
100
AcDbEntity
  8
0-CAD-polyline
 62
     1
100
AcDbLine
 10
533.8507764556939
 20
-3153.235695033413
 30
0
 11
550.3118487515981
 21
-3153.235695033413
 31
0
  0
TEXT
  5
F693
330
2
100
AcDbEntity
  8
0-CAD-polyline
 62
     1
100
AcDbText
 10
541.7313128289572
 20
-3176.11492580316
 30
0
 40
3.5
  1
*10B2
 50
89.99999998310366
  7

 72
     2
 11
539.9813128331239
 21
-3161.985695033413
 31
0
100
AcDbText
 73
     2
  0
TEXT
  5
F694
330
2
100
AcDbEntity
  8
0-CAD-polyline
 62
     1
100
AcDbText
 10
545.4063129758267
 20
-3173.27265638002
 30
0
 40
2.449999958276749
  1
2.07 kg
 50
89.99999998310366
  7

 72
     2
 11
544.1813130000169
 21
-3161.985695033413
 31
0
100
AcDbText
 73
     2
  0
LINE
  5
F695
330
2
100
AcDbEntity
  8
0-CAD-polyline
 62
     1
100
AcDbLine
 10
551.3118487515981
 20
-3135.235695033413
 30
0
 11
551.3118487515981
 21
-3153.235695033413
 31
0
  0
LINE
  5
F696
330
2
100
AcDbEntity
  8
0-CAD-polyline
 62
     1
100
AcDbLine
 10
574.2583291748101
 20
-3135.235695033413
 30
0
 11
574.2583291748101
 21
-3153.235695033413
 31
0
  0
LINE
  5
F697
330
2
100
AcDbEntity
  8
0-CAD-polyline
 62
     1
100
AcDbLine
 10
550.3118487515981
 20
-3153.235695033413
 30
0
 11
575.2583291748101
 21
-3153.235695033413
 31
0
  0
POLYLINE
  5
F698
330
2
100
AcDbEntity
  8
0-CAD-polyline
 62
     1
100
AcDb2dPolyline
 66
     1
 10
0
 20
0
 30
0
 40
0
 41
0
  0
VERTEX
  5
F699
330
F698
100
AcDbEntity
  8
0-CAD-polyline
 62
     1
100
AcDbVertex
100
AcDb2dVertex
 10
550.3118487515981
 20
-3134.235695033413
 30
0
  0
VERTEX
  5
F69A
330
F698
100
AcDbEntity
  8
0-CAD-polyline
 62
     1
100
AcDbVertex
100
AcDb2dVertex
 10
551.3118487515981
 20
-3135.235695033413
 30
0
  0
VERTEX
  5
F69B
330
F698
100
AcDbEntity
  8
0-CAD-polyline
 62
     1
100
AcDbVertex
100
AcDb2dVertex
 10
574.2583291748101
 20
-3135.235695033413
 30
0
  0
VERTEX
  5
F69C
330
F698
100
AcDbEntity
  8
0-CAD-polyline
 62
     1
100
AcDbVertex
100
AcDb2dVertex
 10
575.2583291748101
 20
-3134.235695033413
 30
0
  0
SEQEND
  5
F69D
330
F698
100
AcDbEntity
  8
0-CAD-polyline
 62
     1
  0
POLYLINE
  5
F69E
330
2
100
AcDbEntity
  8
0-CAD-polyline
 62
     1
100
AcDb2dPolyline
 66
     1
 10
0
 20
0
 30
0
 40
0
 41
0
1001
COPRA
1000
8
1001
CrfRollDraw
1000
b7c65944-8f8e-4af4-9c40-e3a31d088ab5
  0
VERTEX
  5
F69F
330
F69E
100
AcDbEntity
  8
0-CAD-polyline
 62
     1
100
AcDbVertex
100
AcDb2dVertex
 10
550.3118487515981
 20
-3160.235695033413
 30
0
  0
VERTEX
  5
F6A0
330
F69E
100
AcDbEntity
  8
0-CAD-polyline
 62
     1
100
AcDbVertex
100
AcDb2dVertex
 10
550.3118487515981
 20
-3084.335693073413
 30
0
  0
VERTEX
  5
F6A1
330
F69E
100
AcDbEntity
  8
0-CAD-polyline
 62
     1
100
AcDbVertex
100
AcDb2dVertex
 10
550.3362125115982
 20
-3070.376105973413
 30
0
  0
VERTEX
  5
F6A2
330
F69E
100
AcDbEntity
  8
0-CAD-polyline
 62
     1
100
AcDbVertex
100
AcDb2dVertex
 10
551.3519183115982
 20
-3069.377974643413
 30
0
  0
VERTEX
  5
F6A3
330
F69E
100
AcDbEntity
  8
0-CAD-polyline
 62
     1
100
AcDbVertex
100
AcDb2dVertex
 10
574.2740369515982
 20
-3069.738064053413
 30
0
  0
VERTEX
  5
F6A4
330
F69E
100
AcDbEntity
  8
0-CAD-polyline
 62
     1
100
AcDbVertex
100
AcDb2dVertex
 10
575.2583296315979
 20
-3070.737940693413
 30
0
  0
VERTEX
  5
F6A5
330
F69E
100
AcDbEntity
  8
0-CAD-polyline
 62
     1
100
AcDbVertex
100
AcDb2dVertex
 10
575.2583296315979
 20
-3160.235695033413
 30
0
  0
SEQEND
  5
F6A6
330
F69E
100
AcDbEntity
  8
0-CAD-polyline
 62
     1
  0
LINE
  5
F6A7
330
2
100
AcDbEntity
  8
0-CAD-polyline
 62
     1
100
AcDbLine
 10
550.3118487515981
 20
-3125.235695033413
 30
0
 11
551.3118487515981
 21
-3125.235695033413
 31
0
  0
LINE
  5
F6A8
330
2
100
AcDbEntity
  8
0-CAD-polyline
 62
     1
100
AcDbLine
 10
551.3118487515981
 20
-3125.235695033413
 30
0
 11
551.3118487515981
 21
-3115.235695033413
 31
0
  0
LINE
  5
F6A9
330
2
100
AcDbEntity
  8
0-CAD-polyline
 62
     1
100
AcDbLine
 10
551.3118487515981
 20
-3115.235695033413
 30
0
 11
550.3118487515981
 21
-3115.235695033413
 31
0
  0
LINE
  5
F6AA
330
2
100
AcDbEntity
  8
0-CAD-polyline
 62
     1
100
AcDbLine
 10
550.3118487515981
 20
-3134.235695033413
 30
0
 11
551.3118487515981
 21
-3135.235695033413
 31
0
  0
LINE
  5
F6AB
330
2
100
AcDbEntity
  8
0-CAD-polyline
 62
     1
100
AcDbLine
 10
575.2583291748101
 20
-3134.235695033413
 30
0
 11
574.2583291748101
 21
-3135.235695033413
 31
0
  0
LINE
  5
F6AC
330
2
100
AcDbEntity
  8
0-CAD-polyline
 62
     1
100
AcDbLine
 10
551.3118487515981
 20
-3135.235695033413
 30
0
 11
574.2583291748101
 21
-3135.235695033413
 31
0
  0
LINE
  5
F6AD
330
2
100
AcDbEntity
  8
0-CAD-polyline
 62
     1
100
AcDbLine
 10
551.3118487515981
 20
-3135.235695033413
 30
0
 11
551.3118487515981
 21
-3153.235695033413
 31
0
  0
LINE
  5
F6AE
330
2
100
AcDbEntity
  8
0-CAD-polyline
 62
     1
100
AcDbLine
 10
574.2583291748101
 20
-3135.235695033413
 30
0
 11
574.2583291748101
 21
-3153.235695033413
 31
0
  0
LINE
  5
F6AF
330
2
100
AcDbEntity
  8
0-CAD-polyline
 62
     1
100
AcDbLine
 10
550.3118487515981
 20
-3153.235695033413
 30
0
 11
575.2583291748101
 21
-3153.235695033413
 31
0
  0
TEXT
  5
F6B0
330
2
100
AcDbEntity
  8
0-CAD-polyline
 62
     1
100
AcDbText
 10
555.7204738915131
 20
-3165.485695033413
 30
0
 40
3.5
  1
*10B3
  7

 72
     1
 11
562.7850892761285
 21
-3161.985695033413
 31
0
100
AcDbText
 73
     3
  0
TEXT
  5
F6B1
330
2
100
AcDbEntity
  8
0-CAD-polyline
 62
     1
100
AcDbText
 10
557.1416086030056
 20
-3168.635695158583
 30
0
 40
2.449999958276749
  1
4.65 kg
  7

 72
     1
 11
562.7850892761285
 21
-3166.185695200306
 31
0
100
AcDbText
 73
     3
  0
LINE
  5
F6B2
330
2
100
AcDbEntity
  8
0-CAD-polyline
 62
     1
100
AcDbLine
 10
576.2583291748101
 20
-3135.235695033413
 30
0
 11
576.2583291748101
 21
-3153.235695033413
 31
0
  0
LINE
  5
F6B3
330
2
100
AcDbEntity
  8
0-CAD-polyline
 62
     1
100
AcDbLine
 10
609.6757810333306
 20
-3135.235695033413
 30
0
 11
609.6757810333306
 21
-3153.235695033413
 31
0
  0
LINE
  5
F6B4
330
2
100
AcDbEntity
  8
0-CAD-polyline
 62
     1
100
AcDbLine
 10
575.2583291748101
 20
-3153.235695033413
 30
0
 11
610.6757810333306
 21
-3153.235695033413
 31
0
  0
POLYLINE
  5
F6B5
330
2
100
AcDbEntity
  8
0-CAD-polyline
 62
     1
100
AcDb2dPolyline
 66
     1
 10
0
 20
0
 30
0
 40
0
 41
0
  0
VERTEX
  5
F6B6
330
F6B5
100
AcDbEntity
  8
0-CAD-polyline
 62
     1
100
AcDbVertex
100
AcDb2dVertex
 10
575.2583291748101
 20
-3134.235695033413
 30
0
  0
VERTEX
  5
F6B7
330
F6B5
100
AcDbEntity
  8
0-CAD-polyline
 62
     1
100
AcDbVertex
100
AcDb2dVertex
 10
576.2583291748101
 20
-3135.235695033413
 30
0
  0
VERTEX
  5
F6B8
330
F6B5
100
AcDbEntity
  8
0-CAD-polyline
 62
     1
100
AcDbVertex
100
AcDb2dVertex
 10
609.6757810333306
 20
-3135.235695033413
 30
0
  0
VERTEX
  5
F6B9
330
F6B5
100
AcDbEntity
  8
0-CAD-polyline
 62
     1
100
AcDbVertex
100
AcDb2dVertex
 10
610.6757810333306
 20
-3134.235695033413
 30
0
  0
SEQEND
  5
F6BA
330
F6B5
100
AcDbEntity
  8
0-CAD-polyline
 62
     1
  0
POLYLINE
  5
F6BB
330
2
100
AcDbEntity
  8
0-CAD-polyline
 62
     1
100
AcDb2dPolyline
 66
     1
 10
0
 20
0
 30
0
 40
0
 41
0
1001
COPRA
1000
9
1001
CrfRollDraw
1000
a4e80054-a8a7-4c12-8082-4afe7c6332db
  0
VERTEX
  5
F6BC
330
F6BB
100
AcDbEntity
  8
0-CAD-polyline
 62
     1
100
AcDbVertex
100
AcDb2dVertex
 10
575.2583291748101
 20
-3160.235695033413
 30
0
  0
VERTEX
  5
F6BD
330
F6BB
100
AcDbEntity
  8
0-CAD-polyline
 62
     1
100
AcDbVertex
100
AcDb2dVertex
 10
575.2583291748101
 20
-3069.753526563413
 30
0
  0
VERTEX
  5
F6BE
330
F6BB
100
AcDbEntity
  8
0-CAD-polyline
 62
     1
100
AcDbVertex
100
AcDb2dVertex
 10
576.1363301348101
 20
-3053.000262923413
 30
0
  0
VERTEX
  5
F6BF
330
F6BB
100
AcDbEntity
  8
0-CAD-polyline
 62
     1
100
AcDbVertex
100
AcDb2dVertex
 10
584.31847748481
 20
-3045.235694823413
 30
0
  0
VERTEX
  5
F6C0
330
F6BB
100
AcDbEntity
  8
0-CAD-polyline
 62
     1
100
AcDbVertex
100
AcDb2dVertex
 10
609.6757798548101
 20
-3045.235694773413
 30
0
  0
VERTEX
  5
F6C1
330
F6BB
100
AcDbEntity
  8
0-CAD-polyline
 62
     1
100
AcDbVertex
100
AcDb2dVertex
 10
610.6757798548101
 20
-3046.235694773413
 30
0
  0
VERTEX
  5
F6C2
330
F6BB
100
AcDbEntity
  8
0-CAD-polyline
 62
     1
100
AcDbVertex
100
AcDb2dVertex
 10
610.6757798548101
 20
-3160.235695033413
 30
0
  0
SEQEND
  5
F6C3
330
F6BB
100
AcDbEntity
  8
0-CAD-polyline
 62
     1
  0
LINE
  5
F6C4
330
2
100
AcDbEntity
  8
0-CAD-polyline
 62
     1
100
AcDbLine
 10
575.2583291748101
 20
-3125.235695033413
 30
0
 11
576.2583291748101
 21
-3125.235695033413
 31
0
  0
LINE
  5
F6C5
330
2
100
AcDbEntity
  8
0-CAD-polyline
 62
     1
100
AcDbLine
 10
576.2583291748101
 20
-3125.235695033413
 30
0
 11
576.2583291748101
 21
-3115.235695033413
 31
0
  0
LINE
  5
F6C6
330
2
100
AcDbEntity
  8
0-CAD-polyline
 62
     1
100
AcDbLine
 10
576.2583291748101
 20
-3115.235695033413
 30
0
 11
575.2583291748101
 21
-3115.235695033413
 31
0
  0
LINE
  5
F6C7
330
2
100
AcDbEntity
  8
0-CAD-polyline
 62
     1
100
AcDbLine
 10
575.2583291748101
 20
-3134.235695033413
 30
0
 11
576.2583291748101
 21
-3135.235695033413
 31
0
  0
LINE
  5
F6C8
330
2
100
AcDbEntity
  8
0-CAD-polyline
 62
     1
100
AcDbLine
 10
610.6757810333306
 20
-3134.235695033413
 30
0
 11
609.6757810333306
 21
-3135.235695033413
 31
0
  0
LINE
  5
F6C9
330
2
100
AcDbEntity
  8
0-CAD-polyline
 62
     1
100
AcDbLine
 10
576.2583291748101
 20
-3135.235695033413
 30
0
 11
609.6757810333306
 21
-3135.235695033413
 31
0
  0
LINE
  5
F6CA
330
2
100
AcDbEntity
  8
0-CAD-polyline
 62
     1
100
AcDbLine
 10
576.2583291748101
 20
-3135.235695033413
 30
0
 11
576.2583291748101
 21
-3153.235695033413
 31
0
  0
LINE
  5
F6CB
330
2
100
AcDbEntity
  8
0-CAD-polyline
 62
     1
100
AcDbLine
 10
609.6757810333306
 20
-3135.235695033413
 30
0
 11
609.6757810333306
 21
-3153.235695033413
 31
0
  0
LINE
  5
F6CC
330
2
100
AcDbEntity
  8
0-CAD-polyline
 62
     1
100
AcDbLine
 10
575.2583291748101
 20
-3153.235695033413
 30
0
 11
610.6757810333306
 21
-3153.235695033413
 31
0
  0
TEXT
  5
F6CD
330
2
100
AcDbEntity
  8
0-CAD-polyline
 62
     1
100
AcDbText
 10
585.9024406731293
 20
-3165.485695033413
 30
0
 40
3.5
  1
*10B4
  7

 72
     1
 11
592.9670560577447
 21
-3161.985695033413
 31
0
100
AcDbText
 73
     3
  0
TEXT
  5
F6CE
330
2
100
AcDbEntity
  8
0-CAD-polyline
 62
     1
100
AcDbText
 10
586.3454600166637
 20
-3168.635695158583
 30
0
 40
2.449999958276749
  1
10.82 kg
  7

 72
     1
 11
592.9670560577447
 21
-3166.185695200306
 31
0
100
AcDbText
 73
     3
  0
LINE
  5
F6CF
330
2
100
AcDbEntity
  8
0-CAD-polyline
 62
     1
100
AcDbLine
 10
506.6865613678033
 20
-3083.835792689663
 30
0
 11
600.6877134063775
 21
-3083.835792689663
 31
0
  0
TEXT
  5
F6D0
330
2
100
AcDbEntity
  8
0-CAD-polyline
100
AcDbText
 10
486.6865613678033
 20
-3082.835792689663
 30
0
 40
10
  1
10
  7

 11
0
 21
0
 31
0
100
AcDbText
  0
POLYLINE
  5
F6D1
330
2
100
AcDbEntity
  8
0-CAD-polyline
 62
     5
100
AcDb2dPolyline
 66
     1
 10
0
 20
0
 30
0
 40
0
 41
0
  0
VERTEX
  5
F6D2
330
F6D1
100
AcDbEntity
  8
0-CAD-polyline
 62
     5
100
AcDbVertex
100
AcDb2dVertex
 10
534.8118474700982
 20
-3355.335792689663
 30
0
  0
VERTEX
  5
F6D3
330
F6D1
100
AcDbEntity
  8
0-CAD-polyline
 62
     5
100
AcDbVertex
100
AcDb2dVertex
 10
533.8118474700982
 20
-3355.335792689663
 30
0
  0
VERTEX
  5
F6D4
330
F6D1
100
AcDbEntity
  8
0-CAD-polyline
 62
     5
100
AcDbVertex
100
AcDb2dVertex
 10
533.8118474700982
 20
-3382.335792689663
 30
0
  0
VERTEX
  5
F6D5
330
F6D1
100
AcDbEntity
  8
0-CAD-polyline
 62
     5
100
AcDbVertex
100
AcDb2dVertex
 10
535.8118474700982
 20
-3384.335792689663
 30
0
  0
VERTEX
  5
F6D6
330
F6D1
100
AcDbEntity
  8
0-CAD-polyline
 62
     5
100
AcDbVertex
100
AcDb2dVertex
 10
542.0618550994927
 20
-3384.335792689663
 30
0
  0
VERTEX
  5
F6D7
330
F6D1
100
AcDbEntity
  8
0-CAD-polyline
 62
     5
100
AcDbVertex
100
AcDb2dVertex
 10
548.3118474700982
 20
-3384.335792689663
 30
0
  0
VERTEX
  5
F6D8
330
F6D1
100
AcDbEntity
  8
0-CAD-polyline
 62
     5
100
AcDbVertex
100
AcDb2dVertex
 10
550.3118474700982
 20
-3382.335792689663
 30
0
  0
VERTEX
  5
F6D9
330
F6D1
100
AcDbEntity
  8
0-CAD-polyline
 62
     5
100
AcDbVertex
100
AcDb2dVertex
 10
550.3118474700982
 20
-3370.335792689663
 30
0
  0
VERTEX
  5
F6DA
330
F6D1
100
AcDbEntity
  8
0-CAD-polyline
 62
     5
100
AcDbVertex
100
AcDb2dVertex
 10
551.3118474700982
 20
-3369.335792689663
 30
0
  0
VERTEX
  5
F6DB
330
F6D1
100
AcDbEntity
  8
0-CAD-polyline
 62
     5
100
AcDbVertex
100
AcDb2dVertex
 10
573.3118474700982
 20
-3369.335792689663
 30
0
  0
VERTEX
  5
F6DC
330
F6D1
100
AcDbEntity
  8
0-CAD-polyline
 62
     5
100
AcDbVertex
100
AcDb2dVertex
 10
575.3118474700982
 20
-3367.335792689663
 30
0
  0
VERTEX
  5
F6DD
330
F6D1
100
AcDbEntity
  8
0-CAD-polyline
 62
     5
100
AcDbVertex
100
AcDb2dVertex
 10
575.3118474700982
 20
-3355.335792689663
 30
0
  0
VERTEX
  5
F6DE
330
F6D1
100
AcDbEntity
  8
0-CAD-polyline
 62
     5
100
AcDbVertex
100
AcDb2dVertex
 10
574.3118474700982
 20
-3355.335792689663
 30
0
  0
VERTEX
  5
F6DF
330
F6D1
100
AcDbEntity
  8
0-CAD-polyline
 62
     5
100
AcDbVertex
100
AcDb2dVertex
 10
574.3118474700982
 20
-3367.335792689663
 30
0
  0
VERTEX
  5
F6E0
330
F6D1
100
AcDbEntity
  8
0-CAD-polyline
 62
     5
100
AcDbVertex
100
AcDb2dVertex
 10
573.3118474700982
 20
-3368.335792689663
 30
0
  0
VERTEX
  5
F6E1
330
F6D1
100
AcDbEntity
  8
0-CAD-polyline
 62
     5
100
AcDbVertex
100
AcDb2dVertex
 10
551.3118474700982
 20
-3368.335792689663
 30
0
  0
VERTEX
  5
F6E2
330
F6D1
100
AcDbEntity
  8
0-CAD-polyline
 62
     5
100
AcDbVertex
100
AcDb2dVertex
 10
549.3118474700982
 20
-3370.335792689663
 30
0
  0
VERTEX
  5
F6E3
330
F6D1
100
AcDbEntity
  8
0-CAD-polyline
 62
     5
100
AcDbVertex
100
AcDb2dVertex
 10
549.3118474700982
 20
-3382.335792689663
 30
0
  0
VERTEX
  5
F6E4
330
F6D1
100
AcDbEntity
  8
0-CAD-polyline
 62
     5
100
AcDbVertex
100
AcDb2dVertex
 10
548.3118474700982
 20
-3383.335792689663
 30
0
  0
VERTEX
  5
F6E5
330
F6D1
100
AcDbEntity
  8
0-CAD-polyline
 62
     5
100
AcDbVertex
100
AcDb2dVertex
 10
542.0618550994927
 20
-3383.335792689663
 30
0
  0
VERTEX
  5
F6E6
330
F6D1
100
AcDbEntity
  8
0-CAD-polyline
 62
     5
100
AcDbVertex
100
AcDb2dVertex
 10
535.8118474700982
 20
-3383.335792689663
 30
0
  0
VERTEX
  5
F6E7
330
F6D1
100
AcDbEntity
  8
0-CAD-polyline
 62
     5
100
AcDbVertex
100
AcDb2dVertex
 10
534.8118474700982
 20
-3382.335792689663
 30
0
  0
VERTEX
  5
F6E8
330
F6D1
100
AcDbEntity
  8
0-CAD-polyline
 62
     5
100
AcDbVertex
100
AcDb2dVertex
 10
534.8118474700982
 20
-3355.335792689663
 30
0
  0
SEQEND
  5
F6E9
330
F6D1
100
AcDbEntity
  8
0-CAD-polyline
  0
LINE
  5
F6EA
330
2
100
AcDbEntity
  8
0-CAD-polyline
 62
     5
100
AcDbLine
 10
533.8118474700982
 20
-3382.335792689663
 30
0
 11
534.8118474700982
 21
-3382.335792689663
 31
0
  0
LINE
  5
F6EB
330
2
100
AcDbEntity
  8
0-CAD-polyline
 62
     5
100
AcDbLine
 10
535.8118474700982
 20
-3384.335792689663
 30
0
 11
535.8118474700982
 21
-3383.335792689663
 31
0
  0
LINE
  5
F6EC
330
2
100
AcDbEntity
  8
0-CAD-polyline
 62
     5
100
AcDbLine
 10
542.0618550994927
 20
-3384.335792689663
 30
0
 11
542.0618550994927
 21
-3383.335792689663
 31
0
  0
LINE
  5
F6ED
330
2
100
AcDbEntity
  8
0-CAD-polyline
 62
     5
100
AcDbLine
 10
548.3118474700982
 20
-3384.335792689663
 30
0
 11
548.3118474700982
 21
-3383.335792689663
 31
0
  0
LINE
  5
F6EE
330
2
100
AcDbEntity
  8
0-CAD-polyline
 62
     5
100
AcDbLine
 10
550.3118474700982
 20
-3382.335792689663
 30
0
 11
549.3118474700982
 21
-3382.335792689663
 31
0
  0
LINE
  5
F6EF
330
2
100
AcDbEntity
  8
0-CAD-polyline
 62
     5
100
AcDbLine
 10
550.3118474700982
 20
-3370.335792689663
 30
0
 11
549.3118474700982
 21
-3370.335792689663
 31
0
  0
LINE
  5
F6F0
330
2
100
AcDbEntity
  8
0-CAD-polyline
 62
     5
100
AcDbLine
 10
551.3118474700982
 20
-3369.335792689663
 30
0
 11
551.3118474700982
 21
-3368.335792689663
 31
0
  0
LINE
  5
F6F1
330
2
100
AcDbEntity
  8
0-CAD-polyline
 62
     5
100
AcDbLine
 10
573.3118474700982
 20
-3369.335792689663
 30
0
 11
573.3118474700982
 21
-3368.335792689663
 31
0
  0
LINE
  5
F6F2
330
2
100
AcDbEntity
  8
0-CAD-polyline
 62
     5
100
AcDbLine
 10
575.3118474700982
 20
-3367.335792689663
 30
0
 11
574.3118474700982
 21
-3367.335792689663
 31
0
  0
LINE
  5
F6F3
330
2
100
AcDbEntity
  8
0-CAD-polyline
 62
     1
100
AcDbLine
 10
662.0618589133305
 20
-3305.335777427788
 30
0
 11
422.0618589133305
 21
-3305.335777427788
 31
0
1001
COPRA_AXIS
1000
a1489248-7d34-426f-a96b-c82b71182ff1
  0
LINE
  5
F6F4
330
2
100
AcDbEntity
  8
0-CAD-polyline
 62
     1
100
AcDbLine
 10
422.0618589133305
 20
-3460.335777427788
 30
0
 11
662.0618589133305
 21
-3460.335777427788
 31
0
1001
COPRA_AXIS
1000
b8b1f75b-932d-4e60-bc2c-ba75801a15da
  0
LINE
  5
F6F5
330
2
100
AcDbEntity
  8
0-CAD-polyline
 62
     5
100
AcDbLine
 10
491.6757810333306
 20
-3330.335792689663
 30
0
 11
491.6757810333306
 21
-3312.335792689663
 31
0
  0
LINE
  5
F6F6
330
2
100
AcDbEntity
  8
0-CAD-polyline
 62
     5
100
AcDbLine
 10
533.8118474700982
 20
-3330.335792689663
 30
0
 11
533.8118474700982
 21
-3312.335792689663
 31
0
  0
LINE
  5
F6F7
330
2
100
AcDbEntity
  8
0-CAD-polyline
 62
     5
100
AcDbLine
 10
490.6757810333306
 20
-3312.335792689663
 30
0
 11
534.8118474700982
 21
-3312.335792689663
 31
0
  0
POLYLINE
  5
F6F8
330
2
100
AcDbEntity
  8
0-CAD-polyline
 62
     5
100
AcDb2dPolyline
 66
     1
 10
0
 20
0
 30
0
 40
0
 41
0
  0
VERTEX
  5
F6F9
330
F6F8
100
AcDbEntity
  8
0-CAD-polyline
 62
     5
100
AcDbVertex
100
AcDb2dVertex
 10
490.6757810333306
 20
-3331.335792689663
 30
0
  0
VERTEX
  5
F6FA
330
F6F8
100
AcDbEntity
  8
0-CAD-polyline
 62
     5
100
AcDbVertex
100
AcDb2dVertex
 10
491.6757810333306
 20
-3330.335792689663
 30
0
  0
VERTEX
  5
F6FB
330
F6F8
100
AcDbEntity
  8
0-CAD-polyline
 62
     5
100
AcDbVertex
100
AcDb2dVertex
 10
533.8118474700982
 20
-3330.335792689663
 30
0
  0
VERTEX
  5
F6FC
330
F6F8
100
AcDbEntity
  8
0-CAD-polyline
 62
     5
100
AcDbVertex
100
AcDb2dVertex
 10
534.8118474700982
 20
-3331.335792689663
 30
0
  0
SEQEND
  5
F6FD
330
F6F8
100
AcDbEntity
  8
0-CAD-polyline
 62
     5
  0
POLYLINE
  5
F6FE
330
2
100
AcDbEntity
  8
0-CAD-polyline
 62
     5
100
AcDb2dPolyline
 66
     1
 10
0
 20
0
 30
0
 40
0
 41
0
1001
COPRA
1000
2
1001
CrfRollDraw
1000
f1f7f9c1-3138-43a4-ab6c-3d56e9a5c691
  0
VERTEX
  5
F6FF
330
F6FE
100
AcDbEntity
  8
0-CAD-polyline
 62
     5
100
AcDbVertex
100
AcDb2dVertex
 10
490.6757810333306
 20
-3305.335792689663
 30
0
  0
VERTEX
  5
F700
330
F6FE
100
AcDbEntity
  8
0-CAD-polyline
 62
     5
100
AcDbVertex
100
AcDb2dVertex
 10
490.6757810333306
 20
-3383.335792689663
 30
0
  0
VERTEX
  5
F701
330
F6FE
100
AcDbEntity
  8
0-CAD-polyline
 62
     5
100
AcDbVertex
100
AcDb2dVertex
 10
491.6757810333306
 20
-3384.335792689663
 30
0
  0
VERTEX
  5
F702
330
F6FE
100
AcDbEntity
  8
0-CAD-polyline
 62
     5
100
AcDbVertex
100
AcDb2dVertex
 10
527.7592214133306
 20
-3384.335792689663
 30
0
  0
VERTEX
  5
F703
330
F6FE
100
AcDbEntity
  8
0-CAD-polyline
 62
     5
100
AcDbVertex
100
AcDb2dVertex
 10
532.7544625233304
 20
-3379.553889629663
 30
0
  0
VERTEX
  5
F704
330
F6FE
100
AcDbEntity
  8
0-CAD-polyline
 62
     5
100
AcDbVertex
100
AcDb2dVertex
 10
533.8118474733305
 20
-3355.335792689663
 30
0
  0
VERTEX
  5
F705
330
F6FE
100
AcDbEntity
  8
0-CAD-polyline
 62
     5
100
AcDbVertex
100
AcDb2dVertex
 10
534.8118471533307
 20
-3355.335792689663
 30
0
  0
VERTEX
  5
F706
330
F6FE
100
AcDbEntity
  8
0-CAD-polyline
 62
     5
100
AcDbVertex
100
AcDb2dVertex
 10
534.8118471533307
 20
-3305.335792689663
 30
0
  0
SEQEND
  5
F707
330
F6FE
100
AcDbEntity
  8
0-CAD-polyline
 62
     5
  0
LINE
  5
F708
330
2
100
AcDbEntity
  8
0-CAD-polyline
 62
     5
100
AcDbLine
 10
490.6757810333306
 20
-3335.335792689663
 30
0
 11
491.6757810333306
 21
-3335.335792689663
 31
0
  0
LINE
  5
F709
330
2
100
AcDbEntity
  8
0-CAD-polyline
 62
     5
100
AcDbLine
 10
491.6757810333306
 20
-3335.335792689663
 30
0
 11
491.6757810333306
 21
-3340.335792689663
 31
0
  0
LINE
  5
F70A
330
2
100
AcDbEntity
  8
0-CAD-polyline
 62
     5
100
AcDbLine
 10
491.6757810333306
 20
-3340.335792689663
 30
0
 11
490.6757810333306
 21
-3340.335792689663
 31
0
  0
LINE
  5
F70B
330
2
100
AcDbEntity
  8
0-CAD-polyline
 62
     5
100
AcDbLine
 10
490.6757810333306
 20
-3331.335792689663
 30
0
 11
491.6757810333306
 21
-3330.335792689663
 31
0
  0
LINE
  5
F70C
330
2
100
AcDbEntity
  8
0-CAD-polyline
 62
     5
100
AcDbLine
 10
534.8118474700982
 20
-3331.335792689663
 30
0
 11
533.8118474700982
 21
-3330.335792689663
 31
0
  0
LINE
  5
F70D
330
2
100
AcDbEntity
  8
0-CAD-polyline
 62
     5
100
AcDbLine
 10
491.6757810333306
 20
-3330.335792689663
 30
0
 11
533.8118474700982
 21
-3330.335792689663
 31
0
  0
LINE
  5
F70E
330
2
100
AcDbEntity
  8
0-CAD-polyline
 62
     5
100
AcDbLine
 10
491.6757810333306
 20
-3330.335792689663
 30
0
 11
491.6757810333306
 21
-3312.335792689663
 31
0
  0
LINE
  5
F70F
330
2
100
AcDbEntity
  8
0-CAD-polyline
 62
     5
100
AcDbLine
 10
533.8118474700982
 20
-3330.335792689663
 30
0
 11
533.8118474700982
 21
-3312.335792689663
 31
0
  0
LINE
  5
F710
330
2
100
AcDbEntity
  8
0-CAD-polyline
 62
     5
100
AcDbLine
 10
490.6757810333306
 20
-3312.335792689663
 30
0
 11
534.8118474700982
 21
-3312.335792689663
 31
0
  0
TEXT
  5
F711
330
2
100
AcDbEntity
  8
0-CAD-polyline
 62
     5
100
AcDbText
 10
505.8353508059042
 20
-3302.105023458894
 30
0
 40
3.5
  1
*11T1
  7

 72
     1
 11
512.7438123443658
 21
-3303.585792689663
 31
0
100
AcDbText
 73
     1
  0
TEXT
  5
F712
330
2
100
AcDbEntity
  8
0-CAD-polyline
 62
     5
100
AcDbText
 10
507.1003316712429
 20
-3298.349254078884
 30
0
 40
2.449999958276749
  1
5.90 kg
  7

 72
     1
 11
512.7438123443658
 21
-3299.38579252277
 31
0
100
AcDbText
 73
     1
  0
LINE
  5
F713
330
2
100
AcDbEntity
  8
0-CAD-polyline
 62
     5
100
AcDbLine
 10
535.8118474700982
 20
-3330.335792689663
 30
0
 11
535.8118474700982
 21
-3312.335792689663
 31
0
  0
LINE
  5
F714
330
2
100
AcDbEntity
  8
0-CAD-polyline
 62
     5
100
AcDbLine
 10
548.2118814209039
 20
-3330.335792689663
 30
0
 11
548.2118814209039
 21
-3312.335792689663
 31
0
  0
LINE
  5
F715
330
2
100
AcDbEntity
  8
0-CAD-polyline
 62
     5
100
AcDbLine
 10
534.8118474700982
 20
-3312.335792689663
 30
0
 11
549.2118814209039
 21
-3312.335792689663
 31
0
  0
POLYLINE
  5
F716
330
2
100
AcDbEntity
  8
0-CAD-polyline
 62
     5
100
AcDb2dPolyline
 66
     1
 10
0
 20
0
 30
0
 40
0
 41
0
  0
VERTEX
  5
F717
330
F716
100
AcDbEntity
  8
0-CAD-polyline
 62
     5
100
AcDbVertex
100
AcDb2dVertex
 10
534.8118474700982
 20
-3331.335792689663
 30
0
  0
VERTEX
  5
F718
330
F716
100
AcDbEntity
  8
0-CAD-polyline
 62
     5
100
AcDbVertex
100
AcDb2dVertex
 10
535.8118474700982
 20
-3330.335792689663
 30
0
  0
VERTEX
  5
F719
330
F716
100
AcDbEntity
  8
0-CAD-polyline
 62
     5
100
AcDbVertex
100
AcDb2dVertex
 10
548.2118814209039
 20
-3330.335792689663
 30
0
  0
VERTEX
  5
F71A
330
F716
100
AcDbEntity
  8
0-CAD-polyline
 62
     5
100
AcDbVertex
100
AcDb2dVertex
 10
549.2118814209039
 20
-3331.335792689663
 30
0
  0
SEQEND
  5
F71B
330
F716
100
AcDbEntity
  8
0-CAD-polyline
 62
     5
  0
POLYLINE
  5
F71C
330
2
100
AcDbEntity
  8
0-CAD-polyline
 62
     5
100
AcDb2dPolyline
 66
     1
 10
0
 20
0
 30
0
 40
0
 41
0
1001
COPRA
1000
3
1001
CrfRollDraw
1000
4e20fe88-1712-4631-8ede-aa569b166304
  0
VERTEX
  5
F71D
330
F71C
100
AcDbEntity
  8
0-CAD-polyline
 62
     5
100
AcDbVertex
100
AcDb2dVertex
 10
534.8118474700982
 20
-3305.335792689663
 30
0
  0
VERTEX
  5
F71E
330
F71C
100
AcDbEntity
  8
0-CAD-polyline
 62
     5
100
AcDbVertex
100
AcDb2dVertex
 10
534.8118799800982
 20
-3382.335694679663
 30
0
  0
VERTEX
  5
F71F
330
F71C
100
AcDbEntity
  8
0-CAD-polyline
 62
     5
100
AcDbVertex
100
AcDb2dVertex
 10
535.8118799900981
 20
-3383.335693509664
 30
0
  0
VERTEX
  5
F720
330
F71C
100
AcDbEntity
  8
0-CAD-polyline
 62
     5
100
AcDbVertex
100
AcDb2dVertex
 10
548.211881380098
 20
-3383.335693499663
 30
0
  0
VERTEX
  5
F721
330
F71C
100
AcDbEntity
  8
0-CAD-polyline
 62
     5
100
AcDbVertex
100
AcDb2dVertex
 10
549.2118813900984
 20
-3382.335693489663
 30
0
  0
VERTEX
  5
F722
330
F71C
100
AcDbEntity
  8
0-CAD-polyline
 62
     5
100
AcDbVertex
100
AcDb2dVertex
 10
549.2118813900984
 20
-3305.335792689663
 30
0
  0
SEQEND
  5
F723
330
F71C
100
AcDbEntity
  8
0-CAD-polyline
 62
     5
  0
LINE
  5
F724
330
2
100
AcDbEntity
  8
0-CAD-polyline
 62
     5
100
AcDbLine
 10
534.8118601363471
 20
-3335.335792689663
 30
0
 11
535.8118622473899
 21
-3335.335792689663
 31
0
  0
LINE
  5
F725
330
2
100
AcDbEntity
  8
0-CAD-polyline
 62
     5
100
AcDbLine
 10
535.8118622473899
 20
-3335.335792689663
 30
0
 11
535.8118622473899
 21
-3340.335792689663
 31
0
  0
LINE
  5
F726
330
2
100
AcDbEntity
  8
0-CAD-polyline
 62
     5
100
AcDbLine
 10
535.8118622473899
 20
-3340.335792689663
 30
0
 11
534.8118622473899
 21
-3340.335792689663
 31
0
  0
LINE
  5
F727
330
2
100
AcDbEntity
  8
0-CAD-polyline
 62
     5
100
AcDbLine
 10
534.8118474700982
 20
-3331.335792689663
 30
0
 11
535.8118474700982
 21
-3330.335792689663
 31
0
  0
LINE
  5
F728
330
2
100
AcDbEntity
  8
0-CAD-polyline
 62
     5
100
AcDbLine
 10
549.2118814209039
 20
-3331.335792689663
 30
0
 11
548.2118814209039
 21
-3330.335792689663
 31
0
  0
LINE
  5
F729
330
2
100
AcDbEntity
  8
0-CAD-polyline
 62
     5
100
AcDbLine
 10
535.8118474700982
 20
-3330.335792689663
 30
0
 11
548.2118814209039
 21
-3330.335792689663
 31
0
  0
LINE
  5
F72A
330
2
100
AcDbEntity
  8
0-CAD-polyline
 62
     5
100
AcDbLine
 10
535.8118474700982
 20
-3330.335792689663
 30
0
 11
535.8118474700982
 21
-3312.335792689663
 31
0
  0
LINE
  5
F72B
330
2
100
AcDbEntity
  8
0-CAD-polyline
 62
     5
100
AcDbLine
 10
548.2118814209039
 20
-3330.335792689663
 30
0
 11
548.2118814209039
 21
-3312.335792689663
 31
0
  0
LINE
  5
F72C
330
2
100
AcDbEntity
  8
0-CAD-polyline
 62
     5
100
AcDbLine
 10
534.8118474700982
 20
-3312.335792689663
 30
0
 11
549.2118814209039
 21
-3312.335792689663
 31
0
  0
TEXT
  5
F72D
330
2
100
AcDbEntity
  8
0-CAD-polyline
 62
     5
100
AcDbText
 10
541.6618643620545
 20
-3303.585792690179
 30
0
 40
3.5
  1
*11T2
 50
89.99999998310366
  7

 11
539.9118643620545
 21
-3303.585792689663
 31
0
100
AcDbText
 73
     2
  0
TEXT
  5
F72E
330
2
100
AcDbEntity
  8
0-CAD-polyline
 62
     5
100
AcDbText
 10
545.3368645080859
 20
-3303.585792690024
 30
0
 40
2.449999958276749
  1
1.93 kg
 50
89.99999998310366
  7

 11
544.1118645289475
 21
-3303.585792689663
 31
0
100
AcDbText
 73
     2
  0
LINE
  5
F72F
330
2
100
AcDbEntity
  8
0-CAD-polyline
 62
     5
100
AcDbLine
 10
550.2118814209039
 20
-3330.335792689663
 30
0
 11
550.2118814209039
 21
-3312.335792689663
 31
0
  0
LINE
  5
F730
330
2
100
AcDbEntity
  8
0-CAD-polyline
 62
     5
100
AcDbLine
 10
573.3118493774468
 20
-3330.335792689663
 30
0
 11
573.3118493774468
 21
-3312.335792689663
 31
0
  0
LINE
  5
F731
330
2
100
AcDbEntity
  8
0-CAD-polyline
 62
     5
100
AcDbLine
 10
549.2118814209039
 20
-3312.335792689663
 30
0
 11
574.3118493774468
 21
-3312.335792689663
 31
0
  0
POLYLINE
  5
F732
330
2
100
AcDbEntity
  8
0-CAD-polyline
 62
     5
100
AcDb2dPolyline
 66
     1
 10
0
 20
0
 30
0
 40
0
 41
0
  0
VERTEX
  5
F733
330
F732
100
AcDbEntity
  8
0-CAD-polyline
 62
     5
100
AcDbVertex
100
AcDb2dVertex
 10
549.2118814209039
 20
-3331.335792689663
 30
0
  0
VERTEX
  5
F734
330
F732
100
AcDbEntity
  8
0-CAD-polyline
 62
     5
100
AcDbVertex
100
AcDb2dVertex
 10
550.2118814209039
 20
-3330.335792689663
 30
0
  0
VERTEX
  5
F735
330
F732
100
AcDbEntity
  8
0-CAD-polyline
 62
     5
100
AcDbVertex
100
AcDb2dVertex
 10
573.3118493774468
 20
-3330.335792689663
 30
0
  0
VERTEX
  5
F736
330
F732
100
AcDbEntity
  8
0-CAD-polyline
 62
     5
100
AcDbVertex
100
AcDb2dVertex
 10
574.3118493774468
 20
-3331.335792689663
 30
0
  0
SEQEND
  5
F737
330
F732
100
AcDbEntity
  8
0-CAD-polyline
 62
     5
  0
POLYLINE
  5
F738
330
2
100
AcDbEntity
  8
0-CAD-polyline
 62
     5
100
AcDb2dPolyline
 66
     1
 10
0
 20
0
 30
0
 40
0
 41
0
1001
COPRA
1000
5
1001
CrfRollDraw
1000
bd472151-4300-47c6-8701-974db1cd6b4c
  0
VERTEX
  5
F739
330
F738
100
AcDbEntity
  8
0-CAD-polyline
 62
     5
100
AcDbVertex
100
AcDb2dVertex
 10
549.2118814209039
 20
-3305.335792689663
 30
0
  0
VERTEX
  5
F73A
330
F738
100
AcDbEntity
  8
0-CAD-polyline
 62
     5
100
AcDbVertex
100
AcDb2dVertex
 10
549.2118814209039
 20
-3368.335796499664
 30
0
  0
VERTEX
  5
F73B
330
F738
100
AcDbEntity
  8
0-CAD-polyline
 62
     5
100
AcDbVertex
100
AcDb2dVertex
 10
573.311786320904
 20
-3368.335796489663
 30
0
  0
VERTEX
  5
F73C
330
F738
100
AcDbEntity
  8
0-CAD-polyline
 62
     5
100
AcDbVertex
100
AcDb2dVertex
 10
574.3117863309039
 20
-3367.335801769663
 30
0
  0
VERTEX
  5
F73D
330
F738
100
AcDbEntity
  8
0-CAD-polyline
 62
     5
100
AcDbVertex
100
AcDb2dVertex
 10
574.3118494009041
 20
-3305.335792689663
 30
0
  0
SEQEND
  5
F73E
330
F738
100
AcDbEntity
  8
0-CAD-polyline
 62
     5
  0
LINE
  5
F73F
330
2
100
AcDbEntity
  8
0-CAD-polyline
 62
     5
100
AcDbLine
 10
549.2118814209039
 20
-3335.335792689663
 30
0
 11
550.2118814209039
 21
-3335.335792689663
 31
0
  0
LINE
  5
F740
330
2
100
AcDbEntity
  8
0-CAD-polyline
 62
     5
100
AcDbLine
 10
550.2118814209039
 20
-3335.335792689663
 30
0
 11
550.2118814209039
 21
-3340.335792689663
 31
0
  0
LINE
  5
F741
330
2
100
AcDbEntity
  8
0-CAD-polyline
 62
     5
100
AcDbLine
 10
550.2118814209039
 20
-3340.335792689663
 30
0
 11
549.2118814209039
 21
-3340.335792689663
 31
0
  0
LINE
  5
F742
330
2
100
AcDbEntity
  8
0-CAD-polyline
 62
     5
100
AcDbLine
 10
549.2118814209039
 20
-3331.335792689663
 30
0
 11
550.2118814209039
 21
-3330.335792689663
 31
0
  0
LINE
  5
F743
330
2
100
AcDbEntity
  8
0-CAD-polyline
 62
     5
100
AcDbLine
 10
574.3118493774468
 20
-3331.335792689663
 30
0
 11
573.3118493774468
 21
-3330.335792689663
 31
0
  0
LINE
  5
F744
330
2
100
AcDbEntity
  8
0-CAD-polyline
 62
     5
100
AcDbLine
 10
550.2118814209039
 20
-3330.335792689663
 30
0
 11
573.3118493774468
 21
-3330.335792689663
 31
0
  0
LINE
  5
F745
330
2
100
AcDbEntity
  8
0-CAD-polyline
 62
     5
100
AcDbLine
 10
550.2118814209039
 20
-3330.335792689663
 30
0
 11
550.2118814209039
 21
-3312.335792689663
 31
0
  0
LINE
  5
F746
330
2
100
AcDbEntity
  8
0-CAD-polyline
 62
     5
100
AcDbLine
 10
573.3118493774468
 20
-3330.335792689663
 30
0
 11
573.3118493774468
 21
-3312.335792689663
 31
0
  0
LINE
  5
F747
330
2
100
AcDbEntity
  8
0-CAD-polyline
 62
     5
100
AcDbLine
 10
549.2118814209039
 20
-3312.335792689663
 30
0
 11
574.3118493774468
 21
-3312.335792689663
 31
0
  0
TEXT
  5
F748
330
2
100
AcDbEntity
  8
0-CAD-polyline
 62
     5
100
AcDbText
 10
554.8534038607138
 20
-3302.105023458894
 30
0
 40
3.5
  1
*11T3
  7

 72
     1
 11
561.7618653991753
 21
-3303.585792689663
 31
0
100
AcDbText
 73
     1
  0
TEXT
  5
F749
330
2
100
AcDbEntity
  8
0-CAD-polyline
 62
     5
100
AcDbText
 10
556.1183847260525
 20
-3298.349254078884
 30
0
 40
2.449999958276749
  1
2.05 kg
  7

 72
     1
 11
561.7618653991753
 21
-3299.38579252277
 31
0
100
AcDbText
 73
     1
  0
LINE
  5
F74A
330
2
100
AcDbEntity
  8
0-CAD-polyline
 62
     5
100
AcDbLine
 10
575.3118493774468
 20
-3330.335792689663
 30
0
 11
575.3118493774468
 21
-3312.335792689663
 31
0
  0
LINE
  5
F74B
330
2
100
AcDbEntity
  8
0-CAD-polyline
 62
     5
100
AcDbLine
 10
609.6757810333306
 20
-3330.335792689663
 30
0
 11
609.6757810333306
 21
-3312.335792689663
 31
0
  0
LINE
  5
F74C
330
2
100
AcDbEntity
  8
0-CAD-polyline
 62
     5
100
AcDbLine
 10
574.3118493774468
 20
-3312.335792689663
 30
0
 11
610.6757810333306
 21
-3312.335792689663
 31
0
  0
POLYLINE
  5
F74D
330
2
100
AcDbEntity
  8
0-CAD-polyline
 62
     5
100
AcDb2dPolyline
 66
     1
 10
0
 20
0
 30
0
 40
0
 41
0
  0
VERTEX
  5
F74E
330
F74D
100
AcDbEntity
  8
0-CAD-polyline
 62
     5
100
AcDbVertex
100
AcDb2dVertex
 10
574.3118493774468
 20
-3331.335792689663
 30
0
  0
VERTEX
  5
F74F
330
F74D
100
AcDbEntity
  8
0-CAD-polyline
 62
     5
100
AcDbVertex
100
AcDb2dVertex
 10
575.3118493774468
 20
-3330.335792689663
 30
0
  0
VERTEX
  5
F750
330
F74D
100
AcDbEntity
  8
0-CAD-polyline
 62
     5
100
AcDbVertex
100
AcDb2dVertex
 10
609.6757810333306
 20
-3330.335792689663
 30
0
  0
VERTEX
  5
F751
330
F74D
100
AcDbEntity
  8
0-CAD-polyline
 62
     5
100
AcDbVertex
100
AcDb2dVertex
 10
610.6757810333306
 20
-3331.335792689663
 30
0
  0
SEQEND
  5
F752
330
F74D
100
AcDbEntity
  8
0-CAD-polyline
 62
     5
  0
POLYLINE
  5
F753
330
2
100
AcDbEntity
  8
0-CAD-polyline
 62
     5
100
AcDb2dPolyline
 66
     1
 10
0
 20
0
 30
0
 40
0
 41
0
1001
COPRA
1000
4
1001
CrfRollDraw
1000
5c7abb4a-c095-4643-a332-602a976ab5d6
  0
VERTEX
  5
F754
330
F753
100
AcDbEntity
  8
0-CAD-polyline
 62
     5
100
AcDbVertex
100
AcDb2dVertex
 10
574.3118493774468
 20
-3305.335792689663
 30
0
  0
VERTEX
  5
F755
330
F753
100
AcDbEntity
  8
0-CAD-polyline
 62
     5
100
AcDbVertex
100
AcDb2dVertex
 10
574.3118493774468
 20
-3355.335792689663
 30
0
  0
VERTEX
  5
F756
330
F753
100
AcDbEntity
  8
0-CAD-polyline
 62
     5
100
AcDbVertex
100
AcDb2dVertex
 10
575.3118493774468
 20
-3355.335792689663
 30
0
  0
VERTEX
  5
F757
330
F753
100
AcDbEntity
  8
0-CAD-polyline
 62
     5
100
AcDbVertex
100
AcDb2dVertex
 10
575.7978331274467
 20
-3366.466650879663
 30
0
  0
VERTEX
  5
F758
330
F753
100
AcDbEntity
  8
0-CAD-polyline
 62
     5
100
AcDbVertex
100
AcDb2dVertex
 10
578.794977777447
 20
-3369.335792699663
 30
0
  0
VERTEX
  5
F759
330
F753
100
AcDbEntity
  8
0-CAD-polyline
 62
     5
100
AcDbVertex
100
AcDb2dVertex
 10
609.675781037447
 20
-3369.335792689663
 30
0
  0
VERTEX
  5
F75A
330
F753
100
AcDbEntity
  8
0-CAD-polyline
 62
     5
100
AcDbVertex
100
AcDb2dVertex
 10
610.675781037447
 20
-3368.335792689663
 30
0
  0
VERTEX
  5
F75B
330
F753
100
AcDbEntity
  8
0-CAD-polyline
 62
     5
100
AcDbVertex
100
AcDb2dVertex
 10
610.6757813574468
 20
-3305.335792689663
 30
0
  0
SEQEND
  5
F75C
330
F753
100
AcDbEntity
  8
0-CAD-polyline
 62
     5
  0
LINE
  5
F75D
330
2
100
AcDbEntity
  8
0-CAD-polyline
 62
     5
100
AcDbLine
 10
574.3118493774468
 20
-3335.335792689663
 30
0
 11
575.3118493774468
 21
-3335.335792689663
 31
0
  0
LINE
  5
F75E
330
2
100
AcDbEntity
  8
0-CAD-polyline
 62
     5
100
AcDbLine
 10
575.3118493774468
 20
-3335.335792689663
 30
0
 11
575.3118493774468
 21
-3340.335792689663
 31
0
  0
LINE
  5
F75F
330
2
100
AcDbEntity
  8
0-CAD-polyline
 62
     5
100
AcDbLine
 10
575.3118493774468
 20
-3340.335792689663
 30
0
 11
574.3118493774468
 21
-3340.335792689663
 31
0
  0
LINE
  5
F760
330
2
100
AcDbEntity
  8
0-CAD-polyline
 62
     5
100
AcDbLine
 10
574.3118493774468
 20
-3331.335792689663
 30
0
 11
575.3118493774468
 21
-3330.335792689663
 31
0
  0
LINE
  5
F761
330
2
100
AcDbEntity
  8
0-CAD-polyline
 62
     5
100
AcDbLine
 10
610.6757810333306
 20
-3331.335792689663
 30
0
 11
609.6757810333306
 21
-3330.335792689663
 31
0
  0
LINE
  5
F762
330
2
100
AcDbEntity
  8
0-CAD-polyline
 62
     5
100
AcDbLine
 10
575.3118493774468
 20
-3330.335792689663
 30
0
 11
609.6757810333306
 21
-3330.335792689663
 31
0
  0
LINE
  5
F763
330
2
100
AcDbEntity
  8
0-CAD-polyline
 62
     5
100
AcDbLine
 10
575.3118493774468
 20
-3330.335792689663
 30
0
 11
575.3118493774468
 21
-3312.335792689663
 31
0
  0
LINE
  5
F764
330
2
100
AcDbEntity
  8
0-CAD-polyline
 62
     5
100
AcDbLine
 10
609.6757810333306
 20
-3330.335792689663
 30
0
 11
609.6757810333306
 21
-3312.335792689663
 31
0
  0
LINE
  5
F765
330
2
100
AcDbEntity
  8
0-CAD-polyline
 62
     5
100
AcDbLine
 10
574.3118493774468
 20
-3312.335792689663
 30
0
 11
610.6757810333306
 21
-3312.335792689663
 31
0
  0
TEXT
  5
F766
330
2
100
AcDbEntity
  8
0-CAD-polyline
 62
     5
100
AcDbText
 10
585.5853546206015
 20
-3302.105023458894
 30
0
 40
3.5
  1
*11T4
  7

 72
     1
 11
592.493816159063
 21
-3303.585792689663
 31
0
100
AcDbText
 73
     1
  0
TEXT
  5
F767
330
2
100
AcDbEntity
  8
0-CAD-polyline
 62
     5
100
AcDbText
 10
586.8503354859401
 20
-3298.349254078884
 30
0
 40
2.449999958276749
  1
3.03 kg
  7

 72
     1
 11
592.493816159063
 21
-3299.38579252277
 31
0
100
AcDbText
 73
     1
  0
LINE
  5
F768
330
2
100
AcDbEntity
  8
0-CAD-polyline
 62
     1
100
AcDbLine
 10
491.6757810333306
 20
-3435.335792689663
 30
0
 11
491.6757810333306
 21
-3453.335792689663
 31
0
  0
LINE
  5
F769
330
2
100
AcDbEntity
  8
0-CAD-polyline
 62
     1
100
AcDbLine
 10
549.4118773558671
 20
-3435.335792689663
 30
0
 11
549.4118773558671
 21
-3453.335792689663
 31
0
  0
LINE
  5
F76A
330
2
100
AcDbEntity
  8
0-CAD-polyline
 62
     1
100
AcDbLine
 10
490.6757810333306
 20
-3453.335792689663
 30
0
 11
550.4118773558671
 21
-3453.335792689663
 31
0
  0
POLYLINE
  5
F76B
330
2
100
AcDbEntity
  8
0-CAD-polyline
 62
     1
100
AcDb2dPolyline
 66
     1
 10
0
 20
0
 30
0
 40
0
 41
0
  0
VERTEX
  5
F76C
330
F76B
100
AcDbEntity
  8
0-CAD-polyline
 62
     1
100
AcDbVertex
100
AcDb2dVertex
 10
490.6757810333306
 20
-3434.335792689663
 30
0
  0
VERTEX
  5
F76D
330
F76B
100
AcDbEntity
  8
0-CAD-polyline
 62
     1
100
AcDbVertex
100
AcDb2dVertex
 10
491.6757810333306
 20
-3435.335792689663
 30
0
  0
VERTEX
  5
F76E
330
F76B
100
AcDbEntity
  8
0-CAD-polyline
 62
     1
100
AcDbVertex
100
AcDb2dVertex
 10
549.4118773558671
 20
-3435.335792689663
 30
0
  0
VERTEX
  5
F76F
330
F76B
100
AcDbEntity
  8
0-CAD-polyline
 62
     1
100
AcDbVertex
100
AcDb2dVertex
 10
550.4118773558671
 20
-3434.335792689663
 30
0
  0
SEQEND
  5
F770
330
F76B
100
AcDbEntity
  8
0-CAD-polyline
 62
     1
  0
POLYLINE
  5
F771
330
2
100
AcDbEntity
  8
0-CAD-polyline
 62
     1
100
AcDb2dPolyline
 66
     1
 10
0
 20
0
 30
0
 40
0
 41
0
1001
COPRA
1000
6
1001
CrfRollDraw
1000
fe323ec1-00ff-43bb-96d8-a66b3454493d
  0
VERTEX
  5
F772
330
F771
100
AcDbEntity
  8
0-CAD-polyline
 62
     1
100
AcDbVertex
100
AcDb2dVertex
 10
490.6757810333306
 20
-3460.335792689663
 30
0
  0
VERTEX
  5
F773
330
F771
100
AcDbEntity
  8
0-CAD-polyline
 62
     1
100
AcDbVertex
100
AcDb2dVertex
 10
490.6757810333306
 20
-3385.335792709664
 30
0
  0
VERTEX
  5
F774
330
F771
100
AcDbEntity
  8
0-CAD-polyline
 62
     1
100
AcDbVertex
100
AcDb2dVertex
 10
491.6757810333306
 20
-3384.335792709664
 30
0
  0
VERTEX
  5
F775
330
F771
100
AcDbEntity
  8
0-CAD-polyline
 62
     1
100
AcDbVertex
100
AcDb2dVertex
 10
549.4118773633304
 20
-3384.335792689663
 30
0
  0
VERTEX
  5
F776
330
F771
100
AcDbEntity
  8
0-CAD-polyline
 62
     1
100
AcDbVertex
100
AcDb2dVertex
 10
550.4118773633304
 20
-3385.335792689663
 30
0
  0
VERTEX
  5
F777
330
F771
100
AcDbEntity
  8
0-CAD-polyline
 62
     1
100
AcDbVertex
100
AcDb2dVertex
 10
550.4118773633304
 20
-3460.335792689663
 30
0
  0
SEQEND
  5
F778
330
F771
100
AcDbEntity
  8
0-CAD-polyline
 62
     1
  0
LINE
  5
F779
330
2
100
AcDbEntity
  8
0-CAD-polyline
 62
     1
100
AcDbLine
 10
490.6757810333306
 20
-3425.335792689663
 30
0
 11
491.6757810333306
 21
-3425.335792689663
 31
0
  0
LINE
  5
F77A
330
2
100
AcDbEntity
  8
0-CAD-polyline
 62
     1
100
AcDbLine
 10
491.6757810333306
 20
-3425.335792689663
 30
0
 11
491.6757810333306
 21
-3415.335792689663
 31
0
  0
LINE
  5
F77B
330
2
100
AcDbEntity
  8
0-CAD-polyline
 62
     1
100
AcDbLine
 10
491.6757810333306
 20
-3415.335792689663
 30
0
 11
490.6757810333306
 21
-3415.335792689663
 31
0
  0
LINE
  5
F77C
330
2
100
AcDbEntity
  8
0-CAD-polyline
 62
     1
100
AcDbLine
 10
490.6757810333306
 20
-3434.335792689663
 30
0
 11
491.6757810333306
 21
-3435.335792689663
 31
0
  0
LINE
  5
F77D
330
2
100
AcDbEntity
  8
0-CAD-polyline
 62
     1
100
AcDbLine
 10
550.4118773558671
 20
-3434.335792689663
 30
0
 11
549.4118773558671
 21
-3435.335792689663
 31
0
  0
LINE
  5
F77E
330
2
100
AcDbEntity
  8
0-CAD-polyline
 62
     1
100
AcDbLine
 10
491.6757810333306
 20
-3435.335792689663
 30
0
 11
549.4118773558671
 21
-3435.335792689663
 31
0
  0
LINE
  5
F77F
330
2
100
AcDbEntity
  8
0-CAD-polyline
 62
     1
100
AcDbLine
 10
491.6757810333306
 20
-3435.335792689663
 30
0
 11
491.6757810333306
 21
-3453.335792689663
 31
0
  0
LINE
  5
F780
330
2
100
AcDbEntity
  8
0-CAD-polyline
 62
     1
100
AcDbLine
 10
549.4118773558671
 20
-3435.335792689663
 30
0
 11
549.4118773558671
 21
-3453.335792689663
 31
0
  0
LINE
  5
F781
330
2
100
AcDbEntity
  8
0-CAD-polyline
 62
     1
100
AcDbLine
 10
490.6757810333306
 20
-3453.335792689663
 30
0
 11
550.4118773558671
 21
-3453.335792689663
 31
0
  0
TEXT
  5
F782
330
2
100
AcDbEntity
  8
0-CAD-polyline
 62
     1
100
AcDbText
 10
513.4792133629486
 20
-3465.585792689663
 30
0
 40
3.5
  1
*11B1
  7

 72
     1
 11
520.543828747564
 21
-3462.085792689663
 31
0
100
AcDbText
 73
     3
  0
TEXT
  5
F783
330
2
100
AcDbEntity
  8
0-CAD-polyline
 62
     1
100
AcDbText
 10
514.9003480744411
 20
-3468.735792814833
 30
0
 40
2.449999958276749
  1
7.54 kg
  7

 72
     1
 11
520.543828747564
 21
-3466.285792856556
 31
0
100
AcDbText
 73
     3
  0
LINE
  5
F784
330
2
100
AcDbEntity
  8
0-CAD-polyline
 62
     1
100
AcDbLine
 10
551.4118773558671
 20
-3435.335792689663
 30
0
 11
551.4118773558671
 21
-3453.335792689663
 31
0
  0
LINE
  5
F785
330
2
100
AcDbEntity
  8
0-CAD-polyline
 62
     1
100
AcDbLine
 10
609.6757810333306
 20
-3435.335792689663
 30
0
 11
609.6757810333306
 21
-3453.335792689663
 31
0
  0
LINE
  5
F786
330
2
100
AcDbEntity
  8
0-CAD-polyline
 62
     1
100
AcDbLine
 10
550.4118773558671
 20
-3453.335792689663
 30
0
 11
610.6757810333306
 21
-3453.335792689663
 31
0
  0
POLYLINE
  5
F787
330
2
100
AcDbEntity
  8
0-CAD-polyline
 62
     1
100
AcDb2dPolyline
 66
     1
 10
0
 20
0
 30
0
 40
0
 41
0
  0
VERTEX
  5
F788
330
F787
100
AcDbEntity
  8
0-CAD-polyline
 62
     1
100
AcDbVertex
100
AcDb2dVertex
 10
550.4118773558671
 20
-3434.335792689663
 30
0
  0
VERTEX
  5
F789
330
F787
100
AcDbEntity
  8
0-CAD-polyline
 62
     1
100
AcDbVertex
100
AcDb2dVertex
 10
551.4118773558671
 20
-3435.335792689663
 30
0
  0
VERTEX
  5
F78A
330
F787
100
AcDbEntity
  8
0-CAD-polyline
 62
     1
100
AcDbVertex
100
AcDb2dVertex
 10
609.6757810333306
 20
-3435.335792689663
 30
0
  0
VERTEX
  5
F78B
330
F787
100
AcDbEntity
  8
0-CAD-polyline
 62
     1
100
AcDbVertex
100
AcDb2dVertex
 10
610.6757810333306
 20
-3434.335792689663
 30
0
  0
SEQEND
  5
F78C
330
F787
100
AcDbEntity
  8
0-CAD-polyline
 62
     1
  0
POLYLINE
  5
F78D
330
2
100
AcDbEntity
  8
0-CAD-polyline
 62
     1
100
AcDb2dPolyline
 66
     1
 10
0
 20
0
 30
0
 40
0
 41
0
1001
COPRA
1000
7
1001
CrfRollDraw
1000
7d1fbfdd-d1b9-4dc8-90e4-ddbbe95c5704
  0
VERTEX
  5
F78E
330
F78D
100
AcDbEntity
  8
0-CAD-polyline
 62
     1
100
AcDbVertex
100
AcDb2dVertex
 10
550.4118773558671
 20
-3460.335792689663
 30
0
  0
VERTEX
  5
F78F
330
F78D
100
AcDbEntity
  8
0-CAD-polyline
 62
     1
100
AcDbVertex
100
AcDb2dVertex
 10
550.4118773558671
 20
-3370.335899519663
 30
0
  0
VERTEX
  5
F790
330
F78D
100
AcDbEntity
  8
0-CAD-polyline
 62
     1
100
AcDbVertex
100
AcDb2dVertex
 10
551.4118773858672
 20
-3369.335899499663
 30
0
  0
VERTEX
  5
F791
330
F78D
100
AcDbEntity
  8
0-CAD-polyline
 62
     1
100
AcDbVertex
100
AcDb2dVertex
 10
609.6757810258673
 20
-3369.335899489663
 30
0
  0
VERTEX
  5
F792
330
F78D
100
AcDbEntity
  8
0-CAD-polyline
 62
     1
100
AcDbVertex
100
AcDb2dVertex
 10
610.6757810258673
 20
-3370.335899489663
 30
0
  0
VERTEX
  5
F793
330
F78D
100
AcDbEntity
  8
0-CAD-polyline
 62
     1
100
AcDbVertex
100
AcDb2dVertex
 10
610.6757810258673
 20
-3460.335792689663
 30
0
  0
SEQEND
  5
F794
330
F78D
100
AcDbEntity
  8
0-CAD-polyline
 62
     1
  0
LINE
  5
F795
330
2
100
AcDbEntity
  8
0-CAD-polyline
 62
     1
100
AcDbLine
 10
550.4118773558671
 20
-3425.335792689663
 30
0
 11
551.4118773558671
 21
-3425.335792689663
 31
0
  0
LINE
  5
F796
330
2
100
AcDbEntity
  8
0-CAD-polyline
 62
     1
100
AcDbLine
 10
551.4118773558671
 20
-3425.335792689663
 30
0
 11
551.4118773558671
 21
-3415.335792689663
 31
0
  0
LINE
  5
F797
330
2
100
AcDbEntity
  8
0-CAD-polyline
 62
     1
100
AcDbLine
 10
551.4118773558671
 20
-3415.335792689663
 30
0
 11
550.4118773558671
 21
-3415.335792689663
 31
0
  0
LINE
  5
F798
330
2
100
AcDbEntity
  8
0-CAD-polyline
 62
     1
100
AcDbLine
 10
550.4118773558671
 20
-3434.335792689663
 30
0
 11
551.4118773558671
 21
-3435.335792689663
 31
0
  0
LINE
  5
F799
330
2
100
AcDbEntity
  8
0-CAD-polyline
 62
     1
100
AcDbLine
 10
610.6757810333306
 20
-3434.335792689663
 30
0
 11
609.6757810333306
 21
-3435.335792689663
 31
0
  0
LINE
  5
F79A
330
2
100
AcDbEntity
  8
0-CAD-polyline
 62
     1
100
AcDbLine
 10
551.4118773558671
 20
-3435.335792689663
 30
0
 11
609.6757810333306
 21
-3435.335792689663
 31
0
  0
LINE
  5
F79B
330
2
100
AcDbEntity
  8
0-CAD-polyline
 62
     1
100
AcDbLine
 10
551.4118773558671
 20
-3435.335792689663
 30
0
 11
551.4118773558671
 21
-3453.335792689663
 31
0
  0
LINE
  5
F79C
330
2
100
AcDbEntity
  8
0-CAD-polyline
 62
     1
100
AcDbLine
 10
609.6757810333306
 20
-3435.335792689663
 30
0
 11
609.6757810333306
 21
-3453.335792689663
 31
0
  0
LINE
  5
F79D
330
2
100
AcDbEntity
  8
0-CAD-polyline
 62
     1
100
AcDbLine
 10
550.4118773558671
 20
-3453.335792689663
 30
0
 11
610.6757810333306
 21
-3453.335792689663
 31
0
  0
TEXT
  5
F79E
330
2
100
AcDbEntity
  8
0-CAD-polyline
 62
     1
100
AcDbText
 10
573.4792133629486
 20
-3465.585792689663
 30
0
 40
3.5
  1
*11B2
  7

 72
     1
 11
580.543828747564
 21
-3462.085792689663
 31
0
100
AcDbText
 73
     3
  0
TEXT
  5
F79F
330
2
100
AcDbEntity
  8
0-CAD-polyline
 62
     1
100
AcDbText
 10
573.922232706483
 20
-3468.735792814833
 30
0
 40
2.449999958276749
  1
11.33 kg
  7

 72
     1
 11
580.543828747564
 21
-3466.285792856556
 31
0
100
AcDbText
 73
     3
  0
LINE
  5
F7A0
330
2
100
AcDbEntity
  8
0-CAD-polyline
 62
     1
100
AcDbLine
 10
506.6865613678033
 20
-3383.835792689663
 30
0
 11
600.6877134063775
 21
-3383.835792689663
 31
0
  0
TEXT
  5
F7A1
330
2
100
AcDbEntity
  8
0-CAD-polyline
100
AcDbText
 10
486.6865613678033
 20
-3382.835792689663
 30
0
 40
10
  1
11
  7

 11
0
 21
0
 31
0
100
AcDbText
  0
POLYLINE
  5
F7A2
330
2
100
AcDbEntity
  8
0-CAD-polyline
 62
     5
100
AcDb2dPolyline
 66
     1
 10
0
 20
0
 30
0
 40
0
 41
0
  0
VERTEX
  5
F7A3
330
F7A2
100
AcDbEntity
  8
0-CAD-polyline
 62
     5
100
AcDbVertex
100
AcDb2dVertex
 10
535.2980802276666
 20
-3655.337745814663
 30
0
  0
VERTEX
  5
F7A4
330
F7A2
100
AcDbEntity
  8
0-CAD-polyline
 62
     5
100
AcDbVertex
100
AcDb2dVertex
 10
534.2982328155572
 20
-3655.320167689663
 30
0
  0
VERTEX
  5
F7A5
330
F7A2
100
AcDbEntity
  8
0-CAD-polyline
 62
     5
100
AcDbVertex
100
AcDb2dVertex
 10
533.8270185211236
 20
-3682.316017299038
 30
0
  0
VERTEX
  5
F7A6
330
F7A2
100
AcDbEntity
  8
0-CAD-polyline
 62
     5
100
AcDbVertex
100
AcDb2dVertex
 10
535.8118474700982
 20
-3684.335792689663
 30
0
  0
VERTEX
  5
F7A7
330
F7A2
100
AcDbEntity
  8
0-CAD-polyline
 62
     5
100
AcDbVertex
100
AcDb2dVertex
 10
542.0618550994927
 20
-3684.335792689663
 30
0
  0
VERTEX
  5
F7A8
330
F7A2
100
AcDbEntity
  8
0-CAD-polyline
 62
     5
100
AcDbVertex
100
AcDb2dVertex
 10
548.3118474700982
 20
-3684.335792689663
 30
0
  0
VERTEX
  5
F7A9
330
F7A2
100
AcDbEntity
  8
0-CAD-polyline
 62
     5
100
AcDbVertex
100
AcDb2dVertex
 10
550.3118474700982
 20
-3682.335792689663
 30
0
  0
VERTEX
  5
F7AA
330
F7A2
100
AcDbEntity
  8
0-CAD-polyline
 62
     5
100
AcDbVertex
100
AcDb2dVertex
 10
550.3118474700982
 20
-3670.335792689663
 30
0
  0
VERTEX
  5
F7AB
330
F7A2
100
AcDbEntity
  8
0-CAD-polyline
 62
     5
100
AcDbVertex
100
AcDb2dVertex
 10
551.3118474700982
 20
-3669.335792689663
 30
0
  0
VERTEX
  5
F7AC
330
F7A2
100
AcDbEntity
  8
0-CAD-polyline
 62
     5
100
AcDbVertex
100
AcDb2dVertex
 10
573.3118474700982
 20
-3669.335792689663
 30
0
  0
VERTEX
  5
F7AD
330
F7A2
100
AcDbEntity
  8
0-CAD-polyline
 62
     5
100
AcDbVertex
100
AcDb2dVertex
 10
575.2812326171929
 20
-3667.296486049038
 30
0
  0
VERTEX
  5
F7AE
330
F7A2
100
AcDbEntity
  8
0-CAD-polyline
 62
     5
100
AcDbVertex
100
AcDb2dVertex
 10
574.8624379852349
 20
-3655.303810267788
 30
0
  0
VERTEX
  5
F7AF
330
F7A2
100
AcDbEntity
  8
0-CAD-polyline
 62
     5
100
AcDbVertex
100
AcDb2dVertex
 10
573.8630483367974
 20
-3655.338478236538
 30
0
  0
VERTEX
  5
F7B0
330
F7A2
100
AcDbEntity
  8
0-CAD-polyline
 62
     5
100
AcDbVertex
100
AcDb2dVertex
 10
574.2818429687554
 20
-3667.331154017788
 30
0
  0
VERTEX
  5
F7B1
330
F7A2
100
AcDbEntity
  8
0-CAD-polyline
 62
     5
100
AcDbVertex
100
AcDb2dVertex
 10
573.3118474700982
 20
-3668.335792689663
 30
0
  0
VERTEX
  5
F7B2
330
F7A2
100
AcDbEntity
  8
0-CAD-polyline
 62
     5
100
AcDbVertex
100
AcDb2dVertex
 10
551.3118474700982
 20
-3668.335792689663
 30
0
  0
VERTEX
  5
F7B3
330
F7A2
100
AcDbEntity
  8
0-CAD-polyline
 62
     5
100
AcDbVertex
100
AcDb2dVertex
 10
549.3118474700982
 20
-3670.335792689663
 30
0
  0
VERTEX
  5
F7B4
330
F7A2
100
AcDbEntity
  8
0-CAD-polyline
 62
     5
100
AcDbVertex
100
AcDb2dVertex
 10
549.3118474700982
 20
-3682.335792689663
 30
0
  0
VERTEX
  5
F7B5
330
F7A2
100
AcDbEntity
  8
0-CAD-polyline
 62
     5
100
AcDbVertex
100
AcDb2dVertex
 10
548.3118474700982
 20
-3683.335792689663
 30
0
  0
VERTEX
  5
F7B6
330
F7A2
100
AcDbEntity
  8
0-CAD-polyline
 62
     5
100
AcDbVertex
100
AcDb2dVertex
 10
542.0618550994927
 20
-3683.335792689663
 30
0
  0
VERTEX
  5
F7B7
330
F7A2
100
AcDbEntity
  8
0-CAD-polyline
 62
     5
100
AcDbVertex
100
AcDb2dVertex
 10
535.8118474700982
 20
-3683.335792689663
 30
0
  0
VERTEX
  5
F7B8
330
F7A2
100
AcDbEntity
  8
0-CAD-polyline
 62
     5
100
AcDbVertex
100
AcDb2dVertex
 10
534.826865933233
 20
-3682.333595424038
 30
0
  0
VERTEX
  5
F7B9
330
F7A2
100
AcDbEntity
  8
0-CAD-polyline
 62
     5
100
AcDbVertex
100
AcDb2dVertex
 10
535.2980802276666
 20
-3655.337745814663
 30
0
  0
SEQEND
  5
F7BA
330
F7A2
100
AcDbEntity
  8
0-CAD-polyline
  0
LINE
  5
F7BB
330
2
100
AcDbEntity
  8
0-CAD-polyline
 62
     5
100
AcDbLine
 10
533.8270185211236
 20
-3682.316017299038
 30
0
 11
534.826865933233
 21
-3682.333595424038
 31
0
  0
LINE
  5
F7BC
330
2
100
AcDbEntity
  8
0-CAD-polyline
 62
     5
100
AcDbLine
 10
535.8118474700982
 20
-3684.335792689663
 30
0
 11
535.8118474700982
 21
-3683.335792689663
 31
0
  0
LINE
  5
F7BD
330
2
100
AcDbEntity
  8
0-CAD-polyline
 62
     5
100
AcDbLine
 10
542.0618550994927
 20
-3684.335792689663
 30
0
 11
542.0618550994927
 21
-3683.335792689663
 31
0
  0
LINE
  5
F7BE
330
2
100
AcDbEntity
  8
0-CAD-polyline
 62
     5
100
AcDbLine
 10
548.3118474700982
 20
-3684.335792689663
 30
0
 11
548.3118474700982
 21
-3683.335792689663
 31
0
  0
LINE
  5
F7BF
330
2
100
AcDbEntity
  8
0-CAD-polyline
 62
     5
100
AcDbLine
 10
550.3118474700982
 20
-3682.335792689663
 30
0
 11
549.3118474700982
 21
-3682.335792689663
 31
0
  0
LINE
  5
F7C0
330
2
100
AcDbEntity
  8
0-CAD-polyline
 62
     5
100
AcDbLine
 10
550.3118474700982
 20
-3670.335792689663
 30
0
 11
549.3118474700982
 21
-3670.335792689663
 31
0
  0
LINE
  5
F7C1
330
2
100
AcDbEntity
  8
0-CAD-polyline
 62
     5
100
AcDbLine
 10
551.3118474700982
 20
-3669.335792689663
 30
0
 11
551.3118474700982
 21
-3668.335792689663
 31
0
  0
LINE
  5
F7C2
330
2
100
AcDbEntity
  8
0-CAD-polyline
 62
     5
100
AcDbLine
 10
573.3118474700982
 20
-3669.335792689663
 30
0
 11
573.3118474700982
 21
-3668.335792689663
 31
0
  0
LINE
  5
F7C3
330
2
100
AcDbEntity
  8
0-CAD-polyline
 62
     5
100
AcDbLine
 10
575.2812326171929
 20
-3667.296486049038
 30
0
 11
574.2818429687554
 21
-3667.331154017788
 31
0
  0
LINE
  5
F7C4
330
2
100
AcDbEntity
  8
0-CAD-polyline
 62
     1
100
AcDbLine
 10
495.6757123733305
 20
-3639.335777427788
 30
0
 11
495.6757123733305
 21
-3699.335781237789
 31
0
1001
COPRA_AXIS
1000
01164426-aba3-44c5-badc-6fbaaa9187d2
  0
LINE
  5
F7C5
330
2
100
AcDbEntity
  8
0-CAD-polyline
 62
     1
100
AcDbLine
 10
615.6754377133307
 20
-3699.335777427788
 30
0
 11
615.6754377133307
 21
-3639.335773617788
 31
0
1001
COPRA_AXIS
1000
300ec0d3-e0be-41c0-8176-d112b66205d1
  0
LINE
  5
F7C6
330
2
100
AcDbEntity
  8
0-CAD-polyline
 62
     4
100
AcDbLine
 10
526.6757123687798
 20
-3698.335792689663
 30
0
 11
495.6757123687798
 21
-3698.335792689663
 31
0
  0
LINE
  5
F7C7
330
2
100
AcDbEntity
  8
0-CAD-polyline
 62
     4
100
AcDbLine
 10
526.6757123687798
 20
-3640.335792689663
 30
0
 11
495.6757123687798
 21
-3640.335792689663
 31
0
  0
POLYLINE
  5
F7C8
330
2
100
AcDbEntity
  8
0-CAD-polyline
 62
     4
100
AcDb2dPolyline
 66
     1
 10
0
 20
0
 30
0
 40
0
 41
0
  0
VERTEX
  5
F7C9
330
F7C8
100
AcDbEntity
  8
0-CAD-polyline
 62
     4
100
AcDbVertex
100
AcDb2dVertex
 10
527.6757123687798
 20
-3699.335792689663
 30
0
  0
VERTEX
  5
F7CA
330
F7C8
100
AcDbEntity
  8
0-CAD-polyline
 62
     4
100
AcDbVertex
100
AcDb2dVertex
 10
526.6757123687798
 20
-3698.335792689663
 30
0
  0
VERTEX
  5
F7CB
330
F7C8
100
AcDbEntity
  8
0-CAD-polyline
 62
     4
100
AcDbVertex
100
AcDb2dVertex
 10
526.6757123687798
 20
-3683.335792689663
 30
0
  0
VERTEX
  5
F7CC
330
F7C8
100
AcDbEntity
  8
0-CAD-polyline
 62
     4
100
AcDbVertex
100
AcDb2dVertex
 10
513.1757123687798
 20
-3683.335792689663
 30
0
  0
VERTEX
  5
F7CD
330
F7C8
100
AcDbEntity
  8
0-CAD-polyline
 62
     4
100
AcDbVertex
100
AcDb2dVertex
 10
513.1757123687798
 20
-3655.335792689663
 30
0
  0
VERTEX
  5
F7CE
330
F7C8
100
AcDbEntity
  8
0-CAD-polyline
 62
     4
100
AcDbVertex
100
AcDb2dVertex
 10
526.6757123687798
 20
-3655.335792689663
 30
0
  0
VERTEX
  5
F7CF
330
F7C8
100
AcDbEntity
  8
0-CAD-polyline
 62
     4
100
AcDbVertex
100
AcDb2dVertex
 10
526.6757123687798
 20
-3640.335792689663
 30
0
  0
VERTEX
  5
F7D0
330
F7C8
100
AcDbEntity
  8
0-CAD-polyline
 62
     4
100
AcDbVertex
100
AcDb2dVertex
 10
527.6757123687798
 20
-3639.335792689663
 30
0
  0
SEQEND
  5
F7D1
330
F7C8
100
AcDbEntity
  8
0-CAD-polyline
 62
     4
  0
POLYLINE
  5
F7D2
330
2
100
AcDbEntity
  8
0-CAD-polyline
 62
     4
100
AcDb2dPolyline
 66
     1
 10
0
 20
0
 30
0
 40
0
 41
0
1001
COPRA
1000
2
1001
CrfRollDraw
1000
00fe4c0a-4510-4791-9dc0-e7320c5878e0
  0
VERTEX
  5
F7D3
330
F7D2
100
AcDbEntity
  8
0-CAD-polyline
 62
     4
100
AcDbVertex
100
AcDb2dVertex
 10
495.6757123687798
 20
-3699.335792689663
 30
0
  0
VERTEX
  5
F7D4
330
F7D2
100
AcDbEntity
  8
0-CAD-polyline
 62
     4
100
AcDbVertex
100
AcDb2dVertex
 10
548.3018474587798
 20
-3699.335792678869
 30
0
  0
VERTEX
  5
F7D5
330
F7D2
100
AcDbEntity
  8
0-CAD-polyline
 62
     4
100
AcDbVertex
100
AcDb2dVertex
 10
549.3018474585747
 20
-3698.335792678664
 30
0
  0
VERTEX
  5
F7D6
330
F7D2
100
AcDbEntity
  8
0-CAD-polyline
 62
     4
100
AcDbVertex
100
AcDb2dVertex
 10
549.3018474361547
 20
-3686.536960468664
 30
0
  0
VERTEX
  5
F7D7
330
F7D2
100
AcDbEntity
  8
0-CAD-polyline
 62
     4
100
AcDbVertex
100
AcDb2dVertex
 10
547.3367521957448
 20
-3684.537265079067
 30
0
  0
VERTEX
  5
F7D8
330
F7D2
100
AcDbEntity
  8
0-CAD-polyline
 62
     4
100
AcDbVertex
100
AcDb2dVertex
 10
535.7769458157031
 20
-3684.335488221438
 30
0
  0
VERTEX
  5
F7D9
330
F7D2
100
AcDbEntity
  8
0-CAD-polyline
 62
     4
100
AcDbVertex
100
AcDb2dVertex
 10
533.8121547152859
 20
-3682.300887761841
 30
0
  0
VERTEX
  5
F7DA
330
F7D2
100
AcDbEntity
  8
0-CAD-polyline
 62
     4
100
AcDbVertex
100
AcDb2dVertex
 10
534.3010311195412
 20
-3654.292995111741
 30
0
  0
VERTEX
  5
F7DB
330
F7D2
100
AcDbEntity
  8
0-CAD-polyline
 62
     4
100
AcDbVertex
100
AcDb2dVertex
 10
541.1116250094192
 20
-3653.697145320344
 30
0
  0
VERTEX
  5
F7DC
330
F7D2
100
AcDbEntity
  8
0-CAD-polyline
 62
     4
100
AcDbVertex
100
AcDb2dVertex
 10
545.6758462983976
 20
-3648.716171259408
 30
0
  0
VERTEX
  5
F7DD
330
F7D2
100
AcDbEntity
  8
0-CAD-polyline
 62
     4
100
AcDbVertex
100
AcDb2dVertex
 10
545.6758453766788
 20
-3640.335792679408
 30
0
  0
VERTEX
  5
F7DE
330
F7D2
100
AcDbEntity
  8
0-CAD-polyline
 62
     4
100
AcDbVertex
100
AcDb2dVertex
 10
544.6758453764737
 20
-3639.335792679613
 30
0
  0
VERTEX
  5
F7DF
330
F7D2
100
AcDbEntity
  8
0-CAD-polyline
 62
     4
100
AcDbVertex
100
AcDb2dVertex
 10
495.6757123564735
 20
-3639.335792689663
 30
0
  0
SEQEND
  5
F7E0
330
F7D2
100
AcDbEntity
  8
0-CAD-polyline
 62
     4
  0
LINE
  5
F7E1
330
2
100
AcDbEntity
  8
0-CAD-polyline
 62
     4
100
AcDbLine
 10
530.6757123564735
 20
-3639.335792682485
 30
0
 11
530.6757123566786
 21
-3640.335792682485
 31
0
  0
LINE
  5
F7E2
330
2
100
AcDbEntity
  8
0-CAD-polyline
 62
     4
100
AcDbLine
 10
530.6757123566786
 20
-3640.335792682485
 30
0
 11
540.6757123566786
 21
-3640.335792680434
 31
0
  0
LINE
  5
F7E3
330
2
100
AcDbEntity
  8
0-CAD-polyline
 62
     4
100
AcDbLine
 10
540.6757123566786
 20
-3640.335792680434
 30
0
 11
540.6757123564735
 21
-3639.335792680434
 31
0
  0
LINE
  5
F7E4
330
2
100
AcDbEntity
  8
0-CAD-polyline
 62
     4
100
AcDbLine
 10
527.6757123687798
 20
-3699.335792689663
 30
0
 11
526.6757123687798
 21
-3698.335792689663
 31
0
  0
LINE
  5
F7E5
330
2
100
AcDbEntity
  8
0-CAD-polyline
 62
     4
100
AcDbLine
 10
527.6757123687798
 20
-3639.335792689663
 30
0
 11
526.6757123687798
 21
-3640.335792689663
 31
0
  0
LINE
  5
F7E6
330
2
100
AcDbEntity
  8
0-CAD-polyline
 62
     4
100
AcDbLine
 10
526.6757123687798
 20
-3698.335792689663
 30
0
 11
526.6757123687798
 21
-3683.335792689663
 31
0
  0
LINE
  5
F7E7
330
2
100
AcDbEntity
  8
0-CAD-polyline
 62
     4
100
AcDbLine
 10
526.6757123687798
 20
-3683.335792689663
 30
0
 11
495.6757123687798
 21
-3683.335792689663
 31
0
  0
ARC
  5
F7E8
330
2
100
AcDbEntity
  8
0-CAD-polyline
 62
     4
100
AcDbCircle
 10
526.6757123687798
 20
-3683.335792689663
 30
0
 40
0
100
AcDbArc
 50
0
 51
0
  0
LINE
  5
F7E9
330
2
100
AcDbEntity
  8
0-CAD-polyline
 62
     4
100
AcDbLine
 10
526.6757123687798
 20
-3640.335792689663
 30
0
 11
526.6757123687798
 21
-3655.335792689663
 31
0
  0
LINE
  5
F7EA
330
2
100
AcDbEntity
  8
0-CAD-polyline
 62
     4
100
AcDbLine
 10
526.6757123687798
 20
-3655.335792689663
 30
0
 11
495.6757123687798
 21
-3655.335792689663
 31
0
  0
ARC
  5
F7EB
330
2
100
AcDbEntity
  8
0-CAD-polyline
 62
     4
100
AcDbCircle
 10
526.6757123687798
 20
-3655.335792689663
 30
0
 40
0
100
AcDbArc
 50
0
 51
0
  0
LINE
  5
F7EC
330
2
100
AcDbEntity
  8
0-CAD-polyline
 62
     4
100
AcDbLine
 10
513.1757123687798
 20
-3683.335792689663
 30
0
 11
513.1757123687798
 21
-3655.335792689663
 31
0
  0
LINE
  5
F7ED
330
2
100
AcDbEntity
  8
0-CAD-polyline
 62
     4
100
AcDbLine
 10
526.6757123687798
 20
-3698.335792689663
 30
0
 11
495.6757123687798
 21
-3698.335792689663
 31
0
  0
LINE
  5
F7EE
330
2
100
AcDbEntity
  8
0-CAD-polyline
 62
     4
100
AcDbLine
 10
526.6757123687798
 20
-3640.335792689663
 30
0
 11
495.6757123687798
 21
-3640.335792689663
 31
0
  0
LINE
  5
F7EF
330
2
100
AcDbEntity
  8
0-CAD-polyline
 62
     4
100
AcDbLine
 10
495.6757123687798
 20
-3683.335792689663
 30
0
 11
521.6757123687798
 21
-3683.335792689663
 31
0
  0
LINE
  5
F7F0
330
2
100
AcDbEntity
  8
0-CAD-polyline
 62
     4
100
AcDbLine
 10
521.6757123687798
 20
-3683.335792689663
 30
0
 11
521.6757123687798
 21
-3678.335792689663
 31
0
  0
LINE
  5
F7F1
330
2
100
AcDbEntity
  8
0-CAD-polyline
 62
     4
100
AcDbLine
 10
495.6757123687798
 20
-3678.335792689663
 30
0
 11
521.6757123687798
 21
-3678.335792689663
 31
0
  0
LINE
  5
F7F2
330
2
100
AcDbEntity
  8
0-CAD-polyline
 62
     4
100
AcDbLine
 10
495.6757123687798
 20
-3678.335792689663
 30
0
 11
495.6757123687798
 21
-3678.335792689663
 31
0
  0
LINE
  5
F7F3
330
2
100
AcDbEntity
  8
0-CAD-polyline
 62
     4
100
AcDbLine
 10
495.6757123687798
 20
-3660.335792689663
 30
0
 11
521.6757123687798
 21
-3660.335792689663
 31
0
  0
LINE
  5
F7F4
330
2
100
AcDbEntity
  8
0-CAD-polyline
 62
     4
100
AcDbLine
 10
521.6757123687798
 20
-3660.335792689663
 30
0
 11
521.6757123687798
 21
-3655.335792689663
 31
0
  0
LINE
  5
F7F5
330
2
100
AcDbEntity
  8
0-CAD-polyline
 62
     4
100
AcDbLine
 10
521.6757123687798
 20
-3660.335792689663
 30
0
 11
521.6757123687798
 21
-3655.335792689663
 31
0
  0
LINE
  5
F7F6
330
2
100
AcDbEntity
  8
0-CAD-polyline
 62
     4
100
AcDbLine
 10
521.6757123687798
 20
-3655.335792689663
 30
0
 11
495.6757123687798
 21
-3655.335792689663
 31
0
  0
TEXT
  5
F7F7
330
2
100
AcDbEntity
  8
0-CAD-polyline
 62
     4
100
AcDbText
 10
492.4449431349547
 20
-3679.698484996919
 30
0
 40
3.5
  1
*11-12L1
 50
89.99999998310366
  7

 72
     1
 11
493.9257123687798
 21
-3669.335792689663
 31
0
100
AcDbText
 73
     1
  0
TEXT
  5
F7F8
330
2
100
AcDbEntity
  8
0-CAD-polyline
 62
     4
100
AcDbText
 10
488.6891737563362
 20
-3674.97927336248
 30
0
 40
2.449999958276749
  1
2.59 kg
 50
89.99999998310366
  7

 72
     1
 11
489.7257122018868
 21
-3669.335792689663
 31
0
100
AcDbText
 73
     1
  0
LINE
  5
F7F9
330
2
100
AcDbEntity
  8
0-CAD-polyline
 62
     4
100
AcDbLine
 10
584.6754377105767
 20
-3698.335792689663
 30
0
 11
615.6754377105767
 21
-3698.335792689663
 31
0
  0
LINE
  5
F7FA
330
2
100
AcDbEntity
  8
0-CAD-polyline
 62
     4
100
AcDbLine
 10
584.6754377105767
 20
-3640.335792689663
 30
0
 11
615.6754377105767
 21
-3640.335792689663
 31
0
  0
POLYLINE
  5
F7FB
330
2
100
AcDbEntity
  8
0-CAD-polyline
 62
     4
100
AcDb2dPolyline
 66
     1
 10
0
 20
0
 30
0
 40
0
 41
0
  0
VERTEX
  5
F7FC
330
F7FB
100
AcDbEntity
  8
0-CAD-polyline
 62
     4
100
AcDbVertex
100
AcDb2dVertex
 10
583.6754377105767
 20
-3699.335792689663
 30
0
  0
VERTEX
  5
F7FD
330
F7FB
100
AcDbEntity
  8
0-CAD-polyline
 62
     4
100
AcDbVertex
100
AcDb2dVertex
 10
584.6754377105767
 20
-3698.335792689663
 30
0
  0
VERTEX
  5
F7FE
330
F7FB
100
AcDbEntity
  8
0-CAD-polyline
 62
     4
100
AcDbVertex
100
AcDb2dVertex
 10
584.6754377105767
 20
-3683.335792689663
 30
0
  0
VERTEX
  5
F7FF
330
F7FB
100
AcDbEntity
  8
0-CAD-polyline
 62
     4
100
AcDbVertex
100
AcDb2dVertex
 10
598.1754377105767
 20
-3683.335792689663
 30
0
  0
VERTEX
  5
F800
330
F7FB
100
AcDbEntity
  8
0-CAD-polyline
 62
     4
100
AcDbVertex
100
AcDb2dVertex
 10
598.1754377105767
 20
-3655.335792689663
 30
0
  0
VERTEX
  5
F801
330
F7FB
100
AcDbEntity
  8
0-CAD-polyline
 62
     4
100
AcDbVertex
100
AcDb2dVertex
 10
584.6754377105767
 20
-3655.335792689663
 30
0
  0
VERTEX
  5
F802
330
F7FB
100
AcDbEntity
  8
0-CAD-polyline
 62
     4
100
AcDbVertex
100
AcDb2dVertex
 10
584.6754377105767
 20
-3640.335792689663
 30
0
  0
VERTEX
  5
F803
330
F7FB
100
AcDbEntity
  8
0-CAD-polyline
 62
     4
100
AcDbVertex
100
AcDb2dVertex
 10
583.6754377105767
 20
-3639.335792689663
 30
0
  0
SEQEND
  5
F804
330
F7FB
100
AcDbEntity
  8
0-CAD-polyline
 62
     4
  0
POLYLINE
  5
F805
330
2
100
AcDbEntity
  8
0-CAD-polyline
 62
     4
100
AcDb2dPolyline
 66
     1
 10
0
 20
0
 30
0
 40
0
 41
0
1001
COPRA
1000
3
1001
CrfRollDraw
1000
7a7b5d96-61fa-4e3c-9bfc-351ce2c3a51e
  0
VERTEX
  5
F806
330
F805
100
AcDbEntity
  8
0-CAD-polyline
 62
     4
100
AcDbVertex
100
AcDb2dVertex
 10
615.6754377228831
 20
-3639.335792689663
 30
0
  0
VERTEX
  5
F807
330
F805
100
AcDbEntity
  8
0-CAD-polyline
 62
     4
100
AcDbVertex
100
AcDb2dVertex
 10
566.6758449728827
 20
-3639.335792679613
 30
0
  0
VERTEX
  5
F808
330
F805
100
AcDbEntity
  8
0-CAD-polyline
 62
     4
100
AcDbVertex
100
AcDb2dVertex
 10
565.6758449726776
 20
-3640.335792679408
 30
0
  0
VERTEX
  5
F809
330
F805
100
AcDbEntity
  8
0-CAD-polyline
 62
     4
100
AcDbVertex
100
AcDb2dVertex
 10
565.675845640877
 20
-3649.115240879408
 30
0
  0
VERTEX
  5
F80A
330
F805
100
AcDbEntity
  8
0-CAD-polyline
 62
     4
100
AcDbVertex
100
AcDb2dVertex
 10
570.4577490998527
 20
-3654.110481600389
 30
0
  0
VERTEX
  5
F80B
330
F805
100
AcDbEntity
  8
0-CAD-polyline
 62
     4
100
AcDbVertex
100
AcDb2dVertex
 10
574.8274330998133
 20
-3654.301265761285
 30
0
  0
VERTEX
  5
F80C
330
F805
100
AcDbEntity
  8
0-CAD-polyline
 62
     4
100
AcDbVertex
100
AcDb2dVertex
 10
575.2812358271481
 20
-3667.296436671378
 30
0
  0
VERTEX
  5
F80D
330
F805
100
AcDbEntity
  8
0-CAD-polyline
 62
     4
100
AcDbVertex
100
AcDb2dVertex
 10
573.3634334367298
 20
-3669.335121040985
 30
0
  0
VERTEX
  5
F80E
330
F805
100
AcDbEntity
  8
0-CAD-polyline
 62
     4
100
AcDbVertex
100
AcDb2dVertex
 10
551.2856727766116
 20
-3669.913249486457
 30
0
  0
VERTEX
  5
F80F
330
F805
100
AcDbEntity
  8
0-CAD-polyline
 62
     4
100
AcDbVertex
100
AcDb2dVertex
 10
550.3118498064064
 20
-3670.912906926257
 30
0
  0
VERTEX
  5
F810
330
F805
100
AcDbEntity
  8
0-CAD-polyline
 62
     4
100
AcDbVertex
100
AcDb2dVertex
 10
550.3118526507819
 20
-3698.335792676257
 30
0
  0
VERTEX
  5
F811
330
F805
100
AcDbEntity
  8
0-CAD-polyline
 62
     4
100
AcDbVertex
100
AcDb2dVertex
 10
551.3118526505768
 20
-3699.335792676462
 30
0
  0
VERTEX
  5
F812
330
F805
100
AcDbEntity
  8
0-CAD-polyline
 62
     4
100
AcDbVertex
100
AcDb2dVertex
 10
615.6754377105767
 20
-3699.335792689663
 30
0
  0
SEQEND
  5
F813
330
F805
100
AcDbEntity
  8
0-CAD-polyline
 62
     4
  0
LINE
  5
F814
330
2
100
AcDbEntity
  8
0-CAD-polyline
 62
     4
100
AcDbLine
 10
580.6754377228831
 20
-3639.335792682485
 30
0
 11
580.675437722678
 21
-3640.335792682485
 31
0
  0
LINE
  5
F815
330
2
100
AcDbEntity
  8
0-CAD-polyline
 62
     4
100
AcDbLine
 10
580.675437722678
 20
-3640.335792682485
 30
0
 11
570.675437722678
 21
-3640.335792680434
 31
0
  0
LINE
  5
F816
330
2
100
AcDbEntity
  8
0-CAD-polyline
 62
     4
100
AcDbLine
 10
570.675437722678
 20
-3640.335792680434
 30
0
 11
570.6754377228831
 21
-3639.335792680434
 31
0
  0
LINE
  5
F817
330
2
100
AcDbEntity
  8
0-CAD-polyline
 62
     4
100
AcDbLine
 10
583.6754377105767
 20
-3699.335792689663
 30
0
 11
584.6754377105767
 21
-3698.335792689663
 31
0
  0
LINE
  5
F818
330
2
100
AcDbEntity
  8
0-CAD-polyline
 62
     4
100
AcDbLine
 10
583.6754377105767
 20
-3639.335792689663
 30
0
 11
584.6754377105767
 21
-3640.335792689663
 31
0
  0
LINE
  5
F819
330
2
100
AcDbEntity
  8
0-CAD-polyline
 62
     4
100
AcDbLine
 10
584.6754377105767
 20
-3698.335792689663
 30
0
 11
584.6754377105767
 21
-3683.335792689663
 31
0
  0
LINE
  5
F81A
330
2
100
AcDbEntity
  8
0-CAD-polyline
 62
     4
100
AcDbLine
 10
584.6754377105767
 20
-3683.335792689663
 30
0
 11
615.6754377105767
 21
-3683.335792689663
 31
0
  0
ARC
  5
F81B
330
2
100
AcDbEntity
  8
0-CAD-polyline
 62
     4
100
AcDbCircle
 10
584.6754377105767
 20
-3683.335792689663
 30
0
 40
0
100
AcDbArc
 50
0
 51
0
  0
LINE
  5
F81C
330
2
100
AcDbEntity
  8
0-CAD-polyline
 62
     4
100
AcDbLine
 10
584.6754377105767
 20
-3640.335792689663
 30
0
 11
584.6754377105767
 21
-3655.335792689663
 31
0
  0
LINE
  5
F81D
330
2
100
AcDbEntity
  8
0-CAD-polyline
 62
     4
100
AcDbLine
 10
584.6754377105767
 20
-3655.335792689663
 30
0
 11
615.6754377105767
 21
-3655.335792689663
 31
0
  0
ARC
  5
F81E
330
2
100
AcDbEntity
  8
0-CAD-polyline
 62
     4
100
AcDbCircle
 10
584.6754377105767
 20
-3655.335792689663
 30
0
 40
0
100
AcDbArc
 50
0
 51
0
  0
LINE
  5
F81F
330
2
100
AcDbEntity
  8
0-CAD-polyline
 62
     4
100
AcDbLine
 10
598.1754377105767
 20
-3683.335792689663
 30
0
 11
598.1754377105767
 21
-3655.335792689663
 31
0
  0
LINE
  5
F820
330
2
100
AcDbEntity
  8
0-CAD-polyline
 62
     4
100
AcDbLine
 10
584.6754377105767
 20
-3698.335792689663
 30
0
 11
615.6754377105767
 21
-3698.335792689663
 31
0
  0
LINE
  5
F821
330
2
100
AcDbEntity
  8
0-CAD-polyline
 62
     4
100
AcDbLine
 10
584.6754377105767
 20
-3640.335792689663
 30
0
 11
615.6754377105767
 21
-3640.335792689663
 31
0
  0
LINE
  5
F822
330
2
100
AcDbEntity
  8
0-CAD-polyline
 62
     4
100
AcDbLine
 10
615.6754377105767
 20
-3683.335792689663
 30
0
 11
589.6754377105767
 21
-3683.335792689663
 31
0
  0
LINE
  5
F823
330
2
100
AcDbEntity
  8
0-CAD-polyline
 62
     4
100
AcDbLine
 10
589.6754377105767
 20
-3683.335792689663
 30
0
 11
589.6754377105767
 21
-3678.335792689663
 31
0
  0
LINE
  5
F824
330
2
100
AcDbEntity
  8
0-CAD-polyline
 62
     4
100
AcDbLine
 10
615.6754377105767
 20
-3678.335792689663
 30
0
 11
589.6754377105767
 21
-3678.335792689663
 31
0
  0
LINE
  5
F825
330
2
100
AcDbEntity
  8
0-CAD-polyline
 62
     4
100
AcDbLine
 10
615.6754377105767
 20
-3678.335792689663
 30
0
 11
615.6754377105767
 21
-3678.335792689663
 31
0
  0
LINE
  5
F826
330
2
100
AcDbEntity
  8
0-CAD-polyline
 62
     4
100
AcDbLine
 10
615.6754377105767
 20
-3660.335792689663
 30
0
 11
589.6754377105767
 21
-3660.335792689663
 31
0
  0
LINE
  5
F827
330
2
100
AcDbEntity
  8
0-CAD-polyline
 62
     4
100
AcDbLine
 10
589.6754377105767
 20
-3660.335792689663
 30
0
 11
589.6754377105767
 21
-3655.335792689663
 31
0
  0
LINE
  5
F828
330
2
100
AcDbEntity
  8
0-CAD-polyline
 62
     4
100
AcDbLine
 10
589.6754377105767
 20
-3660.335792689663
 30
0
 11
589.6754377105767
 21
-3655.335792689663
 31
0
  0
LINE
  5
F829
330
2
100
AcDbEntity
  8
0-CAD-polyline
 62
     4
100
AcDbLine
 10
589.6754377105767
 20
-3655.335792689663
 30
0
 11
615.6754377105767
 21
-3655.335792689663
 31
0
  0
TEXT
  5
F82A
330
2
100
AcDbEntity
  8
0-CAD-polyline
 62
     4
100
AcDbText
 10
620.9254377074211
 20
-3680.036369613772
 30
0
 40
3.5
  1
*11-12R1
 50
89.99999998310366
  7

 72
     1
 11
617.4254377105767
 21
-3669.335792689663
 31
0
100
AcDbText
 73
     3
  0
TEXT
  5
F82B
330
2
100
AcDbEntity
  8
0-CAD-polyline
 62
     4
100
AcDbText
 10
624.0754378340822
 20
-3674.979273363509
 30
0
 40
2.449999958276749
  1
4.20 kg
 50
89.99999998310366
  7

 72
     1
 11
621.6254378774697
 21
-3669.335792689663
 31
0
100
AcDbText
 73
     3
  0
LINE
  5
F82C
330
2
100
AcDbEntity
  8
0-CAD-polyline
 62
     1
100
AcDbLine
 10
506.6865613678033
 20
-3683.835792689663
 30
0
 11
600.6877134063775
 21
-3683.835792689663
 31
0
  0
TEXT
  5
F82D
330
2
100
AcDbEntity
  8
0-CAD-polyline
100
AcDbText
 10
486.6865613678033
 20
-3682.835792689663
 30
0
 40
10
  1
12
  7

 11
0
 21
0
 31
0
100
AcDbText
  0
POLYLINE
  5
F82E
330
2
100
AcDbEntity
  8
0-CAD-polyline
 62
     5
100
AcDb2dPolyline
 66
     1
 10
0
 20
0
 30
0
 40
0
 41
0
  0
VERTEX
  5
F82F
330
F82E
100
AcDbEntity
  8
0-CAD-polyline
 62
     5
100
AcDbVertex
100
AcDb2dVertex
 10
534.8118474700982
 20
-3955.335792689663
 30
0
  0
VERTEX
  5
F830
330
F82E
100
AcDbEntity
  8
0-CAD-polyline
 62
     5
100
AcDbVertex
100
AcDb2dVertex
 10
533.8118474700982
 20
-3955.335792689663
 30
0
  0
VERTEX
  5
F831
330
F82E
100
AcDbEntity
  8
0-CAD-polyline
 62
     5
100
AcDbVertex
100
AcDb2dVertex
 10
533.8118474700982
 20
-3982.335792689663
 30
0
  0
VERTEX
  5
F832
330
F82E
100
AcDbEntity
  8
0-CAD-polyline
 62
     5
100
AcDbVertex
100
AcDb2dVertex
 10
535.8118474700982
 20
-3984.335792689663
 30
0
  0
VERTEX
  5
F833
330
F82E
100
AcDbEntity
  8
0-CAD-polyline
 62
     5
100
AcDbVertex
100
AcDb2dVertex
 10
542.0618550994927
 20
-3984.335792689663
 30
0
  0
VERTEX
  5
F834
330
F82E
100
AcDbEntity
  8
0-CAD-polyline
 62
     5
100
AcDbVertex
100
AcDb2dVertex
 10
548.3118474700982
 20
-3984.335792689663
 30
0
  0
VERTEX
  5
F835
330
F82E
100
AcDbEntity
  8
0-CAD-polyline
 62
     5
100
AcDbVertex
100
AcDb2dVertex
 10
550.3118474700982
 20
-3982.335792689663
 30
0
  0
VERTEX
  5
F836
330
F82E
100
AcDbEntity
  8
0-CAD-polyline
 62
     5
100
AcDbVertex
100
AcDb2dVertex
 10
550.3118474700982
 20
-3970.335792689663
 30
0
  0
VERTEX
  5
F837
330
F82E
100
AcDbEntity
  8
0-CAD-polyline
 62
     5
100
AcDbVertex
100
AcDb2dVertex
 10
551.3118474700982
 20
-3969.335792689663
 30
0
  0
VERTEX
  5
F838
330
F82E
100
AcDbEntity
  8
0-CAD-polyline
 62
     5
100
AcDbVertex
100
AcDb2dVertex
 10
573.3118474700982
 20
-3969.335792689663
 30
0
  0
VERTEX
  5
F839
330
F82E
100
AcDbEntity
  8
0-CAD-polyline
 62
     5
100
AcDbVertex
100
AcDb2dVertex
 10
575.3118474700982
 20
-3967.335792689663
 30
0
  0
VERTEX
  5
F83A
330
F82E
100
AcDbEntity
  8
0-CAD-polyline
 62
     5
100
AcDbVertex
100
AcDb2dVertex
 10
575.3118474700982
 20
-3955.335792689663
 30
0
  0
VERTEX
  5
F83B
330
F82E
100
AcDbEntity
  8
0-CAD-polyline
 62
     5
100
AcDbVertex
100
AcDb2dVertex
 10
574.3118474700982
 20
-3955.335792689663
 30
0
  0
VERTEX
  5
F83C
330
F82E
100
AcDbEntity
  8
0-CAD-polyline
 62
     5
100
AcDbVertex
100
AcDb2dVertex
 10
574.3118474700982
 20
-3967.335792689663
 30
0
  0
VERTEX
  5
F83D
330
F82E
100
AcDbEntity
  8
0-CAD-polyline
 62
     5
100
AcDbVertex
100
AcDb2dVertex
 10
573.3118474700982
 20
-3968.335792689663
 30
0
  0
VERTEX
  5
F83E
330
F82E
100
AcDbEntity
  8
0-CAD-polyline
 62
     5
100
AcDbVertex
100
AcDb2dVertex
 10
551.3118474700982
 20
-3968.335792689663
 30
0
  0
VERTEX
  5
F83F
330
F82E
100
AcDbEntity
  8
0-CAD-polyline
 62
     5
100
AcDbVertex
100
AcDb2dVertex
 10
549.3118474700982
 20
-3970.335792689663
 30
0
  0
VERTEX
  5
F840
330
F82E
100
AcDbEntity
  8
0-CAD-polyline
 62
     5
100
AcDbVertex
100
AcDb2dVertex
 10
549.3118474700982
 20
-3982.335792689663
 30
0
  0
VERTEX
  5
F841
330
F82E
100
AcDbEntity
  8
0-CAD-polyline
 62
     5
100
AcDbVertex
100
AcDb2dVertex
 10
548.3118474700982
 20
-3983.335792689663
 30
0
  0
VERTEX
  5
F842
330
F82E
100
AcDbEntity
  8
0-CAD-polyline
 62
     5
100
AcDbVertex
100
AcDb2dVertex
 10
542.0618550994927
 20
-3983.335792689663
 30
0
  0
VERTEX
  5
F843
330
F82E
100
AcDbEntity
  8
0-CAD-polyline
 62
     5
100
AcDbVertex
100
AcDb2dVertex
 10
535.8118474700982
 20
-3983.335792689663
 30
0
  0
VERTEX
  5
F844
330
F82E
100
AcDbEntity
  8
0-CAD-polyline
 62
     5
100
AcDbVertex
100
AcDb2dVertex
 10
534.8118474700982
 20
-3982.335792689663
 30
0
  0
VERTEX
  5
F845
330
F82E
100
AcDbEntity
  8
0-CAD-polyline
 62
     5
100
AcDbVertex
100
AcDb2dVertex
 10
534.8118474700982
 20
-3955.335792689663
 30
0
  0
SEQEND
  5
F846
330
F82E
100
AcDbEntity
  8
0-CAD-polyline
  0
LINE
  5
F847
330
2
100
AcDbEntity
  8
0-CAD-polyline
 62
     5
100
AcDbLine
 10
533.8118474700982
 20
-3982.335792689663
 30
0
 11
534.8118474700982
 21
-3982.335792689663
 31
0
  0
LINE
  5
F848
330
2
100
AcDbEntity
  8
0-CAD-polyline
 62
     5
100
AcDbLine
 10
535.8118474700982
 20
-3984.335792689663
 30
0
 11
535.8118474700982
 21
-3983.335792689663
 31
0
  0
LINE
  5
F849
330
2
100
AcDbEntity
  8
0-CAD-polyline
 62
     5
100
AcDbLine
 10
542.0618550994927
 20
-3984.335792689663
 30
0
 11
542.0618550994927
 21
-3983.335792689663
 31
0
  0
LINE
  5
F84A
330
2
100
AcDbEntity
  8
0-CAD-polyline
 62
     5
100
AcDbLine
 10
548.3118474700982
 20
-3984.335792689663
 30
0
 11
548.3118474700982
 21
-3983.335792689663
 31
0
  0
LINE
  5
F84B
330
2
100
AcDbEntity
  8
0-CAD-polyline
 62
     5
100
AcDbLine
 10
550.3118474700982
 20
-3982.335792689663
 30
0
 11
549.3118474700982
 21
-3982.335792689663
 31
0
  0
LINE
  5
F84C
330
2
100
AcDbEntity
  8
0-CAD-polyline
 62
     5
100
AcDbLine
 10
550.3118474700982
 20
-3970.335792689663
 30
0
 11
549.3118474700982
 21
-3970.335792689663
 31
0
  0
LINE
  5
F84D
330
2
100
AcDbEntity
  8
0-CAD-polyline
 62
     5
100
AcDbLine
 10
551.3118474700982
 20
-3969.335792689663
 30
0
 11
551.3118474700982
 21
-3968.335792689663
 31
0
  0
LINE
  5
F84E
330
2
100
AcDbEntity
  8
0-CAD-polyline
 62
     5
100
AcDbLine
 10
573.3118474700982
 20
-3969.335792689663
 30
0
 11
573.3118474700982
 21
-3968.335792689663
 31
0
  0
LINE
  5
F84F
330
2
100
AcDbEntity
  8
0-CAD-polyline
 62
     5
100
AcDbLine
 10
575.3118474700982
 20
-3967.335792689663
 30
0
 11
574.3118474700982
 21
-3967.335792689663
 31
0
  0
LINE
  5
F850
330
2
100
AcDbEntity
  8
0-CAD-polyline
 62
     1
100
AcDbLine
 10
662.0618589133305
 20
-3905.435775907788
 30
0
 11
422.0618589133305
 21
-3905.435775907788
 31
0
1001
COPRA_AXIS
1000
bd36376a-f99f-4e1f-9971-6b1e083f06b8
  0
LINE
  5
F851
330
2
100
AcDbEntity
  8
0-CAD-polyline
 62
     1
100
AcDbLine
 10
422.0618589133305
 20
-4060.435775907788
 30
0
 11
662.0618589133305
 21
-4060.435775907788
 31
0
1001
COPRA_AXIS
1000
d01dea2e-7991-4593-b864-e36190240a9e
  0
LINE
  5
F852
330
2
100
AcDbEntity
  8
0-CAD-polyline
 62
     5
100
AcDbLine
 10
491.6757810333306
 20
-3930.435890345913
 30
0
 11
491.6757810333306
 21
-3912.435890345913
 31
0
  0
LINE
  5
F853
330
2
100
AcDbEntity
  8
0-CAD-polyline
 62
     5
100
AcDbLine
 10
532.9118459442193
 20
-3930.435890345913
 30
0
 11
532.9118459442193
 21
-3912.435890345913
 31
0
  0
LINE
  5
F854
330
2
100
AcDbEntity
  8
0-CAD-polyline
 62
     5
100
AcDbLine
 10
490.6757810333306
 20
-3912.435890345913
 30
0
 11
533.9118459442193
 21
-3912.435890345913
 31
0
  0
POLYLINE
  5
F855
330
2
100
AcDbEntity
  8
0-CAD-polyline
 62
     5
100
AcDb2dPolyline
 66
     1
 10
0
 20
0
 30
0
 40
0
 41
0
  0
VERTEX
  5
F856
330
F855
100
AcDbEntity
  8
0-CAD-polyline
 62
     5
100
AcDbVertex
100
AcDb2dVertex
 10
490.6757810333306
 20
-3931.435890345913
 30
0
  0
VERTEX
  5
F857
330
F855
100
AcDbEntity
  8
0-CAD-polyline
 62
     5
100
AcDbVertex
100
AcDb2dVertex
 10
491.6757810333306
 20
-3930.435890345913
 30
0
  0
VERTEX
  5
F858
330
F855
100
AcDbEntity
  8
0-CAD-polyline
 62
     5
100
AcDbVertex
100
AcDb2dVertex
 10
532.9118459442193
 20
-3930.435890345913
 30
0
  0
VERTEX
  5
F859
330
F855
100
AcDbEntity
  8
0-CAD-polyline
 62
     5
100
AcDbVertex
100
AcDb2dVertex
 10
533.9118459442193
 20
-3931.435890345913
 30
0
  0
SEQEND
  5
F85A
330
F855
100
AcDbEntity
  8
0-CAD-polyline
 62
     5
  0
POLYLINE
  5
F85B
330
2
100
AcDbEntity
  8
0-CAD-polyline
 62
     5
100
AcDb2dPolyline
 66
     1
 10
0
 20
0
 30
0
 40
0
 41
0
1001
COPRA
1000
2
1001
CrfRollDraw
1000
c2f8b49d-1366-42ed-967f-2ca62002a1b2
  0
VERTEX
  5
F85C
330
F85B
100
AcDbEntity
  8
0-CAD-polyline
 62
     5
100
AcDbVertex
100
AcDb2dVertex
 10
490.6757810333306
 20
-3905.435890345913
 30
0
  0
VERTEX
  5
F85D
330
F85B
100
AcDbEntity
  8
0-CAD-polyline
 62
     5
100
AcDbVertex
100
AcDb2dVertex
 10
490.6757810333306
 20
-3942.435883185913
 30
0
  0
VERTEX
  5
F85E
330
F85B
100
AcDbEntity
  8
0-CAD-polyline
 62
     5
100
AcDbVertex
100
AcDb2dVertex
 10
491.6757810333306
 20
-3943.435883185913
 30
0
  0
VERTEX
  5
F85F
330
F85B
100
AcDbEntity
  8
0-CAD-polyline
 62
     5
100
AcDbVertex
100
AcDb2dVertex
 10
532.9118453233305
 20
-3943.435883185913
 30
0
  0
VERTEX
  5
F860
330
F85B
100
AcDbEntity
  8
0-CAD-polyline
 62
     5
100
AcDbVertex
100
AcDb2dVertex
 10
533.9118453233305
 20
-3942.435883185913
 30
0
  0
VERTEX
  5
F861
330
F85B
100
AcDbEntity
  8
0-CAD-polyline
 62
     5
100
AcDbVertex
100
AcDb2dVertex
 10
533.9118453233305
 20
-3905.435890345913
 30
0
  0
SEQEND
  5
F862
330
F85B
100
AcDbEntity
  8
0-CAD-polyline
 62
     5
  0
LINE
  5
F863
330
2
100
AcDbEntity
  8
0-CAD-polyline
 62
     5
100
AcDbLine
 10
490.6757810333306
 20
-3935.435890345913
 30
0
 11
491.6757810333306
 21
-3935.435890345913
 31
0
  0
LINE
  5
F864
330
2
100
AcDbEntity
  8
0-CAD-polyline
 62
     5
100
AcDbLine
 10
491.6757810333306
 20
-3935.435890345913
 30
0
 11
491.6757810333306
 21
-3940.435883185913
 31
0
  0
LINE
  5
F865
330
2
100
AcDbEntity
  8
0-CAD-polyline
 62
     5
100
AcDbLine
 10
491.6757810333306
 20
-3940.435883185913
 30
0
 11
490.6757810333306
 21
-3940.435883185913
 31
0
  0
LINE
  5
F866
330
2
100
AcDbEntity
  8
0-CAD-polyline
 62
     5
100
AcDbLine
 10
490.6757810333306
 20
-3931.435890345913
 30
0
 11
491.6757810333306
 21
-3930.435890345913
 31
0
  0
LINE
  5
F867
330
2
100
AcDbEntity
  8
0-CAD-polyline
 62
     5
100
AcDbLine
 10
533.9118459442193
 20
-3931.435890345913
 30
0
 11
532.9118459442193
 21
-3930.435890345913
 31
0
  0
LINE
  5
F868
330
2
100
AcDbEntity
  8
0-CAD-polyline
 62
     5
100
AcDbLine
 10
491.6757810333306
 20
-3930.435890345913
 30
0
 11
532.9118459442193
 21
-3930.435890345913
 31
0
  0
LINE
  5
F869
330
2
100
AcDbEntity
  8
0-CAD-polyline
 62
     5
100
AcDbLine
 10
491.6757810333306
 20
-3930.435890345913
 30
0
 11
491.6757810333306
 21
-3912.435890345913
 31
0
  0
LINE
  5
F86A
330
2
100
AcDbEntity
  8
0-CAD-polyline
 62
     5
100
AcDbLine
 10
532.9118459442193
 20
-3930.435890345913
 30
0
 11
532.9118459442193
 21
-3912.435890345913
 31
0
  0
LINE
  5
F86B
330
2
100
AcDbEntity
  8
0-CAD-polyline
 62
     5
100
AcDbLine
 10
490.6757810333306
 20
-3912.435890345913
 30
0
 11
533.9118459442193
 21
-3912.435890345913
 31
0
  0
TEXT
  5
F86C
330
2
100
AcDbEntity
  8
0-CAD-polyline
 62
     5
100
AcDbText
 10
505.385353857662
 20
-3902.205121115144
 30
0
 40
3.5
  1
*12T1
  7

 72
     1
 11
512.2938153961236
 21
-3903.685890345913
 31
0
100
AcDbText
 73
     1
  0
TEXT
  5
F86D
330
2
100
AcDbEntity
  8
0-CAD-polyline
 62
     5
100
AcDbText
 10
506.6503347230008
 20
-3898.449351735134
 30
0
 40
2.449999958276749
  1
0.84 kg
  7

 72
     1
 11
512.2938153961236
 21
-3899.48589017902
 31
0
100
AcDbText
 73
     1
  0
LINE
  5
F86E
330
2
100
AcDbEntity
  8
0-CAD-polyline
 62
     5
100
AcDbLine
 10
534.9118459442193
 20
-3930.435890345913
 30
0
 11
534.9118459442193
 21
-3912.435890345913
 31
0
  0
LINE
  5
F86F
330
2
100
AcDbEntity
  8
0-CAD-polyline
 62
     5
100
AcDbLine
 10
548.31188239842
 20
-3930.435890345913
 30
0
 11
548.31188239842
 21
-3912.435890345913
 31
0
  0
LINE
  5
F870
330
2
100
AcDbEntity
  8
0-CAD-polyline
 62
     5
100
AcDbLine
 10
533.9118459442193
 20
-3912.435890345913
 30
0
 11
549.31188239842
 21
-3912.435890345913
 31
0
  0
POLYLINE
  5
F871
330
2
100
AcDbEntity
  8
0-CAD-polyline
 62
     5
100
AcDb2dPolyline
 66
     1
 10
0
 20
0
 30
0
 40
0
 41
0
  0
VERTEX
  5
F872
330
F871
100
AcDbEntity
  8
0-CAD-polyline
 62
     5
100
AcDbVertex
100
AcDb2dVertex
 10
533.9118459442193
 20
-3931.435890345913
 30
0
  0
VERTEX
  5
F873
330
F871
100
AcDbEntity
  8
0-CAD-polyline
 62
     5
100
AcDbVertex
100
AcDb2dVertex
 10
534.9118459442193
 20
-3930.435890345913
 30
0
  0
VERTEX
  5
F874
330
F871
100
AcDbEntity
  8
0-CAD-polyline
 62
     5
100
AcDbVertex
100
AcDb2dVertex
 10
548.31188239842
 20
-3930.435890345913
 30
0
  0
VERTEX
  5
F875
330
F871
100
AcDbEntity
  8
0-CAD-polyline
 62
     5
100
AcDbVertex
100
AcDb2dVertex
 10
549.31188239842
 20
-3931.435890345913
 30
0
  0
SEQEND
  5
F876
330
F871
100
AcDbEntity
  8
0-CAD-polyline
 62
     5
  0
POLYLINE
  5
F877
330
2
100
AcDbEntity
  8
0-CAD-polyline
 62
     5
100
AcDb2dPolyline
 66
     1
 10
0
 20
0
 30
0
 40
0
 41
0
1001
COPRA
1000
3
1001
CrfRollDraw
1000
6f179be8-607e-4bc7-b608-5bb264f245ff
  0
VERTEX
  5
F878
330
F877
100
AcDbEntity
  8
0-CAD-polyline
 62
     5
100
AcDbVertex
100
AcDb2dVertex
 10
533.9118459442193
 20
-3905.435890345913
 30
0
  0
VERTEX
  5
F879
330
F877
100
AcDbEntity
  8
0-CAD-polyline
 62
     5
100
AcDbVertex
100
AcDb2dVertex
 10
533.9118459442193
 20
-3955.135892345913
 30
0
  0
VERTEX
  5
F87A
330
F877
100
AcDbEntity
  8
0-CAD-polyline
 62
     5
100
AcDbVertex
100
AcDb2dVertex
 10
534.1118459442191
 20
-3955.335892345913
 30
0
  0
VERTEX
  5
F87B
330
F877
100
AcDbEntity
  8
0-CAD-polyline
 62
     5
100
AcDbVertex
100
AcDb2dVertex
 10
534.8118476542195
 20
-3955.335892345913
 30
0
  0
VERTEX
  5
F87C
330
F877
100
AcDbEntity
  8
0-CAD-polyline
 62
     5
100
AcDbVertex
100
AcDb2dVertex
 10
534.8118797242191
 20
-3982.335788025913
 30
0
  0
VERTEX
  5
F87D
330
F877
100
AcDbEntity
  8
0-CAD-polyline
 62
     5
100
AcDbVertex
100
AcDb2dVertex
 10
535.8118789742193
 20
-3983.335786095913
 30
0
  0
VERTEX
  5
F87E
330
F877
100
AcDbEntity
  8
0-CAD-polyline
 62
     5
100
AcDbVertex
100
AcDb2dVertex
 10
548.3118831042193
 20
-3983.335786095913
 30
0
  0
VERTEX
  5
F87F
330
F877
100
AcDbEntity
  8
0-CAD-polyline
 62
     5
100
AcDbVertex
100
AcDb2dVertex
 10
549.3118823542195
 20
-3982.335786785913
 30
0
  0
VERTEX
  5
F880
330
F877
100
AcDbEntity
  8
0-CAD-polyline
 62
     5
100
AcDbVertex
100
AcDb2dVertex
 10
549.3118823542195
 20
-3905.435890345913
 30
0
  0
SEQEND
  5
F881
330
F877
100
AcDbEntity
  8
0-CAD-polyline
 62
     5
  0
LINE
  5
F882
330
2
100
AcDbEntity
  8
0-CAD-polyline
 62
     5
100
AcDbLine
 10
533.9118459442193
 20
-3935.435890345913
 30
0
 11
534.9118459442193
 21
-3935.435890345913
 31
0
  0
LINE
  5
F883
330
2
100
AcDbEntity
  8
0-CAD-polyline
 62
     5
100
AcDbLine
 10
534.9118459442193
 20
-3935.435890345913
 30
0
 11
534.9118459442193
 21
-3940.435890345913
 31
0
  0
LINE
  5
F884
330
2
100
AcDbEntity
  8
0-CAD-polyline
 62
     5
100
AcDbLine
 10
534.9118459442193
 20
-3940.435890345913
 30
0
 11
533.9118459442193
 21
-3940.435890345913
 31
0
  0
LINE
  5
F885
330
2
100
AcDbEntity
  8
0-CAD-polyline
 62
     5
100
AcDbLine
 10
533.9118459442193
 20
-3931.435890345913
 30
0
 11
534.9118459442193
 21
-3930.435890345913
 31
0
  0
LINE
  5
F886
330
2
100
AcDbEntity
  8
0-CAD-polyline
 62
     5
100
AcDbLine
 10
549.31188239842
 20
-3931.435890345913
 30
0
 11
548.31188239842
 21
-3930.435890345913
 31
0
  0
LINE
  5
F887
330
2
100
AcDbEntity
  8
0-CAD-polyline
 62
     5
100
AcDbLine
 10
534.9118459442193
 20
-3930.435890345913
 30
0
 11
548.31188239842
 21
-3930.435890345913
 31
0
  0
LINE
  5
F888
330
2
100
AcDbEntity
  8
0-CAD-polyline
 62
     5
100
AcDbLine
 10
534.9118459442193
 20
-3930.435890345913
 30
0
 11
534.9118459442193
 21
-3912.435890345913
 31
0
  0
LINE
  5
F889
330
2
100
AcDbEntity
  8
0-CAD-polyline
 62
     5
100
AcDbLine
 10
548.31188239842
 20
-3930.435890345913
 30
0
 11
548.31188239842
 21
-3912.435890345913
 31
0
  0
LINE
  5
F88A
330
2
100
AcDbEntity
  8
0-CAD-polyline
 62
     5
100
AcDbLine
 10
533.9118459442193
 20
-3912.435890345913
 30
0
 11
549.31188239842
 21
-3912.435890345913
 31
0
  0
TEXT
  5
F88B
330
2
100
AcDbEntity
  8
0-CAD-polyline
 62
     5
100
AcDbText
 10
541.2618637898499
 20
-3903.685890346429
 30
0
 40
3.5
  1
*12T2
 50
89.99999998310366
  7

 11
539.5118637898499
 21
-3903.685890345913
 31
0
100
AcDbText
 73
     2
  0
TEXT
  5
F88C
330
2
100
AcDbEntity
  8
0-CAD-polyline
 62
     5
100
AcDbText
 10
544.9368639358813
 20
-3903.685890346274
 30
0
 40
2.449999958276749
  1
1.97 kg
 50
89.99999998310366
  7

 11
543.7118639567429
 21
-3903.685890345913
 31
0
100
AcDbText
 73
     2
  0
LINE
  5
F88D
330
2
100
AcDbEntity
  8
0-CAD-polyline
 62
     5
100
AcDbLine
 10
550.31188239842
 20
-3930.435890345913
 30
0
 11
550.31188239842
 21
-3912.435890345913
 31
0
  0
LINE
  5
F88E
330
2
100
AcDbEntity
  8
0-CAD-polyline
 62
     5
100
AcDbLine
 10
574.2118509033257
 20
-3930.435890345913
 30
0
 11
574.2118509033257
 21
-3912.435890345913
 31
0
  0
LINE
  5
F88F
330
2
100
AcDbEntity
  8
0-CAD-polyline
 62
     5
100
AcDbLine
 10
549.31188239842
 20
-3912.435890345913
 30
0
 11
575.2118509033257
 21
-3912.435890345913
 31
0
  0
POLYLINE
  5
F890
330
2
100
AcDbEntity
  8
0-CAD-polyline
 62
     5
100
AcDb2dPolyline
 66
     1
 10
0
 20
0
 30
0
 40
0
 41
0
  0
VERTEX
  5
F891
330
F890
100
AcDbEntity
  8
0-CAD-polyline
 62
     5
100
AcDbVertex
100
AcDb2dVertex
 10
549.31188239842
 20
-3931.435890345913
 30
0
  0
VERTEX
  5
F892
330
F890
100
AcDbEntity
  8
0-CAD-polyline
 62
     5
100
AcDbVertex
100
AcDb2dVertex
 10
550.31188239842
 20
-3930.435890345913
 30
0
  0
VERTEX
  5
F893
330
F890
100
AcDbEntity
  8
0-CAD-polyline
 62
     5
100
AcDbVertex
100
AcDb2dVertex
 10
574.2118509033257
 20
-3930.435890345913
 30
0
  0
VERTEX
  5
F894
330
F890
100
AcDbEntity
  8
0-CAD-polyline
 62
     5
100
AcDbVertex
100
AcDb2dVertex
 10
575.2118509033257
 20
-3931.435890345913
 30
0
  0
SEQEND
  5
F895
330
F890
100
AcDbEntity
  8
0-CAD-polyline
 62
     5
  0
POLYLINE
  5
F896
330
2
100
AcDbEntity
  8
0-CAD-polyline
 62
     5
100
AcDb2dPolyline
 66
     1
 10
0
 20
0
 30
0
 40
0
 41
0
1001
COPRA
1000
5
1001
CrfRollDraw
1000
f40dd889-665d-4330-9f6a-e5c7c6d80c1f
  0
VERTEX
  5
F897
330
F896
100
AcDbEntity
  8
0-CAD-polyline
 62
     5
100
AcDbVertex
100
AcDb2dVertex
 10
549.31188239842
 20
-3905.435890345913
 30
0
  0
VERTEX
  5
F898
330
F896
100
AcDbEntity
  8
0-CAD-polyline
 62
     5
100
AcDbVertex
100
AcDb2dVertex
 10
549.31188239842
 20
-3967.335888375913
 30
0
  0
VERTEX
  5
F899
330
F896
100
AcDbEntity
  8
0-CAD-polyline
 62
     5
100
AcDbVertex
100
AcDb2dVertex
 10
550.3118823684199
 20
-3968.335888375913
 30
0
  0
VERTEX
  5
F89A
330
F896
100
AcDbEntity
  8
0-CAD-polyline
 62
     5
100
AcDbVertex
100
AcDb2dVertex
 10
573.3117890384201
 20
-3968.335889065913
 30
0
  0
VERTEX
  5
F89B
330
F896
100
AcDbEntity
  8
0-CAD-polyline
 62
     5
100
AcDbVertex
100
AcDb2dVertex
 10
574.31178831842
 20
-3967.335894985913
 30
0
  0
VERTEX
  5
F89C
330
F896
100
AcDbEntity
  8
0-CAD-polyline
 62
     5
100
AcDbVertex
100
AcDb2dVertex
 10
574.3118503984201
 20
-3955.335892345913
 30
0
  0
VERTEX
  5
F89D
330
F896
100
AcDbEntity
  8
0-CAD-polyline
 62
     5
100
AcDbVertex
100
AcDb2dVertex
 10
575.01185073842
 20
-3955.335892345913
 30
0
  0
VERTEX
  5
F89E
330
F896
100
AcDbEntity
  8
0-CAD-polyline
 62
     5
100
AcDbVertex
100
AcDb2dVertex
 10
575.2118507384203
 20
-3955.135892345913
 30
0
  0
VERTEX
  5
F89F
330
F896
100
AcDbEntity
  8
0-CAD-polyline
 62
     5
100
AcDbVertex
100
AcDb2dVertex
 10
575.2118507384203
 20
-3905.435890345913
 30
0
  0
SEQEND
  5
F8A0
330
F896
100
AcDbEntity
  8
0-CAD-polyline
 62
     5
  0
LINE
  5
F8A1
330
2
100
AcDbEntity
  8
0-CAD-polyline
 62
     5
100
AcDbLine
 10
549.31188239842
 20
-3935.435890345913
 30
0
 11
550.31188239842
 21
-3935.435890345913
 31
0
  0
LINE
  5
F8A2
330
2
100
AcDbEntity
  8
0-CAD-polyline
 62
     5
100
AcDbLine
 10
550.31188239842
 20
-3935.435890345913
 30
0
 11
550.31188239842
 21
-3940.435890345913
 31
0
  0
LINE
  5
F8A3
330
2
100
AcDbEntity
  8
0-CAD-polyline
 62
     5
100
AcDbLine
 10
550.31188239842
 20
-3940.435890345913
 30
0
 11
549.31188239842
 21
-3940.435890345913
 31
0
  0
LINE
  5
F8A4
330
2
100
AcDbEntity
  8
0-CAD-polyline
 62
     5
100
AcDbLine
 10
549.31188239842
 20
-3931.435890345913
 30
0
 11
550.31188239842
 21
-3930.435890345913
 31
0
  0
LINE
  5
F8A5
330
2
100
AcDbEntity
  8
0-CAD-polyline
 62
     5
100
AcDbLine
 10
575.2118509033257
 20
-3931.435890345913
 30
0
 11
574.2118509033257
 21
-3930.435890345913
 31
0
  0
LINE
  5
F8A6
330
2
100
AcDbEntity
  8
0-CAD-polyline
 62
     5
100
AcDbLine
 10
550.31188239842
 20
-3930.435890345913
 30
0
 11
574.2118509033257
 21
-3930.435890345913
 31
0
  0
LINE
  5
F8A7
330
2
100
AcDbEntity
  8
0-CAD-polyline
 62
     5
100
AcDbLine
 10
550.31188239842
 20
-3930.435890345913
 30
0
 11
550.31188239842
 21
-3912.435890345913
 31
0
  0
LINE
  5
F8A8
330
2
100
AcDbEntity
  8
0-CAD-polyline
 62
     5
100
AcDbLine
 10
574.2118509033257
 20
-3930.435890345913
 30
0
 11
574.2118509033257
 21
-3912.435890345913
 31
0
  0
LINE
  5
F8A9
330
2
100
AcDbEntity
  8
0-CAD-polyline
 62
     5
100
AcDbLine
 10
549.31188239842
 20
-3912.435890345913
 30
0
 11
575.2118509033257
 21
-3912.435890345913
 31
0
  0
TEXT
  5
F8AA
330
2
100
AcDbEntity
  8
0-CAD-polyline
 62
     5
100
AcDbText
 10
555.3534048143881
 20
-3902.205121115144
 30
0
 40
3.5
  1
*12T3
  7

 72
     1
 11
562.2618663528497
 21
-3903.685890345913
 31
0
100
AcDbText
 73
     1
  0
TEXT
  5
F8AB
330
2
100
AcDbEntity
  8
0-CAD-polyline
 62
     5
100
AcDbText
 10
556.6183856797268
 20
-3898.449351735134
 30
0
 40
2.449999958276749
  1
2.07 kg
  7

 72
     1
 11
562.2618663528497
 21
-3899.48589017902
 31
0
100
AcDbText
 73
     1
  0
LINE
  5
F8AC
330
2
100
AcDbEntity
  8
0-CAD-polyline
 62
     5
100
AcDbLine
 10
576.2118509033257
 20
-3930.435890345913
 30
0
 11
576.2118509033257
 21
-3912.435890345913
 31
0
  0
LINE
  5
F8AD
330
2
100
AcDbEntity
  8
0-CAD-polyline
 62
     5
100
AcDbLine
 10
609.6757810333306
 20
-3930.435890345913
 30
0
 11
609.6757810333306
 21
-3912.435890345913
 31
0
  0
LINE
  5
F8AE
330
2
100
AcDbEntity
  8
0-CAD-polyline
 62
     5
100
AcDbLine
 10
575.2118509033257
 20
-3912.435890345913
 30
0
 11
610.6757810333306
 21
-3912.435890345913
 31
0
  0
POLYLINE
  5
F8AF
330
2
100
AcDbEntity
  8
0-CAD-polyline
 62
     5
100
AcDb2dPolyline
 66
     1
 10
0
 20
0
 30
0
 40
0
 41
0
  0
VERTEX
  5
F8B0
330
F8AF
100
AcDbEntity
  8
0-CAD-polyline
 62
     5
100
AcDbVertex
100
AcDb2dVertex
 10
575.2118509033257
 20
-3931.435890345913
 30
0
  0
VERTEX
  5
F8B1
330
F8AF
100
AcDbEntity
  8
0-CAD-polyline
 62
     5
100
AcDbVertex
100
AcDb2dVertex
 10
576.2118509033257
 20
-3930.435890345913
 30
0
  0
VERTEX
  5
F8B2
330
F8AF
100
AcDbEntity
  8
0-CAD-polyline
 62
     5
100
AcDbVertex
100
AcDb2dVertex
 10
609.6757810333306
 20
-3930.435890345913
 30
0
  0
VERTEX
  5
F8B3
330
F8AF
100
AcDbEntity
  8
0-CAD-polyline
 62
     5
100
AcDbVertex
100
AcDb2dVertex
 10
610.6757810333306
 20
-3931.435890345913
 30
0
  0
SEQEND
  5
F8B4
330
F8AF
100
AcDbEntity
  8
0-CAD-polyline
 62
     5
  0
POLYLINE
  5
F8B5
330
2
100
AcDbEntity
  8
0-CAD-polyline
 62
     5
100
AcDb2dPolyline
 66
     1
 10
0
 20
0
 30
0
 40
0
 41
0
1001
COPRA
1000
4
1001
CrfRollDraw
1000
54874bc8-42d4-43dc-9f35-885512e73c27
  0
VERTEX
  5
F8B6
330
F8B5
100
AcDbEntity
  8
0-CAD-polyline
 62
     5
100
AcDbVertex
100
AcDb2dVertex
 10
575.2118509033257
 20
-3905.435890345913
 30
0
  0
VERTEX
  5
F8B7
330
F8B5
100
AcDbEntity
  8
0-CAD-polyline
 62
     5
100
AcDbVertex
100
AcDb2dVertex
 10
575.2118509033257
 20
-3942.435888915913
 30
0
  0
VERTEX
  5
F8B8
330
F8B5
100
AcDbEntity
  8
0-CAD-polyline
 62
     5
100
AcDbVertex
100
AcDb2dVertex
 10
576.2118509033257
 20
-3943.435888915913
 30
0
  0
VERTEX
  5
F8B9
330
F8B5
100
AcDbEntity
  8
0-CAD-polyline
 62
     5
100
AcDbVertex
100
AcDb2dVertex
 10
609.6757825633258
 20
-3943.435888915913
 30
0
  0
VERTEX
  5
F8BA
330
F8B5
100
AcDbEntity
  8
0-CAD-polyline
 62
     5
100
AcDbVertex
100
AcDb2dVertex
 10
610.6757825333257
 20
-3942.435888945913
 30
0
  0
VERTEX
  5
F8BB
330
F8B5
100
AcDbEntity
  8
0-CAD-polyline
 62
     5
100
AcDbVertex
100
AcDb2dVertex
 10
610.6757814933258
 20
-3905.435890345913
 30
0
  0
SEQEND
  5
F8BC
330
F8B5
100
AcDbEntity
  8
0-CAD-polyline
 62
     5
  0
LINE
  5
F8BD
330
2
100
AcDbEntity
  8
0-CAD-polyline
 62
     5
100
AcDbLine
 10
575.2118509033257
 20
-3935.435890345913
 30
0
 11
576.2118509033257
 21
-3935.435890345913
 31
0
  0
LINE
  5
F8BE
330
2
100
AcDbEntity
  8
0-CAD-polyline
 62
     5
100
AcDbLine
 10
576.2118509033257
 20
-3935.435890345913
 30
0
 11
576.2118509033257
 21
-3940.435888915913
 31
0
  0
LINE
  5
F8BF
330
2
100
AcDbEntity
  8
0-CAD-polyline
 62
     5
100
AcDbLine
 10
576.2118509033257
 20
-3940.435888915913
 30
0
 11
575.2118509033257
 21
-3940.435888915913
 31
0
  0
LINE
  5
F8C0
330
2
100
AcDbEntity
  8
0-CAD-polyline
 62
     5
100
AcDbLine
 10
575.2118509033257
 20
-3931.435890345913
 30
0
 11
576.2118509033257
 21
-3930.435890345913
 31
0
  0
LINE
  5
F8C1
330
2
100
AcDbEntity
  8
0-CAD-polyline
 62
     5
100
AcDbLine
 10
610.6757810333306
 20
-3931.435890345913
 30
0
 11
609.6757810333306
 21
-3930.435890345913
 31
0
  0
LINE
  5
F8C2
330
2
100
AcDbEntity
  8
0-CAD-polyline
 62
     5
100
AcDbLine
 10
576.2118509033257
 20
-3930.435890345913
 30
0
 11
609.6757810333306
 21
-3930.435890345913
 31
0
  0
LINE
  5
F8C3
330
2
100
AcDbEntity
  8
0-CAD-polyline
 62
     5
100
AcDbLine
 10
576.2118509033257
 20
-3930.435890345913
 30
0
 11
576.2118509033257
 21
-3912.435890345913
 31
0
  0
LINE
  5
F8C4
330
2
100
AcDbEntity
  8
0-CAD-polyline
 62
     5
100
AcDbLine
 10
609.6757810333306
 20
-3930.435890345913
 30
0
 11
609.6757810333306
 21
-3912.435890345913
 31
0
  0
LINE
  5
F8C5
330
2
100
AcDbEntity
  8
0-CAD-polyline
 62
     5
100
AcDbLine
 10
575.2118509033257
 20
-3912.435890345913
 30
0
 11
610.6757810333306
 21
-3912.435890345913
 31
0
  0
TEXT
  5
F8C6
330
2
100
AcDbEntity
  8
0-CAD-polyline
 62
     5
100
AcDbText
 10
586.0353553835409
 20
-3902.205121115144
 30
0
 40
3.5
  1
*12T4
  7

 72
     1
 11
592.9438169220025
 21
-3903.685890345913
 31
0
100
AcDbText
 73
     1
  0
TEXT
  5
F8C7
330
2
100
AcDbEntity
  8
0-CAD-polyline
 62
     5
100
AcDbText
 10
587.3003362488796
 20
-3898.449351735134
 30
0
 40
2.449999958276749
  1
0.69 kg
  7

 72
     1
 11
592.9438169220025
 21
-3899.48589017902
 31
0
100
AcDbText
 73
     1
  0
LINE
  5
F8C8
330
2
100
AcDbEntity
  8
0-CAD-polyline
 62
     1
100
AcDbLine
 10
491.6757810333306
 20
-4035.435890345913
 30
0
 11
491.6757810333306
 21
-4053.435890345913
 31
0
  0
LINE
  5
F8C9
330
2
100
AcDbEntity
  8
0-CAD-polyline
 62
     1
100
AcDbLine
 10
532.761882565313
 20
-4035.435890345913
 30
0
 11
532.761882565313
 21
-4053.435890345913
 31
0
  0
LINE
  5
F8CA
330
2
100
AcDbEntity
  8
0-CAD-polyline
 62
     1
100
AcDbLine
 10
490.6757810333306
 20
-4053.435890345913
 30
0
 11
533.761882565313
 21
-4053.435890345913
 31
0
  0
POLYLINE
  5
F8CB
330
2
100
AcDbEntity
  8
0-CAD-polyline
 62
     1
100
AcDb2dPolyline
 66
     1
 10
0
 20
0
 30
0
 40
0
 41
0
  0
VERTEX
  5
F8CC
330
F8CB
100
AcDbEntity
  8
0-CAD-polyline
 62
     1
100
AcDbVertex
100
AcDb2dVertex
 10
490.6757810333306
 20
-4034.435890345913
 30
0
  0
VERTEX
  5
F8CD
330
F8CB
100
AcDbEntity
  8
0-CAD-polyline
 62
     1
100
AcDbVertex
100
AcDb2dVertex
 10
491.6757810333306
 20
-4035.435890345913
 30
0
  0
VERTEX
  5
F8CE
330
F8CB
100
AcDbEntity
  8
0-CAD-polyline
 62
     1
100
AcDbVertex
100
AcDb2dVertex
 10
532.761882565313
 20
-4035.435890345913
 30
0
  0
VERTEX
  5
F8CF
330
F8CB
100
AcDbEntity
  8
0-CAD-polyline
 62
     1
100
AcDbVertex
100
AcDb2dVertex
 10
533.761882565313
 20
-4034.435890345913
 30
0
  0
SEQEND
  5
F8D0
330
F8CB
100
AcDbEntity
  8
0-CAD-polyline
 62
     1
  0
POLYLINE
  5
F8D1
330
2
100
AcDbEntity
  8
0-CAD-polyline
 62
     1
100
AcDb2dPolyline
 66
     1
 10
0
 20
0
 30
0
 40
0
 41
0
1001
COPRA
1000
6
1001
CrfRollDraw
1000
6a0eebc1-daf0-425d-811a-44a3cb123992
  0
VERTEX
  5
F8D2
330
F8D1
100
AcDbEntity
  8
0-CAD-polyline
 62
     1
100
AcDbVertex
100
AcDb2dVertex
 10
490.6757810333306
 20
-4060.435890345913
 30
0
  0
VERTEX
  5
F8D3
330
F8D1
100
AcDbEntity
  8
0-CAD-polyline
 62
     1
100
AcDbVertex
100
AcDb2dVertex
 10
490.6757810333306
 20
-3946.435890175913
 30
0
  0
VERTEX
  5
F8D4
330
F8D1
100
AcDbEntity
  8
0-CAD-polyline
 62
     1
100
AcDbVertex
100
AcDb2dVertex
 10
491.6757810333306
 20
-3945.435890175913
 30
0
  0
VERTEX
  5
F8D5
330
F8D1
100
AcDbEntity
  8
0-CAD-polyline
 62
     1
100
AcDbVertex
100
AcDb2dVertex
 10
523.7618943233306
 20
-3945.435884615913
 30
0
  0
VERTEX
  5
F8D6
330
F8D1
100
AcDbEntity
  8
0-CAD-polyline
 62
     1
100
AcDbVertex
100
AcDb2dVertex
 10
533.7618885833308
 20
-3955.435879065913
 30
0
  0
VERTEX
  5
F8D7
330
F8D1
100
AcDbEntity
  8
0-CAD-polyline
 62
     1
100
AcDbVertex
100
AcDb2dVertex
 10
533.7618830333308
 20
-4060.435890345913
 30
0
  0
SEQEND
  5
F8D8
330
F8D1
100
AcDbEntity
  8
0-CAD-polyline
 62
     1
  0
LINE
  5
F8D9
330
2
100
AcDbEntity
  8
0-CAD-polyline
 62
     1
100
AcDbLine
 10
490.6757810333306
 20
-4025.435890345913
 30
0
 11
491.6757810333306
 21
-4025.435890345913
 31
0
  0
LINE
  5
F8DA
330
2
100
AcDbEntity
  8
0-CAD-polyline
 62
     1
100
AcDbLine
 10
491.6757810333306
 20
-4025.435890345913
 30
0
 11
491.6757810333306
 21
-4015.435890345913
 31
0
  0
LINE
  5
F8DB
330
2
100
AcDbEntity
  8
0-CAD-polyline
 62
     1
100
AcDbLine
 10
491.6757810333306
 20
-4015.435890345913
 30
0
 11
490.6757810333306
 21
-4015.435890345913
 31
0
  0
LINE
  5
F8DC
330
2
100
AcDbEntity
  8
0-CAD-polyline
 62
     1
100
AcDbLine
 10
490.6757810333306
 20
-4034.435890345913
 30
0
 11
491.6757810333306
 21
-4035.435890345913
 31
0
  0
LINE
  5
F8DD
330
2
100
AcDbEntity
  8
0-CAD-polyline
 62
     1
100
AcDbLine
 10
533.761882565313
 20
-4034.435890345913
 30
0
 11
532.761882565313
 21
-4035.435890345913
 31
0
  0
LINE
  5
F8DE
330
2
100
AcDbEntity
  8
0-CAD-polyline
 62
     1
100
AcDbLine
 10
491.6757810333306
 20
-4035.435890345913
 30
0
 11
532.761882565313
 21
-4035.435890345913
 31
0
  0
LINE
  5
F8DF
330
2
100
AcDbEntity
  8
0-CAD-polyline
 62
     1
100
AcDbLine
 10
491.6757810333306
 20
-4035.435890345913
 30
0
 11
491.6757810333306
 21
-4053.435890345913
 31
0
  0
LINE
  5
F8E0
330
2
100
AcDbEntity
  8
0-CAD-polyline
 62
     1
100
AcDbLine
 10
532.761882565313
 20
-4035.435890345913
 30
0
 11
532.761882565313
 21
-4053.435890345913
 31
0
  0
LINE
  5
F8E1
330
2
100
AcDbEntity
  8
0-CAD-polyline
 62
     1
100
AcDbLine
 10
490.6757810333306
 20
-4053.435890345913
 30
0
 11
533.761882565313
 21
-4053.435890345913
 31
0
  0
TEXT
  5
F8E2
330
2
100
AcDbEntity
  8
0-CAD-polyline
 62
     1
100
AcDbText
 10
505.1542183220551
 20
-4065.685890345913
 30
0
 40
3.5
  1
*12B1
  7

 72
     1
 11
512.2188337066705
 21
-4062.185890345913
 31
0
100
AcDbText
 73
     3
  0
TEXT
  5
F8E3
330
2
100
AcDbEntity
  8
0-CAD-polyline
 62
     1
100
AcDbText
 10
505.5972376655894
 20
-4068.835890471083
 30
0
 40
2.449999958276749
  1
13.23 kg
  7

 72
     1
 11
512.2188337066705
 21
-4066.385890512806
 31
0
100
AcDbText
 73
     3
  0
LINE
  5
F8E4
330
2
100
AcDbEntity
  8
0-CAD-polyline
 62
     1
100
AcDbLine
 10
534.761882565313
 20
-4035.435890345913
 30
0
 11
534.761882565313
 21
-4053.435890345913
 31
0
  0
LINE
  5
F8E5
330
2
100
AcDbEntity
  8
0-CAD-polyline
 62
     1
100
AcDbLine
 10
549.4118825712735
 20
-4035.435890345913
 30
0
 11
549.4118825712735
 21
-4053.435890345913
 31
0
  0
LINE
  5
F8E6
330
2
100
AcDbEntity
  8
0-CAD-polyline
 62
     1
100
AcDbLine
 10
533.761882565313
 20
-4053.435890345913
 30
0
 11
550.4118825712735
 21
-4053.435890345913
 31
0
  0
POLYLINE
  5
F8E7
330
2
100
AcDbEntity
  8
0-CAD-polyline
 62
     1
100
AcDb2dPolyline
 66
     1
 10
0
 20
0
 30
0
 40
0
 41
0
  0
VERTEX
  5
F8E8
330
F8E7
100
AcDbEntity
  8
0-CAD-polyline
 62
     1
100
AcDbVertex
100
AcDb2dVertex
 10
533.761882565313
 20
-4034.435890345913
 30
0
  0
VERTEX
  5
F8E9
330
F8E7
100
AcDbEntity
  8
0-CAD-polyline
 62
     1
100
AcDbVertex
100
AcDb2dVertex
 10
534.761882565313
 20
-4035.435890345913
 30
0
  0
VERTEX
  5
F8EA
330
F8E7
100
AcDbEntity
  8
0-CAD-polyline
 62
     1
100
AcDbVertex
100
AcDb2dVertex
 10
549.4118825712735
 20
-4035.435890345913
 30
0
  0
VERTEX
  5
F8EB
330
F8E7
100
AcDbEntity
  8
0-CAD-polyline
 62
     1
100
AcDbVertex
100
AcDb2dVertex
 10
550.4118825712735
 20
-4034.435890345913
 30
0
  0
SEQEND
  5
F8EC
330
F8E7
100
AcDbEntity
  8
0-CAD-polyline
 62
     1
  0
POLYLINE
  5
F8ED
330
2
100
AcDbEntity
  8
0-CAD-polyline
 62
     1
100
AcDb2dPolyline
 66
     1
 10
0
 20
0
 30
0
 40
0
 41
0
1001
COPRA
1000
8
1001
CrfRollDraw
1000
af568a0c-f009-4558-a950-c64c312d31b6
  0
VERTEX
  5
F8EE
330
F8ED
100
AcDbEntity
  8
0-CAD-polyline
 62
     1
100
AcDbVertex
100
AcDb2dVertex
 10
533.761882565313
 20
-4060.435890345913
 30
0
  0
VERTEX
  5
F8EF
330
F8ED
100
AcDbEntity
  8
0-CAD-polyline
 62
     1
100
AcDbVertex
100
AcDb2dVertex
 10
533.761882565313
 20
-3985.335883405913
 30
0
  0
VERTEX
  5
F8F0
330
F8ED
100
AcDbEntity
  8
0-CAD-polyline
 62
     1
100
AcDbVertex
100
AcDb2dVertex
 10
534.7618826253129
 20
-3984.335883405913
 30
0
  0
VERTEX
  5
F8F1
330
F8ED
100
AcDbEntity
  8
0-CAD-polyline
 62
     1
100
AcDbVertex
100
AcDb2dVertex
 10
549.411882625313
 20
-3984.335884285913
 30
0
  0
VERTEX
  5
F8F2
330
F8ED
100
AcDbEntity
  8
0-CAD-polyline
 62
     1
100
AcDbVertex
100
AcDb2dVertex
 10
550.4118825653131
 20
-3985.335884285913
 30
0
  0
VERTEX
  5
F8F3
330
F8ED
100
AcDbEntity
  8
0-CAD-polyline
 62
     1
100
AcDbVertex
100
AcDb2dVertex
 10
550.4118825653131
 20
-4060.435890345913
 30
0
  0
SEQEND
  5
F8F4
330
F8ED
100
AcDbEntity
  8
0-CAD-polyline
 62
     1
  0
LINE
  5
F8F5
330
2
100
AcDbEntity
  8
0-CAD-polyline
 62
     1
100
AcDbLine
 10
533.761882565313
 20
-4025.435890345913
 30
0
 11
534.761882565313
 21
-4025.435890345913
 31
0
  0
LINE
  5
F8F6
330
2
100
AcDbEntity
  8
0-CAD-polyline
 62
     1
100
AcDbLine
 10
534.761882565313
 20
-4025.435890345913
 30
0
 11
534.761882565313
 21
-4015.435890345913
 31
0
  0
LINE
  5
F8F7
330
2
100
AcDbEntity
  8
0-CAD-polyline
 62
     1
100
AcDbLine
 10
534.761882565313
 20
-4015.435890345913
 30
0
 11
533.761882565313
 21
-4015.435890345913
 31
0
  0
LINE
  5
F8F8
330
2
100
AcDbEntity
  8
0-CAD-polyline
 62
     1
100
AcDbLine
 10
533.761882565313
 20
-4034.435890345913
 30
0
 11
534.761882565313
 21
-4035.435890345913
 31
0
  0
LINE
  5
F8F9
330
2
100
AcDbEntity
  8
0-CAD-polyline
 62
     1
100
AcDbLine
 10
550.4118825712735
 20
-4034.435890345913
 30
0
 11
549.4118825712735
 21
-4035.435890345913
 31
0
  0
LINE
  5
F8FA
330
2
100
AcDbEntity
  8
0-CAD-polyline
 62
     1
100
AcDbLine
 10
534.761882565313
 20
-4035.435890345913
 30
0
 11
549.4118825712735
 21
-4035.435890345913
 31
0
  0
LINE
  5
F8FB
330
2
100
AcDbEntity
  8
0-CAD-polyline
 62
     1
100
AcDbLine
 10
534.761882565313
 20
-4035.435890345913
 30
0
 11
534.761882565313
 21
-4053.435890345913
 31
0
  0
LINE
  5
F8FC
330
2
100
AcDbEntity
  8
0-CAD-polyline
 62
     1
100
AcDbLine
 10
549.4118825712735
 20
-4035.435890345913
 30
0
 11
549.4118825712735
 21
-4053.435890345913
 31
0
  0
LINE
  5
F8FD
330
2
100
AcDbEntity
  8
0-CAD-polyline
 62
     1
100
AcDbLine
 10
533.761882565313
 20
-4053.435890345913
 30
0
 11
550.4118825712735
 21
-4053.435890345913
 31
0
  0
TEXT
  5
F8FE
330
2
100
AcDbEntity
  8
0-CAD-polyline
 62
     1
100
AcDbText
 10
541.7368822869651
 20
-4076.31512111566
 30
0
 40
3.5
  1
*12B2
 50
89.99999998310366
  7

 72
     2
 11
539.9868822911317
 21
-4062.185890345913
 31
0
100
AcDbText
 73
     2
  0
TEXT
  5
F8FF
330
2
100
AcDbEntity
  8
0-CAD-polyline
 62
     1
100
AcDbText
 10
545.4118824338345
 20
-4073.47285169252
 30
0
 40
2.449999958276749
  1
2.11 kg
 50
89.99999998310366
  7

 72
     2
 11
544.1868824580247
 21
-4062.185890345913
 31
0
100
AcDbText
 73
     2
  0
LINE
  5
F900
330
2
100
AcDbEntity
  8
0-CAD-polyline
 62
     1
100
AcDbLine
 10
551.4118830481107
 20
-4035.435890345913
 30
0
 11
551.4118830481107
 21
-4053.435890345913
 31
0
  0
LINE
  5
F901
330
2
100
AcDbEntity
  8
0-CAD-polyline
 62
     1
100
AcDbLine
 10
574.4117810943658
 20
-4035.435890345913
 30
0
 11
574.4117810943658
 21
-4053.435890345913
 31
0
  0
LINE
  5
F902
330
2
100
AcDbEntity
  8
0-CAD-polyline
 62
     1
100
AcDbLine
 10
550.4118830481107
 20
-4053.435890345913
 30
0
 11
575.4117810943658
 21
-4053.435890345913
 31
0
  0
POLYLINE
  5
F903
330
2
100
AcDbEntity
  8
0-CAD-polyline
 62
     1
100
AcDb2dPolyline
 66
     1
 10
0
 20
0
 30
0
 40
0
 41
0
  0
VERTEX
  5
F904
330
F903
100
AcDbEntity
  8
0-CAD-polyline
 62
     1
100
AcDbVertex
100
AcDb2dVertex
 10
550.4118830481107
 20
-4034.435890345913
 30
0
  0
VERTEX
  5
F905
330
F903
100
AcDbEntity
  8
0-CAD-polyline
 62
     1
100
AcDbVertex
100
AcDb2dVertex
 10
551.4118830481107
 20
-4035.435890345913
 30
0
  0
VERTEX
  5
F906
330
F903
100
AcDbEntity
  8
0-CAD-polyline
 62
     1
100
AcDbVertex
100
AcDb2dVertex
 10
574.4117810943658
 20
-4035.435890345913
 30
0
  0
VERTEX
  5
F907
330
F903
100
AcDbEntity
  8
0-CAD-polyline
 62
     1
100
AcDbVertex
100
AcDb2dVertex
 10
575.4117810943658
 20
-4034.435890345913
 30
0
  0
SEQEND
  5
F908
330
F903
100
AcDbEntity
  8
0-CAD-polyline
 62
     1
  0
POLYLINE
  5
F909
330
2
100
AcDbEntity
  8
0-CAD-polyline
 62
     1
100
AcDb2dPolyline
 66
     1
 10
0
 20
0
 30
0
 40
0
 41
0
1001
COPRA
1000
7
1001
CrfRollDraw
1000
755db8d5-785a-4472-85f9-dd22a72533a7
  0
VERTEX
  5
F90A
330
F909
100
AcDbEntity
  8
0-CAD-polyline
 62
     1
100
AcDbVertex
100
AcDb2dVertex
 10
550.4118830481107
 20
-4060.435890345913
 30
0
  0
VERTEX
  5
F90B
330
F909
100
AcDbEntity
  8
0-CAD-polyline
 62
     1
100
AcDbVertex
100
AcDb2dVertex
 10
550.4118823481108
 20
-3970.335989935913
 30
0
  0
VERTEX
  5
F90C
330
F909
100
AcDbEntity
  8
0-CAD-polyline
 62
     1
100
AcDbVertex
100
AcDb2dVertex
 10
551.4118816381106
 20
-3969.335990625913
 30
0
  0
VERTEX
  5
F90D
330
F909
100
AcDbEntity
  8
0-CAD-polyline
 62
     1
100
AcDbVertex
100
AcDb2dVertex
 10
574.4117820781107
 20
-3969.335991315913
 30
0
  0
VERTEX
  5
F90E
330
F909
100
AcDbEntity
  8
0-CAD-polyline
 62
     1
100
AcDbVertex
100
AcDb2dVertex
 10
575.4117820481106
 20
-3970.335991315913
 30
0
  0
VERTEX
  5
F90F
330
F909
100
AcDbEntity
  8
0-CAD-polyline
 62
     1
100
AcDbVertex
100
AcDb2dVertex
 10
575.4117820481106
 20
-4060.435890345913
 30
0
  0
SEQEND
  5
F910
330
F909
100
AcDbEntity
  8
0-CAD-polyline
 62
     1
  0
LINE
  5
F911
330
2
100
AcDbEntity
  8
0-CAD-polyline
 62
     1
100
AcDbLine
 10
550.4118827761936
 20
-4025.435890345913
 30
0
 11
551.4118827761936
 21
-4025.435890345913
 31
0
  0
LINE
  5
F912
330
2
100
AcDbEntity
  8
0-CAD-polyline
 62
     1
100
AcDbLine
 10
551.4118827761936
 20
-4025.435890345913
 30
0
 11
551.4118827761936
 21
-4015.435890345913
 31
0
  0
LINE
  5
F913
330
2
100
AcDbEntity
  8
0-CAD-polyline
 62
     1
100
AcDbLine
 10
551.4118827761936
 20
-4015.435890345913
 30
0
 11
550.4118826984986
 21
-4015.435890345913
 31
0
  0
LINE
  5
F914
330
2
100
AcDbEntity
  8
0-CAD-polyline
 62
     1
100
AcDbLine
 10
550.4118830481107
 20
-4034.435890345913
 30
0
 11
551.4118830481107
 21
-4035.435890345913
 31
0
  0
LINE
  5
F915
330
2
100
AcDbEntity
  8
0-CAD-polyline
 62
     1
100
AcDbLine
 10
575.4117810943658
 20
-4034.435890345913
 30
0
 11
574.4117810943658
 21
-4035.435890345913
 31
0
  0
LINE
  5
F916
330
2
100
AcDbEntity
  8
0-CAD-polyline
 62
     1
100
AcDbLine
 10
551.4118830481107
 20
-4035.435890345913
 30
0
 11
574.4117810943658
 21
-4035.435890345913
 31
0
  0
LINE
  5
F917
330
2
100
AcDbEntity
  8
0-CAD-polyline
 62
     1
100
AcDbLine
 10
551.4118830481107
 20
-4035.435890345913
 30
0
 11
551.4118830481107
 21
-4053.435890345913
 31
0
  0
LINE
  5
F918
330
2
100
AcDbEntity
  8
0-CAD-polyline
 62
     1
100
AcDbLine
 10
574.4117810943658
 20
-4035.435890345913
 30
0
 11
574.4117810943658
 21
-4053.435890345913
 31
0
  0
LINE
  5
F919
330
2
100
AcDbEntity
  8
0-CAD-polyline
 62
     1
100
AcDbLine
 10
550.4118830481107
 20
-4053.435890345913
 30
0
 11
575.4117810943658
 21
-4053.435890345913
 31
0
  0
TEXT
  5
F91A
330
2
100
AcDbEntity
  8
0-CAD-polyline
 62
     1
100
AcDbText
 10
555.8472162544891
 20
-4065.685890345913
 30
0
 40
3.5
  1
*12B3
  7

 72
     1
 11
562.9118316391045
 21
-4062.185890345913
 31
0
100
AcDbText
 73
     3
  0
TEXT
  5
F91B
330
2
100
AcDbEntity
  8
0-CAD-polyline
 62
     1
100
AcDbText
 10
557.2683509659817
 20
-4068.835890471083
 30
0
 40
2.449999958276749
  1
4.71 kg
  7

 72
     1
 11
562.9118316391045
 21
-4066.385890512806
 31
0
100
AcDbText
 73
     3
  0
LINE
  5
F91C
330
2
100
AcDbEntity
  8
0-CAD-polyline
 62
     1
100
AcDbLine
 10
576.4117830017144
 20
-4035.435890345913
 30
0
 11
576.4117830017144
 21
-4053.435890345913
 31
0
  0
LINE
  5
F91D
330
2
100
AcDbEntity
  8
0-CAD-polyline
 62
     1
100
AcDbLine
 10
609.6757810333306
 20
-4035.435890345913
 30
0
 11
609.6757810333306
 21
-4053.435890345913
 31
0
  0
LINE
  5
F91E
330
2
100
AcDbEntity
  8
0-CAD-polyline
 62
     1
100
AcDbLine
 10
575.4117830017144
 20
-4053.435890345913
 30
0
 11
610.6757810333306
 21
-4053.435890345913
 31
0
  0
POLYLINE
  5
F91F
330
2
100
AcDbEntity
  8
0-CAD-polyline
 62
     1
100
AcDb2dPolyline
 66
     1
 10
0
 20
0
 30
0
 40
0
 41
0
  0
VERTEX
  5
F920
330
F91F
100
AcDbEntity
  8
0-CAD-polyline
 62
     1
100
AcDbVertex
100
AcDb2dVertex
 10
575.4117830017144
 20
-4034.435890345913
 30
0
  0
VERTEX
  5
F921
330
F91F
100
AcDbEntity
  8
0-CAD-polyline
 62
     1
100
AcDbVertex
100
AcDb2dVertex
 10
576.4117830017144
 20
-4035.435890345913
 30
0
  0
VERTEX
  5
F922
330
F91F
100
AcDbEntity
  8
0-CAD-polyline
 62
     1
100
AcDbVertex
100
AcDb2dVertex
 10
609.6757810333306
 20
-4035.435890345913
 30
0
  0
VERTEX
  5
F923
330
F91F
100
AcDbEntity
  8
0-CAD-polyline
 62
     1
100
AcDbVertex
100
AcDb2dVertex
 10
610.6757810333306
 20
-4034.435890345913
 30
0
  0
SEQEND
  5
F924
330
F91F
100
AcDbEntity
  8
0-CAD-polyline
 62
     1
  0
POLYLINE
  5
F925
330
2
100
AcDbEntity
  8
0-CAD-polyline
 62
     1
100
AcDb2dPolyline
 66
     1
 10
0
 20
0
 30
0
 40
0
 41
0
1001
COPRA
1000
9
1001
CrfRollDraw
1000
634e69b4-056f-40f3-97ea-00799d83f00f
  0
VERTEX
  5
F926
330
F925
100
AcDbEntity
  8
0-CAD-polyline
 62
     1
100
AcDbVertex
100
AcDb2dVertex
 10
575.4117830017144
 20
-4060.435890345913
 30
0
  0
VERTEX
  5
F927
330
F925
100
AcDbEntity
  8
0-CAD-polyline
 62
     1
100
AcDbVertex
100
AcDb2dVertex
 10
575.4118147617146
 20
-3955.435863385913
 30
0
  0
VERTEX
  5
F928
330
F925
100
AcDbEntity
  8
0-CAD-polyline
 62
     1
100
AcDbVertex
100
AcDb2dVertex
 10
585.4118130417146
 20
-3945.435888625913
 30
0
  0
VERTEX
  5
F929
330
F925
100
AcDbEntity
  8
0-CAD-polyline
 62
     1
100
AcDbVertex
100
AcDb2dVertex
 10
609.6757820017142
 20
-3945.435890275913
 30
0
  0
VERTEX
  5
F92A
330
F925
100
AcDbEntity
  8
0-CAD-polyline
 62
     1
100
AcDbVertex
100
AcDb2dVertex
 10
610.6757820017142
 20
-3946.435890275913
 30
0
  0
VERTEX
  5
F92B
330
F925
100
AcDbEntity
  8
0-CAD-polyline
 62
     1
100
AcDbVertex
100
AcDb2dVertex
 10
610.6757820017142
 20
-4060.435890345913
 30
0
  0
SEQEND
  5
F92C
330
F925
100
AcDbEntity
  8
0-CAD-polyline
 62
     1
  0
LINE
  5
F92D
330
2
100
AcDbEntity
  8
0-CAD-polyline
 62
     1
100
AcDbLine
 10
575.4117935883783
 20
-4025.435890345913
 30
0
 11
576.4117966131394
 21
-4025.435890345913
 31
0
  0
LINE
  5
F92E
330
2
100
AcDbEntity
  8
0-CAD-polyline
 62
     1
100
AcDbLine
 10
576.4117966131394
 20
-4025.435890345913
 30
0
 11
576.4117966131394
 21
-4015.435890345913
 31
0
  0
LINE
  5
F92F
330
2
100
AcDbEntity
  8
0-CAD-polyline
 62
     1
100
AcDbLine
 10
576.4117966131394
 20
-4015.435890345913
 30
0
 11
575.4117966131394
 21
-4015.435890345913
 31
0
  0
LINE
  5
F930
330
2
100
AcDbEntity
  8
0-CAD-polyline
 62
     1
100
AcDbLine
 10
575.4117830017144
 20
-4034.435890345913
 30
0
 11
576.4117830017144
 21
-4035.435890345913
 31
0
  0
LINE
  5
F931
330
2
100
AcDbEntity
  8
0-CAD-polyline
 62
     1
100
AcDbLine
 10
610.6757810333306
 20
-4034.435890345913
 30
0
 11
609.6757810333306
 21
-4035.435890345913
 31
0
  0
LINE
  5
F932
330
2
100
AcDbEntity
  8
0-CAD-polyline
 62
     1
100
AcDbLine
 10
576.4117830017144
 20
-4035.435890345913
 30
0
 11
609.6757810333306
 21
-4035.435890345913
 31
0
  0
LINE
  5
F933
330
2
100
AcDbEntity
  8
0-CAD-polyline
 62
     1
100
AcDbLine
 10
576.4117830017144
 20
-4035.435890345913
 30
0
 11
576.4117830017144
 21
-4053.435890345913
 31
0
  0
LINE
  5
F934
330
2
100
AcDbEntity
  8
0-CAD-polyline
 62
     1
100
AcDbLine
 10
609.6757810333306
 20
-4035.435890345913
 30
0
 11
609.6757810333306
 21
-4053.435890345913
 31
0
  0
LINE
  5
F935
330
2
100
AcDbEntity
  8
0-CAD-polyline
 62
     1
100
AcDbLine
 10
575.4117830017144
 20
-4053.435890345913
 30
0
 11
610.6757810333306
 21
-4053.435890345913
 31
0
  0
TEXT
  5
F936
330
2
100
AcDbEntity
  8
0-CAD-polyline
 62
     1
100
AcDbText
 10
585.9791656792328
 20
-4065.685890345913
 30
0
 40
3.5
  1
*12B4
  7

 72
     1
 11
593.0437810638482
 21
-4062.185890345913
 31
0
100
AcDbText
 73
     3
  0
TEXT
  5
F937
330
2
100
AcDbEntity
  8
0-CAD-polyline
 62
     1
100
AcDbText
 10
586.4221850227672
 20
-4068.835890471083
 30
0
 40
2.449999958276749
  1
10.81 kg
  7

 72
     1
 11
593.0437810638482
 21
-4066.385890512806
 31
0
100
AcDbText
 73
     3
  0
LINE
  5
F938
330
2
100
AcDbEntity
  8
0-CAD-polyline
 62
     1
100
AcDbLine
 10
506.6865613678033
 20
-3983.835792689663
 30
0
 11
600.6877134063775
 21
-3983.835792689663
 31
0
  0
TEXT
  5
F939
330
2
100
AcDbEntity
  8
0-CAD-polyline
100
AcDbText
 10
486.6865613678033
 20
-3982.835792689663
 30
0
 40
10
  1
13
  7

 11
0
 21
0
 31
0
100
AcDbText
  0
POLYLINE
  5
F93A
330
2
100
AcDbEntity
  8
0-CAD-polyline
 62
     5
100
AcDb2dPolyline
 66
     1
 10
0
 20
0
 30
0
 40
0
 41
0
  0
VERTEX
  5
F93B
330
F93A
100
AcDbEntity
  8
0-CAD-polyline
 62
     5
100
AcDbVertex
100
AcDb2dVertex
 10
534.8118474700982
 20
-4255.335792689664
 30
0
  0
VERTEX
  5
F93C
330
F93A
100
AcDbEntity
  8
0-CAD-polyline
 62
     5
100
AcDbVertex
100
AcDb2dVertex
 10
533.8118474700982
 20
-4255.335792689664
 30
0
  0
VERTEX
  5
F93D
330
F93A
100
AcDbEntity
  8
0-CAD-polyline
 62
     5
100
AcDbVertex
100
AcDb2dVertex
 10
533.8118474700982
 20
-4282.335792689664
 30
0
  0
VERTEX
  5
F93E
330
F93A
100
AcDbEntity
  8
0-CAD-polyline
 62
     5
100
AcDbVertex
100
AcDb2dVertex
 10
535.8118474700982
 20
-4284.335792689664
 30
0
  0
VERTEX
  5
F93F
330
F93A
100
AcDbEntity
  8
0-CAD-polyline
 62
     5
100
AcDbVertex
100
AcDb2dVertex
 10
542.0618550994927
 20
-4284.335792689664
 30
0
  0
VERTEX
  5
F940
330
F93A
100
AcDbEntity
  8
0-CAD-polyline
 62
     5
100
AcDbVertex
100
AcDb2dVertex
 10
548.3118474700982
 20
-4284.335792689664
 30
0
  0
VERTEX
  5
F941
330
F93A
100
AcDbEntity
  8
0-CAD-polyline
 62
     5
100
AcDbVertex
100
AcDb2dVertex
 10
550.3118474700982
 20
-4282.335792689664
 30
0
  0
VERTEX
  5
F942
330
F93A
100
AcDbEntity
  8
0-CAD-polyline
 62
     5
100
AcDbVertex
100
AcDb2dVertex
 10
550.3118474700982
 20
-4270.335792689664
 30
0
  0
VERTEX
  5
F943
330
F93A
100
AcDbEntity
  8
0-CAD-polyline
 62
     5
100
AcDbVertex
100
AcDb2dVertex
 10
551.3118474700982
 20
-4269.335792689664
 30
0
  0
VERTEX
  5
F944
330
F93A
100
AcDbEntity
  8
0-CAD-polyline
 62
     5
100
AcDbVertex
100
AcDb2dVertex
 10
573.3118474700982
 20
-4269.335792689664
 30
0
  0
VERTEX
  5
F945
330
F93A
100
AcDbEntity
  8
0-CAD-polyline
 62
     5
100
AcDbVertex
100
AcDb2dVertex
 10
575.3118474700982
 20
-4267.335792689664
 30
0
  0
VERTEX
  5
F946
330
F93A
100
AcDbEntity
  8
0-CAD-polyline
 62
     5
100
AcDbVertex
100
AcDb2dVertex
 10
575.3118474700982
 20
-4255.335792689664
 30
0
  0
VERTEX
  5
F947
330
F93A
100
AcDbEntity
  8
0-CAD-polyline
 62
     5
100
AcDbVertex
100
AcDb2dVertex
 10
574.3118474700982
 20
-4255.335792689664
 30
0
  0
VERTEX
  5
F948
330
F93A
100
AcDbEntity
  8
0-CAD-polyline
 62
     5
100
AcDbVertex
100
AcDb2dVertex
 10
574.3118474700982
 20
-4267.335792689664
 30
0
  0
VERTEX
  5
F949
330
F93A
100
AcDbEntity
  8
0-CAD-polyline
 62
     5
100
AcDbVertex
100
AcDb2dVertex
 10
573.3118474700982
 20
-4268.335792689664
 30
0
  0
VERTEX
  5
F94A
330
F93A
100
AcDbEntity
  8
0-CAD-polyline
 62
     5
100
AcDbVertex
100
AcDb2dVertex
 10
551.3118474700982
 20
-4268.335792689664
 30
0
  0
VERTEX
  5
F94B
330
F93A
100
AcDbEntity
  8
0-CAD-polyline
 62
     5
100
AcDbVertex
100
AcDb2dVertex
 10
549.3118474700982
 20
-4270.335792689664
 30
0
  0
VERTEX
  5
F94C
330
F93A
100
AcDbEntity
  8
0-CAD-polyline
 62
     5
100
AcDbVertex
100
AcDb2dVertex
 10
549.3118474700982
 20
-4282.335792689664
 30
0
  0
VERTEX
  5
F94D
330
F93A
100
AcDbEntity
  8
0-CAD-polyline
 62
     5
100
AcDbVertex
100
AcDb2dVertex
 10
548.3118474700982
 20
-4283.335792689664
 30
0
  0
VERTEX
  5
F94E
330
F93A
100
AcDbEntity
  8
0-CAD-polyline
 62
     5
100
AcDbVertex
100
AcDb2dVertex
 10
542.0618550994927
 20
-4283.335792689664
 30
0
  0
VERTEX
  5
F94F
330
F93A
100
AcDbEntity
  8
0-CAD-polyline
 62
     5
100
AcDbVertex
100
AcDb2dVertex
 10
535.8118474700982
 20
-4283.335792689664
 30
0
  0
VERTEX
  5
F950
330
F93A
100
AcDbEntity
  8
0-CAD-polyline
 62
     5
100
AcDbVertex
100
AcDb2dVertex
 10
534.8118474700982
 20
-4282.335792689664
 30
0
  0
VERTEX
  5
F951
330
F93A
100
AcDbEntity
  8
0-CAD-polyline
 62
     5
100
AcDbVertex
100
AcDb2dVertex
 10
534.8118474700982
 20
-4255.335792689664
 30
0
  0
SEQEND
  5
F952
330
F93A
100
AcDbEntity
  8
0-CAD-polyline
  0
LINE
  5
F953
330
2
100
AcDbEntity
  8
0-CAD-polyline
 62
     5
100
AcDbLine
 10
533.8118474700982
 20
-4282.335792689664
 30
0
 11
534.8118474700982
 21
-4282.335792689664
 31
0
  0
LINE
  5
F954
330
2
100
AcDbEntity
  8
0-CAD-polyline
 62
     5
100
AcDbLine
 10
535.8118474700982
 20
-4284.335792689664
 30
0
 11
535.8118474700982
 21
-4283.335792689664
 31
0
  0
LINE
  5
F955
330
2
100
AcDbEntity
  8
0-CAD-polyline
 62
     5
100
AcDbLine
 10
542.0618550994927
 20
-4284.335792689664
 30
0
 11
542.0618550994927
 21
-4283.335792689664
 31
0
  0
LINE
  5
F956
330
2
100
AcDbEntity
  8
0-CAD-polyline
 62
     5
100
AcDbLine
 10
548.3118474700982
 20
-4284.335792689664
 30
0
 11
548.3118474700982
 21
-4283.335792689664
 31
0
  0
LINE
  5
F957
330
2
100
AcDbEntity
  8
0-CAD-polyline
 62
     5
100
AcDbLine
 10
550.3118474700982
 20
-4282.335792689664
 30
0
 11
549.3118474700982
 21
-4282.335792689664
 31
0
  0
LINE
  5
F958
330
2
100
AcDbEntity
  8
0-CAD-polyline
 62
     5
100
AcDbLine
 10
550.3118474700982
 20
-4270.335792689664
 30
0
 11
549.3118474700982
 21
-4270.335792689664
 31
0
  0
LINE
  5
F959
330
2
100
AcDbEntity
  8
0-CAD-polyline
 62
     5
100
AcDbLine
 10
551.3118474700982
 20
-4269.335792689664
 30
0
 11
551.3118474700982
 21
-4268.335792689664
 31
0
  0
LINE
  5
F95A
330
2
100
AcDbEntity
  8
0-CAD-polyline
 62
     5
100
AcDbLine
 10
573.3118474700982
 20
-4269.335792689664
 30
0
 11
573.3118474700982
 21
-4268.335792689664
 31
0
  0
LINE
  5
F95B
330
2
100
AcDbEntity
  8
0-CAD-polyline
 62
     5
100
AcDbLine
 10
575.3118474700982
 20
-4267.335792689664
 30
0
 11
574.3118474700982
 21
-4267.335792689664
 31
0
  0
LINE
  5
F95C
330
2
100
AcDbEntity
  8
0-CAD-polyline
 62
     1
100
AcDbLine
 10
662.0618589133305
 20
-4205.436020048413
 30
0
 11
422.0618589133305
 21
-4205.436020048413
 31
0
1001
COPRA_AXIS
1000
d411b1d0-eb69-4c8b-8008-d3989b00ab09
  0
LINE
  5
F95D
330
2
100
AcDbEntity
  8
0-CAD-polyline
 62
     1
100
AcDbLine
 10
422.0618589133305
 20
-4325.436012418413
 30
0
 11
662.0618589133305
 21
-4325.436012418413
 31
0
1001
COPRA_AXIS
1000
f5dd6c13-d4e0-45cd-bcf6-c9a531f1173d
  0
LINE
  5
F95E
330
2
100
AcDbEntity
  8
0-CAD-polyline
 62
     1
100
AcDbLine
 10
521.6757810333306
 20
-4307.935890345914
 30
0
 11
521.6757810333306
 21
-4322.435890345914
 31
0
  0
LINE
  5
F95F
330
2
100
AcDbEntity
  8
0-CAD-polyline
 62
     1
100
AcDbLine
 10
532.7618844726617
 20
-4307.935890345914
 30
0
 11
532.7618844726617
 21
-4322.435890345914
 31
0
  0
LINE
  5
F960
330
2
100
AcDbEntity
  8
0-CAD-polyline
 62
     1
100
AcDbLine
 10
520.6757810333306
 20
-4322.435890345914
 30
0
 11
533.7618844726617
 21
-4322.435890345914
 31
0
  0
POLYLINE
  5
F961
330
2
100
AcDbEntity
  8
0-CAD-polyline
 62
     1
100
AcDb2dPolyline
 66
     1
 10
0
 20
0
 30
0
 40
0
 41
0
  0
VERTEX
  5
F962
330
F961
100
AcDbEntity
  8
0-CAD-polyline
 62
     1
100
AcDbVertex
100
AcDb2dVertex
 10
520.6757810333306
 20
-4306.935890345914
 30
0
  0
VERTEX
  5
F963
330
F961
100
AcDbEntity
  8
0-CAD-polyline
 62
     1
100
AcDbVertex
100
AcDb2dVertex
 10
521.6757810333306
 20
-4307.935890345914
 30
0
  0
VERTEX
  5
F964
330
F961
100
AcDbEntity
  8
0-CAD-polyline
 62
     1
100
AcDbVertex
100
AcDb2dVertex
 10
532.7618844726617
 20
-4307.935890345914
 30
0
  0
VERTEX
  5
F965
330
F961
100
AcDbEntity
  8
0-CAD-polyline
 62
     1
100
AcDbVertex
100
AcDb2dVertex
 10
533.7618844726617
 20
-4306.935890345914
 30
0
  0
SEQEND
  5
F966
330
F961
100
AcDbEntity
  8
0-CAD-polyline
 62
     1
  0
POLYLINE
  5
F967
330
2
100
AcDbEntity
  8
0-CAD-polyline
 62
     1
100
AcDb2dPolyline
 66
     1
 10
0
 20
0
 30
0
 40
0
 41
0
1001
COPRA
1000
5
1001
CrfRollDraw
1000
bdc3e396-2447-4aac-a4a9-4bc21eedec55
  0
VERTEX
  5
F968
330
F967
100
AcDbEntity
  8
0-CAD-polyline
 62
     1
100
AcDbVertex
100
AcDb2dVertex
 10
520.6757810333306
 20
-4325.435890345914
 30
0
  0
VERTEX
  5
F969
330
F967
100
AcDbEntity
  8
0-CAD-polyline
 62
     1
100
AcDbVertex
100
AcDb2dVertex
 10
520.6757810333306
 20
-4246.435893775913
 30
0
  0
VERTEX
  5
F96A
330
F967
100
AcDbEntity
  8
0-CAD-polyline
 62
     1
100
AcDbVertex
100
AcDb2dVertex
 10
521.6757810333306
 20
-4245.435893775913
 30
0
  0
VERTEX
  5
F96B
330
F967
100
AcDbEntity
  8
0-CAD-polyline
 62
     1
100
AcDbVertex
100
AcDb2dVertex
 10
523.7618943233306
 20
-4245.435892245914
 30
0
  0
VERTEX
  5
F96C
330
F967
100
AcDbEntity
  8
0-CAD-polyline
 62
     1
100
AcDbVertex
100
AcDb2dVertex
 10
533.7618885833308
 20
-4255.435886695914
 30
0
  0
VERTEX
  5
F96D
330
F967
100
AcDbEntity
  8
0-CAD-polyline
 62
     1
100
AcDbVertex
100
AcDb2dVertex
 10
533.7618848833308
 20
-4325.435890345914
 30
0
  0
SEQEND
  5
F96E
330
F967
100
AcDbEntity
  8
0-CAD-polyline
 62
     1
  0
LINE
  5
F96F
330
2
100
AcDbEntity
  8
0-CAD-polyline
 62
     1
100
AcDbLine
 10
520.6757810333306
 20
-4295.435890345914
 30
0
 11
521.6757810333306
 21
-4295.435890345914
 31
0
  0
LINE
  5
F970
330
2
100
AcDbEntity
  8
0-CAD-polyline
 62
     1
100
AcDbLine
 10
521.6757810333306
 20
-4295.435890345914
 30
0
 11
521.6757810333306
 21
-4290.435890345914
 31
0
  0
LINE
  5
F971
330
2
100
AcDbEntity
  8
0-CAD-polyline
 62
     1
100
AcDbLine
 10
521.6757810333306
 20
-4290.435890345914
 30
0
 11
520.6757810333306
 21
-4290.435890345914
 31
0
  0
LINE
  5
F972
330
2
100
AcDbEntity
  8
0-CAD-polyline
 62
     1
100
AcDbLine
 10
520.6757810333306
 20
-4306.935890345914
 30
0
 11
521.6757810333306
 21
-4307.935890345914
 31
0
  0
LINE
  5
F973
330
2
100
AcDbEntity
  8
0-CAD-polyline
 62
     1
100
AcDbLine
 10
533.7618844726617
 20
-4306.935890345914
 30
0
 11
532.7618844726617
 21
-4307.935890345914
 31
0
  0
LINE
  5
F974
330
2
100
AcDbEntity
  8
0-CAD-polyline
 62
     1
100
AcDbLine
 10
521.6757810333306
 20
-4307.935890345914
 30
0
 11
532.7618844726617
 21
-4307.935890345914
 31
0
  0
LINE
  5
F975
330
2
100
AcDbEntity
  8
0-CAD-polyline
 62
     1
100
AcDbLine
 10
521.6757810333306
 20
-4307.935890345914
 30
0
 11
521.6757810333306
 21
-4322.435890345914
 31
0
  0
LINE
  5
F976
330
2
100
AcDbEntity
  8
0-CAD-polyline
 62
     1
100
AcDbLine
 10
532.7618844726617
 20
-4307.935890345914
 30
0
 11
532.7618844726617
 21
-4322.435890345914
 31
0
  0
LINE
  5
F977
330
2
100
AcDbEntity
  8
0-CAD-polyline
 62
     1
100
AcDbLine
 10
520.6757810333306
 20
-4322.435890345914
 30
0
 11
533.7618844726617
 21
-4322.435890345914
 31
0
  0
TEXT
  5
F978
330
2
100
AcDbEntity
  8
0-CAD-polyline
 62
     1
100
AcDbText
 10
526.8688336164635
 20
-4350.11089034643
 30
0
 40
3.5
  1
*STR-1-B1
 50
89.99999998310366
  7

 72
     2
 11
525.118833623224
 21
-4327.185890345914
 31
0
100
AcDbText
 73
     2
  0
TEXT
  5
F979
330
2
100
AcDbEntity
  8
0-CAD-polyline
 62
     1
100
AcDbText
 10
530.5438337659268
 20
-4338.472851692521
 30
0
 40
2.449999958276749
  1
1.88 kg
 50
89.99999998310366
  7

 72
     2
 11
529.318833790117
 21
-4327.185890345914
 31
0
100
AcDbText
 73
     2
  0
LINE
  5
F97A
330
2
100
AcDbEntity
  8
0-CAD-polyline
 62
     1
100
AcDbLine
 10
534.761882565313
 20
-4307.935890345914
 30
0
 11
534.761882565313
 21
-4322.435890345914
 31
0
  0
LINE
  5
F97B
330
2
100
AcDbEntity
  8
0-CAD-polyline
 62
     1
100
AcDbLine
 10
549.4118825712735
 20
-4307.935890345914
 30
0
 11
549.4118825712735
 21
-4322.435890345914
 31
0
  0
LINE
  5
F97C
330
2
100
AcDbEntity
  8
0-CAD-polyline
 62
     1
100
AcDbLine
 10
533.761882565313
 20
-4322.435890345914
 30
0
 11
550.4118825712735
 21
-4322.435890345914
 31
0
  0
POLYLINE
  5
F97D
330
2
100
AcDbEntity
  8
0-CAD-polyline
 62
     1
100
AcDb2dPolyline
 66
     1
 10
0
 20
0
 30
0
 40
0
 41
0
  0
VERTEX
  5
F97E
330
F97D
100
AcDbEntity
  8
0-CAD-polyline
 62
     1
100
AcDbVertex
100
AcDb2dVertex
 10
533.761882565313
 20
-4306.935890345914
 30
0
  0
VERTEX
  5
F97F
330
F97D
100
AcDbEntity
  8
0-CAD-polyline
 62
     1
100
AcDbVertex
100
AcDb2dVertex
 10
534.761882565313
 20
-4307.935890345914
 30
0
  0
VERTEX
  5
F980
330
F97D
100
AcDbEntity
  8
0-CAD-polyline
 62
     1
100
AcDbVertex
100
AcDb2dVertex
 10
549.4118825712735
 20
-4307.935890345914
 30
0
  0
VERTEX
  5
F981
330
F97D
100
AcDbEntity
  8
0-CAD-polyline
 62
     1
100
AcDbVertex
100
AcDb2dVertex
 10
550.4118825712735
 20
-4306.935890345914
 30
0
  0
SEQEND
  5
F982
330
F97D
100
AcDbEntity
  8
0-CAD-polyline
 62
     1
  0
POLYLINE
  5
F983
330
2
100
AcDbEntity
  8
0-CAD-polyline
 62
     1
100
AcDb2dPolyline
 66
     1
 10
0
 20
0
 30
0
 40
0
 41
0
1001
COPRA
1000
3
1001
CrfRollDraw
1000
60bc2e12-7f10-43af-8725-d4d53973017a
  0
VERTEX
  5
F984
330
F983
100
AcDbEntity
  8
0-CAD-polyline
 62
     1
100
AcDbVertex
100
AcDb2dVertex
 10
533.761882565313
 20
-4325.435890345914
 30
0
  0
VERTEX
  5
F985
330
F983
100
AcDbEntity
  8
0-CAD-polyline
 62
     1
100
AcDbVertex
100
AcDb2dVertex
 10
533.761882565313
 20
-4285.335891035913
 30
0
  0
VERTEX
  5
F986
330
F983
100
AcDbEntity
  8
0-CAD-polyline
 62
     1
100
AcDbVertex
100
AcDb2dVertex
 10
534.7618826253129
 20
-4284.335891035913
 30
0
  0
VERTEX
  5
F987
330
F983
100
AcDbEntity
  8
0-CAD-polyline
 62
     1
100
AcDbVertex
100
AcDb2dVertex
 10
549.411882625313
 20
-4284.335891915915
 30
0
  0
VERTEX
  5
F988
330
F983
100
AcDbEntity
  8
0-CAD-polyline
 62
     1
100
AcDbVertex
100
AcDb2dVertex
 10
550.4118825653131
 20
-4285.335891915915
 30
0
  0
VERTEX
  5
F989
330
F983
100
AcDbEntity
  8
0-CAD-polyline
 62
     1
100
AcDbVertex
100
AcDb2dVertex
 10
550.4118825653131
 20
-4325.435890345914
 30
0
  0
SEQEND
  5
F98A
330
F983
100
AcDbEntity
  8
0-CAD-polyline
 62
     1
  0
LINE
  5
F98B
330
2
100
AcDbEntity
  8
0-CAD-polyline
 62
     1
100
AcDbLine
 10
533.761882565313
 20
-4295.435890345914
 30
0
 11
534.761882565313
 21
-4295.435890345914
 31
0
  0
LINE
  5
F98C
330
2
100
AcDbEntity
  8
0-CAD-polyline
 62
     1
100
AcDbLine
 10
534.761882565313
 20
-4295.435890345914
 30
0
 11
534.761882565313
 21
-4290.435890345914
 31
0
  0
LINE
  5
F98D
330
2
100
AcDbEntity
  8
0-CAD-polyline
 62
     1
100
AcDbLine
 10
534.761882565313
 20
-4290.435890345914
 30
0
 11
533.761882565313
 21
-4290.435890345914
 31
0
  0
LINE
  5
F98E
330
2
100
AcDbEntity
  8
0-CAD-polyline
 62
     1
100
AcDbLine
 10
533.761882565313
 20
-4306.935890345914
 30
0
 11
534.761882565313
 21
-4307.935890345914
 31
0
  0
LINE
  5
F98F
330
2
100
AcDbEntity
  8
0-CAD-polyline
 62
     1
100
AcDbLine
 10
550.4118825712735
 20
-4306.935890345914
 30
0
 11
549.4118825712735
 21
-4307.935890345914
 31
0
  0
LINE
  5
F990
330
2
100
AcDbEntity
  8
0-CAD-polyline
 62
     1
100
AcDbLine
 10
534.761882565313
 20
-4307.935890345914
 30
0
 11
549.4118825712735
 21
-4307.935890345914
 31
0
  0
LINE
  5
F991
330
2
100
AcDbEntity
  8
0-CAD-polyline
 62
     1
100
AcDbLine
 10
534.761882565313
 20
-4307.935890345914
 30
0
 11
534.761882565313
 21
-4322.435890345914
 31
0
  0
LINE
  5
F992
330
2
100
AcDbEntity
  8
0-CAD-polyline
 62
     1
100
AcDbLine
 10
549.4118825712735
 20
-4307.935890345914
 30
0
 11
549.4118825712735
 21
-4322.435890345914
 31
0
  0
LINE
  5
F993
330
2
100
AcDbEntity
  8
0-CAD-polyline
 62
     1
100
AcDbLine
 10
533.761882565313
 20
-4322.435890345914
 30
0
 11
550.4118825712735
 21
-4322.435890345914
 31
0
  0
TEXT
  5
F994
330
2
100
AcDbEntity
  8
0-CAD-polyline
 62
     1
100
AcDbText
 10
541.7368822843712
 20
-4350.11089034643
 30
0
 40
3.5
  1
*STR-1-B2
 50
89.99999998310366
  7

 72
     2
 11
539.9868822911317
 21
-4327.185890345914
 31
0
100
AcDbText
 73
     2
  0
TEXT
  5
F995
330
2
100
AcDbEntity
  8
0-CAD-polyline
 62
     1
100
AcDbText
 10
545.4118824338345
 20
-4338.472851692521
 30
0
 40
2.449999958276749
  1
0.56 kg
 50
89.99999998310366
  7

 72
     2
 11
544.1868824580247
 21
-4327.185890345914
 31
0
100
AcDbText
 73
     2
  0
LINE
  5
F996
330
2
100
AcDbEntity
  8
0-CAD-polyline
 62
     1
100
AcDbLine
 10
551.4118830481107
 20
-4307.935890345914
 30
0
 11
551.4118830481107
 21
-4322.435890345914
 31
0
  0
LINE
  5
F997
330
2
100
AcDbEntity
  8
0-CAD-polyline
 62
     1
100
AcDbLine
 10
574.4117830017144
 20
-4307.935890345914
 30
0
 11
574.4117830017144
 21
-4322.435890345914
 31
0
  0
LINE
  5
F998
330
2
100
AcDbEntity
  8
0-CAD-polyline
 62
     1
100
AcDbLine
 10
550.4118830481107
 20
-4322.435890345914
 30
0
 11
575.4117830017144
 21
-4322.435890345914
 31
0
  0
POLYLINE
  5
F999
330
2
100
AcDbEntity
  8
0-CAD-polyline
 62
     1
100
AcDb2dPolyline
 66
     1
 10
0
 20
0
 30
0
 40
0
 41
0
  0
VERTEX
  5
F99A
330
F999
100
AcDbEntity
  8
0-CAD-polyline
 62
     1
100
AcDbVertex
100
AcDb2dVertex
 10
550.4118830481107
 20
-4306.935890345914
 30
0
  0
VERTEX
  5
F99B
330
F999
100
AcDbEntity
  8
0-CAD-polyline
 62
     1
100
AcDbVertex
100
AcDb2dVertex
 10
551.4118830481107
 20
-4307.935890345914
 30
0
  0
VERTEX
  5
F99C
330
F999
100
AcDbEntity
  8
0-CAD-polyline
 62
     1
100
AcDbVertex
100
AcDb2dVertex
 10
574.4117830017144
 20
-4307.935890345914
 30
0
  0
VERTEX
  5
F99D
330
F999
100
AcDbEntity
  8
0-CAD-polyline
 62
     1
100
AcDbVertex
100
AcDb2dVertex
 10
575.4117830017144
 20
-4306.935890345914
 30
0
  0
SEQEND
  5
F99E
330
F999
100
AcDbEntity
  8
0-CAD-polyline
 62
     1
  0
POLYLINE
  5
F99F
330
2
100
AcDbEntity
  8
0-CAD-polyline
 62
     1
100
AcDb2dPolyline
 66
     1
 10
0
 20
0
 30
0
 40
0
 41
0
1001
COPRA
1000
2
1001
CrfRollDraw
1000
7b2bcf5b-5a0a-4819-a20d-22f1eeead71b
  0
VERTEX
  5
F9A0
330
F99F
100
AcDbEntity
  8
0-CAD-polyline
 62
     1
100
AcDbVertex
100
AcDb2dVertex
 10
550.4118830481107
 20
-4325.435890345914
 30
0
  0
VERTEX
  5
F9A1
330
F99F
100
AcDbEntity
  8
0-CAD-polyline
 62
     1
100
AcDbVertex
100
AcDb2dVertex
 10
550.4118826181107
 20
-4270.335997565913
 30
0
  0
VERTEX
  5
F9A2
330
F99F
100
AcDbEntity
  8
0-CAD-polyline
 62
     1
100
AcDbVertex
100
AcDb2dVertex
 10
551.4118819081104
 20
-4269.335998255914
 30
0
  0
VERTEX
  5
F9A3
330
F99F
100
AcDbEntity
  8
0-CAD-polyline
 62
     1
100
AcDbVertex
100
AcDb2dVertex
 10
574.4117823481106
 20
-4269.335998945913
 30
0
  0
VERTEX
  5
F9A4
330
F99F
100
AcDbEntity
  8
0-CAD-polyline
 62
     1
100
AcDbVertex
100
AcDb2dVertex
 10
575.4117823181105
 20
-4270.335998945913
 30
0
  0
VERTEX
  5
F9A5
330
F99F
100
AcDbEntity
  8
0-CAD-polyline
 62
     1
100
AcDbVertex
100
AcDb2dVertex
 10
575.4117823181105
 20
-4325.435890345914
 30
0
  0
SEQEND
  5
F9A6
330
F99F
100
AcDbEntity
  8
0-CAD-polyline
 62
     1
  0
LINE
  5
F9A7
330
2
100
AcDbEntity
  8
0-CAD-polyline
 62
     1
100
AcDbLine
 10
550.4118828139849
 20
-4295.435890345914
 30
0
 11
551.4118828139849
 21
-4295.435890345914
 31
0
  0
LINE
  5
F9A8
330
2
100
AcDbEntity
  8
0-CAD-polyline
 62
     1
100
AcDbLine
 10
551.4118828139849
 20
-4295.435890345914
 30
0
 11
551.4118828139849
 21
-4290.435890345914
 31
0
  0
LINE
  5
F9A9
330
2
100
AcDbEntity
  8
0-CAD-polyline
 62
     1
100
AcDbLine
 10
551.4118828139849
 20
-4290.435890345914
 30
0
 11
550.4118827749703
 21
-4290.435890345914
 31
0
  0
LINE
  5
F9AA
330
2
100
AcDbEntity
  8
0-CAD-polyline
 62
     1
100
AcDbLine
 10
550.4118830481107
 20
-4306.935890345914
 30
0
 11
551.4118830481107
 21
-4307.935890345914
 31
0
  0
LINE
  5
F9AB
330
2
100
AcDbEntity
  8
0-CAD-polyline
 62
     1
100
AcDbLine
 10
575.4117830017144
 20
-4306.935890345914
 30
0
 11
574.4117830017144
 21
-4307.935890345914
 31
0
  0
LINE
  5
F9AC
330
2
100
AcDbEntity
  8
0-CAD-polyline
 62
     1
100
AcDbLine
 10
551.4118830481107
 20
-4307.935890345914
 30
0
 11
574.4117830017144
 21
-4307.935890345914
 31
0
  0
LINE
  5
F9AD
330
2
100
AcDbEntity
  8
0-CAD-polyline
 62
     1
100
AcDbLine
 10
551.4118830481107
 20
-4307.935890345914
 30
0
 11
551.4118830481107
 21
-4322.435890345914
 31
0
  0
LINE
  5
F9AE
330
2
100
AcDbEntity
  8
0-CAD-polyline
 62
     1
100
AcDbLine
 10
574.4117830017144
 20
-4307.935890345914
 30
0
 11
574.4117830017144
 21
-4322.435890345914
 31
0
  0
LINE
  5
F9AF
330
2
100
AcDbEntity
  8
0-CAD-polyline
 62
     1
100
AcDbLine
 10
550.4118830481107
 20
-4322.435890345914
 30
0
 11
575.4117830017144
 21
-4322.435890345914
 31
0
  0
TEXT
  5
F9B0
330
2
100
AcDbEntity
  8
0-CAD-polyline
 62
     1
100
AcDbText
 10
562.5618325025719
 20
-4350.11089034643
 30
0
 40
3.5
  1
*STR-1-B3
 50
89.99999998310366
  7

 72
     2
 11
560.8118325093324
 21
-4327.185890345914
 31
0
100
AcDbText
 73
     2
  0
TEXT
  5
F9B1
330
2
100
AcDbEntity
  8
0-CAD-polyline
 62
     1
100
AcDbText
 10
566.2368326520352
 20
-4338.472851692521
 30
0
 40
2.449999958276749
  1
1.75 kg
 50
89.99999998310366
  7

 72
     2
 11
565.0118326762254
 21
-4327.185890345914
 31
0
100
AcDbText
 73
     2
  0
LINE
  5
F9B2
330
2
100
AcDbEntity
  8
0-CAD-polyline
 62
     1
100
AcDbLine
 10
576.4117944458062
 20
-4307.935890345914
 30
0
 11
576.4117944458062
 21
-4322.435890345914
 31
0
  0
LINE
  5
F9B3
330
2
100
AcDbEntity
  8
0-CAD-polyline
 62
     1
100
AcDbLine
 10
589.6757810333306
 20
-4307.935890345914
 30
0
 11
589.6757810333306
 21
-4322.435890345914
 31
0
  0
LINE
  5
F9B4
330
2
100
AcDbEntity
  8
0-CAD-polyline
 62
     1
100
AcDbLine
 10
575.4117944458062
 20
-4322.435890345914
 30
0
 11
590.6757810333306
 21
-4322.435890345914
 31
0
  0
POLYLINE
  5
F9B5
330
2
100
AcDbEntity
  8
0-CAD-polyline
 62
     1
100
AcDb2dPolyline
 66
     1
 10
0
 20
0
 30
0
 40
0
 41
0
  0
VERTEX
  5
F9B6
330
F9B5
100
AcDbEntity
  8
0-CAD-polyline
 62
     1
100
AcDbVertex
100
AcDb2dVertex
 10
575.4117944458062
 20
-4306.935890345914
 30
0
  0
VERTEX
  5
F9B7
330
F9B5
100
AcDbEntity
  8
0-CAD-polyline
 62
     1
100
AcDbVertex
100
AcDb2dVertex
 10
576.4117944458062
 20
-4307.935890345914
 30
0
  0
VERTEX
  5
F9B8
330
F9B5
100
AcDbEntity
  8
0-CAD-polyline
 62
     1
100
AcDbVertex
100
AcDb2dVertex
 10
589.6757810333306
 20
-4307.935890345914
 30
0
  0
VERTEX
  5
F9B9
330
F9B5
100
AcDbEntity
  8
0-CAD-polyline
 62
     1
100
AcDbVertex
100
AcDb2dVertex
 10
590.6757810333306
 20
-4306.935890345914
 30
0
  0
SEQEND
  5
F9BA
330
F9B5
100
AcDbEntity
  8
0-CAD-polyline
 62
     1
  0
POLYLINE
  5
F9BB
330
2
100
AcDbEntity
  8
0-CAD-polyline
 62
     1
100
AcDb2dPolyline
 66
     1
 10
0
 20
0
 30
0
 40
0
 41
0
1001
COPRA
1000
4
1001
CrfRollDraw
1000
ad4984be-fcc6-4836-8569-859c3b019a07
  0
VERTEX
  5
F9BC
330
F9BB
100
AcDbEntity
  8
0-CAD-polyline
 62
     1
100
AcDbVertex
100
AcDb2dVertex
 10
575.4117944458062
 20
-4325.435890345914
 30
0
  0
VERTEX
  5
F9BD
330
F9BB
100
AcDbEntity
  8
0-CAD-polyline
 62
     1
100
AcDbVertex
100
AcDb2dVertex
 10
575.4118156158061
 20
-4255.435871015914
 30
0
  0
VERTEX
  5
F9BE
330
F9BB
100
AcDbEntity
  8
0-CAD-polyline
 62
     1
100
AcDbVertex
100
AcDb2dVertex
 10
585.4118138958061
 20
-4245.435896255914
 30
0
  0
VERTEX
  5
F9BF
330
F9BB
100
AcDbEntity
  8
0-CAD-polyline
 62
     1
100
AcDbVertex
100
AcDb2dVertex
 10
589.6757810358063
 20
-4245.435896545914
 30
0
  0
VERTEX
  5
F9C0
330
F9BB
100
AcDbEntity
  8
0-CAD-polyline
 62
     1
100
AcDbVertex
100
AcDb2dVertex
 10
590.6757810358063
 20
-4246.435896545914
 30
0
  0
VERTEX
  5
F9C1
330
F9BB
100
AcDbEntity
  8
0-CAD-polyline
 62
     1
100
AcDbVertex
100
AcDb2dVertex
 10
590.6757810358063
 20
-4325.435890345914
 30
0
  0
SEQEND
  5
F9C2
330
F9BB
100
AcDbEntity
  8
0-CAD-polyline
 62
     1
  0
LINE
  5
F9C3
330
2
100
AcDbEntity
  8
0-CAD-polyline
 62
     1
100
AcDbLine
 10
575.4118035186634
 20
-4295.435890345914
 30
0
 11
576.4118050308034
 21
-4295.435890345914
 31
0
  0
LINE
  5
F9C4
330
2
100
AcDbEntity
  8
0-CAD-polyline
 62
     1
100
AcDbLine
 10
576.4118050308034
 20
-4295.435890345914
 30
0
 11
576.4118050308034
 21
-4290.435890345914
 31
0
  0
LINE
  5
F9C5
330
2
100
AcDbEntity
  8
0-CAD-polyline
 62
     1
100
AcDbLine
 10
576.4118050308034
 20
-4290.435890345914
 30
0
 11
575.4118050308034
 21
-4290.435890345914
 31
0
  0
LINE
  5
F9C6
330
2
100
AcDbEntity
  8
0-CAD-polyline
 62
     1
100
AcDbLine
 10
575.4117944458062
 20
-4306.935890345914
 30
0
 11
576.4117944458062
 21
-4307.935890345914
 31
0
  0
LINE
  5
F9C7
330
2
100
AcDbEntity
  8
0-CAD-polyline
 62
     1
100
AcDbLine
 10
590.6757810333306
 20
-4306.935890345914
 30
0
 11
589.6757810333306
 21
-4307.935890345914
 31
0
  0
LINE
  5
F9C8
330
2
100
AcDbEntity
  8
0-CAD-polyline
 62
     1
100
AcDbLine
 10
576.4117944458062
 20
-4307.935890345914
 30
0
 11
589.6757810333306
 21
-4307.935890345914
 31
0
  0
LINE
  5
F9C9
330
2
100
AcDbEntity
  8
0-CAD-polyline
 62
     1
100
AcDbLine
 10
576.4117944458062
 20
-4307.935890345914
 30
0
 11
576.4117944458062
 21
-4322.435890345914
 31
0
  0
LINE
  5
F9CA
330
2
100
AcDbEntity
  8
0-CAD-polyline
 62
     1
100
AcDbLine
 10
589.6757810333306
 20
-4307.935890345914
 30
0
 11
589.6757810333306
 21
-4322.435890345914
 31
0
  0
LINE
  5
F9CB
330
2
100
AcDbEntity
  8
0-CAD-polyline
 62
     1
100
AcDbLine
 10
575.4117944458062
 20
-4322.435890345914
 30
0
 11
590.6757810333306
 21
-4322.435890345914
 31
0
  0
TEXT
  5
F9CC
330
2
100
AcDbEntity
  8
0-CAD-polyline
 62
     1
100
AcDbText
 10
582.6937886030357
 20
-4350.11089034643
 30
0
 40
3.5
  1
*STR-1-B4
 50
89.99999998310366
  7

 72
     2
 11
580.9437886097962
 21
-4327.185890345914
 31
0
100
AcDbText
 73
     2
  0
TEXT
  5
F9CD
330
2
100
AcDbEntity
  8
0-CAD-polyline
 62
     1
100
AcDbText
 10
586.3687887524991
 20
-4338.472851692521
 30
0
 40
2.449999958276749
  1
2.21 kg
 50
89.99999998310366
  7

 72
     2
 11
585.1437887766892
 21
-4327.185890345914
 31
0
100
AcDbText
 73
     2
  0
LINE
  5
F9CE
330
2
100
AcDbEntity
  8
0-CAD-polyline
 62
     1
100
AcDbLine
 10
506.6865613678033
 20
-4283.835792689664
 30
0
 11
600.6877134063775
 21
-4283.835792689664
 31
0
  0
TEXT
  5
F9CF
330
2
100
AcDbEntity
  8
0-CAD-polyline
100
AcDbText
 10
486.6865613678033
 20
-4282.835792689664
 30
0
 40
10
  1
14
  7

 11
0
 21
0
 31
0
100
AcDbText
  0
POLYLINE
  5
F9D0
330
2
100
AcDbEntity
  8
0-CAD-polyline
 62
     5
100
AcDb2dPolyline
 66
     1
 10
0
 20
0
 30
0
 40
0
 41
0
  0
VERTEX
  5
F9D1
330
F9D0
100
AcDbEntity
  8
0-CAD-polyline
 62
     5
100
AcDbVertex
100
AcDb2dVertex
 10
534.8118474700982
 20
-4555.335792689664
 30
0
  0
VERTEX
  5
F9D2
330
F9D0
100
AcDbEntity
  8
0-CAD-polyline
 62
     5
100
AcDbVertex
100
AcDb2dVertex
 10
533.8118474700982
 20
-4555.335792689664
 30
0
  0
VERTEX
  5
F9D3
330
F9D0
100
AcDbEntity
  8
0-CAD-polyline
 62
     5
100
AcDbVertex
100
AcDb2dVertex
 10
533.8118474700982
 20
-4582.335792689664
 30
0
  0
VERTEX
  5
F9D4
330
F9D0
100
AcDbEntity
  8
0-CAD-polyline
 62
     5
100
AcDbVertex
100
AcDb2dVertex
 10
535.8118474700982
 20
-4584.335792689664
 30
0
  0
VERTEX
  5
F9D5
330
F9D0
100
AcDbEntity
  8
0-CAD-polyline
 62
     5
100
AcDbVertex
100
AcDb2dVertex
 10
542.0618550994927
 20
-4584.335792689664
 30
0
  0
VERTEX
  5
F9D6
330
F9D0
100
AcDbEntity
  8
0-CAD-polyline
 62
     5
100
AcDbVertex
100
AcDb2dVertex
 10
548.3118474700982
 20
-4584.335792689664
 30
0
  0
VERTEX
  5
F9D7
330
F9D0
100
AcDbEntity
  8
0-CAD-polyline
 62
     5
100
AcDbVertex
100
AcDb2dVertex
 10
550.3118474700982
 20
-4582.335792689664
 30
0
  0
VERTEX
  5
F9D8
330
F9D0
100
AcDbEntity
  8
0-CAD-polyline
 62
     5
100
AcDbVertex
100
AcDb2dVertex
 10
550.3118474700982
 20
-4570.335792689664
 30
0
  0
VERTEX
  5
F9D9
330
F9D0
100
AcDbEntity
  8
0-CAD-polyline
 62
     5
100
AcDbVertex
100
AcDb2dVertex
 10
551.3118474700982
 20
-4569.335792689664
 30
0
  0
VERTEX
  5
F9DA
330
F9D0
100
AcDbEntity
  8
0-CAD-polyline
 62
     5
100
AcDbVertex
100
AcDb2dVertex
 10
573.3118474700982
 20
-4569.335792689664
 30
0
  0
VERTEX
  5
F9DB
330
F9D0
100
AcDbEntity
  8
0-CAD-polyline
 62
     5
100
AcDbVertex
100
AcDb2dVertex
 10
575.3118474700982
 20
-4567.335792689664
 30
0
  0
VERTEX
  5
F9DC
330
F9D0
100
AcDbEntity
  8
0-CAD-polyline
 62
     5
100
AcDbVertex
100
AcDb2dVertex
 10
575.3118474700982
 20
-4555.335792689664
 30
0
  0
VERTEX
  5
F9DD
330
F9D0
100
AcDbEntity
  8
0-CAD-polyline
 62
     5
100
AcDbVertex
100
AcDb2dVertex
 10
574.3118474700982
 20
-4555.335792689664
 30
0
  0
VERTEX
  5
F9DE
330
F9D0
100
AcDbEntity
  8
0-CAD-polyline
 62
     5
100
AcDbVertex
100
AcDb2dVertex
 10
574.3118474700982
 20
-4567.335792689664
 30
0
  0
VERTEX
  5
F9DF
330
F9D0
100
AcDbEntity
  8
0-CAD-polyline
 62
     5
100
AcDbVertex
100
AcDb2dVertex
 10
573.3118474700982
 20
-4568.335792689664
 30
0
  0
VERTEX
  5
F9E0
330
F9D0
100
AcDbEntity
  8
0-CAD-polyline
 62
     5
100
AcDbVertex
100
AcDb2dVertex
 10
551.3118474700982
 20
-4568.335792689664
 30
0
  0
VERTEX
  5
F9E1
330
F9D0
100
AcDbEntity
  8
0-CAD-polyline
 62
     5
100
AcDbVertex
100
AcDb2dVertex
 10
549.3118474700982
 20
-4570.335792689664
 30
0
  0
VERTEX
  5
F9E2
330
F9D0
100
AcDbEntity
  8
0-CAD-polyline
 62
     5
100
AcDbVertex
100
AcDb2dVertex
 10
549.3118474700982
 20
-4582.335792689664
 30
0
  0
VERTEX
  5
F9E3
330
F9D0
100
AcDbEntity
  8
0-CAD-polyline
 62
     5
100
AcDbVertex
100
AcDb2dVertex
 10
548.3118474700982
 20
-4583.335792689664
 30
0
  0
VERTEX
  5
F9E4
330
F9D0
100
AcDbEntity
  8
0-CAD-polyline
 62
     5
100
AcDbVertex
100
AcDb2dVertex
 10
542.0618550994927
 20
-4583.335792689664
 30
0
  0
VERTEX
  5
F9E5
330
F9D0
100
AcDbEntity
  8
0-CAD-polyline
 62
     5
100
AcDbVertex
100
AcDb2dVertex
 10
535.8118474700982
 20
-4583.335792689664
 30
0
  0
VERTEX
  5
F9E6
330
F9D0
100
AcDbEntity
  8
0-CAD-polyline
 62
     5
100
AcDbVertex
100
AcDb2dVertex
 10
534.8118474700982
 20
-4582.335792689664
 30
0
  0
VERTEX
  5
F9E7
330
F9D0
100
AcDbEntity
  8
0-CAD-polyline
 62
     5
100
AcDbVertex
100
AcDb2dVertex
 10
534.8118474700982
 20
-4555.335792689664
 30
0
  0
SEQEND
  5
F9E8
330
F9D0
100
AcDbEntity
  8
0-CAD-polyline
  0
LINE
  5
F9E9
330
2
100
AcDbEntity
  8
0-CAD-polyline
 62
     5
100
AcDbLine
 10
533.8118474700982
 20
-4582.335792689664
 30
0
 11
534.8118474700982
 21
-4582.335792689664
 31
0
  0
LINE
  5
F9EA
330
2
100
AcDbEntity
  8
0-CAD-polyline
 62
     5
100
AcDbLine
 10
535.8118474700982
 20
-4584.335792689664
 30
0
 11
535.8118474700982
 21
-4583.335792689664
 31
0
  0
LINE
  5
F9EB
330
2
100
AcDbEntity
  8
0-CAD-polyline
 62
     5
100
AcDbLine
 10
542.0618550994927
 20
-4584.335792689664
 30
0
 11
542.0618550994927
 21
-4583.335792689664
 31
0
  0
LINE
  5
F9EC
330
2
100
AcDbEntity
  8
0-CAD-polyline
 62
     5
100
AcDbLine
 10
548.3118474700982
 20
-4584.335792689664
 30
0
 11
548.3118474700982
 21
-4583.335792689664
 31
0
  0
LINE
  5
F9ED
330
2
100
AcDbEntity
  8
0-CAD-polyline
 62
     5
100
AcDbLine
 10
550.3118474700982
 20
-4582.335792689664
 30
0
 11
549.3118474700982
 21
-4582.335792689664
 31
0
  0
LINE
  5
F9EE
330
2
100
AcDbEntity
  8
0-CAD-polyline
 62
     5
100
AcDbLine
 10
550.3118474700982
 20
-4570.335792689664
 30
0
 11
549.3118474700982
 21
-4570.335792689664
 31
0
  0
LINE
  5
F9EF
330
2
100
AcDbEntity
  8
0-CAD-polyline
 62
     5
100
AcDbLine
 10
551.3118474700982
 20
-4569.335792689664
 30
0
 11
551.3118474700982
 21
-4568.335792689664
 31
0
  0
LINE
  5
F9F0
330
2
100
AcDbEntity
  8
0-CAD-polyline
 62
     5
100
AcDbLine
 10
573.3118474700982
 20
-4569.335792689664
 30
0
 11
573.3118474700982
 21
-4568.335792689664
 31
0
  0
LINE
  5
F9F1
330
2
100
AcDbEntity
  8
0-CAD-polyline
 62
     5
100
AcDbLine
 10
575.3118474700982
 20
-4567.335792689664
 30
0
 11
574.3118474700982
 21
-4567.335792689664
 31
0
  0
LINE
  5
F9F2
330
2
100
AcDbEntity
  8
0-CAD-polyline
 62
     1
100
AcDbLine
 10
662.0618589133305
 20
-4505.436020048413
 30
0
 11
422.0618589133305
 21
-4505.436020048413
 31
0
1001
COPRA_AXIS
1000
a9c67159-56e3-4271-b15b-b633843483c7
  0
LINE
  5
F9F3
330
2
100
AcDbEntity
  8
0-CAD-polyline
 62
     1
100
AcDbLine
 10
422.0618589133305
 20
-4660.436020048413
 30
0
 11
662.0618589133305
 21
-4660.436020048413
 31
0
1001
COPRA_AXIS
1000
29a2765c-d473-47df-989b-bb1424d3cadc
  0
LINE
  5
F9F4
330
2
100
AcDbEntity
  8
0-CAD-polyline
 62
     5
100
AcDbLine
 10
521.6757810333306
 20
-4522.935890345914
 30
0
 11
521.6757810333306
 21
-4508.435890345914
 31
0
  0
LINE
  5
F9F5
330
2
100
AcDbEntity
  8
0-CAD-polyline
 62
     5
100
AcDbLine
 10
534.0118472793633
 20
-4522.935890345914
 30
0
 11
534.0118472793633
 21
-4508.435890345914
 31
0
  0
LINE
  5
F9F6
330
2
100
AcDbEntity
  8
0-CAD-polyline
 62
     5
100
AcDbLine
 10
520.6757810333306
 20
-4508.435890345914
 30
0
 11
535.0118472793633
 21
-4508.435890345914
 31
0
  0
POLYLINE
  5
F9F7
330
2
100
AcDbEntity
  8
0-CAD-polyline
 62
     5
100
AcDb2dPolyline
 66
     1
 10
0
 20
0
 30
0
 40
0
 41
0
  0
VERTEX
  5
F9F8
330
F9F7
100
AcDbEntity
  8
0-CAD-polyline
 62
     5
100
AcDbVertex
100
AcDb2dVertex
 10
520.6757810333306
 20
-4523.935890345914
 30
0
  0
VERTEX
  5
F9F9
330
F9F7
100
AcDbEntity
  8
0-CAD-polyline
 62
     5
100
AcDbVertex
100
AcDb2dVertex
 10
521.6757810333306
 20
-4522.935890345914
 30
0
  0
VERTEX
  5
F9FA
330
F9F7
100
AcDbEntity
  8
0-CAD-polyline
 62
     5
100
AcDbVertex
100
AcDb2dVertex
 10
534.0118472793633
 20
-4522.935890345914
 30
0
  0
VERTEX
  5
F9FB
330
F9F7
100
AcDbEntity
  8
0-CAD-polyline
 62
     5
100
AcDbVertex
100
AcDb2dVertex
 10
535.0118472793633
 20
-4523.935890345914
 30
0
  0
SEQEND
  5
F9FC
330
F9F7
100
AcDbEntity
  8
0-CAD-polyline
 62
     5
  0
POLYLINE
  5
F9FD
330
2
100
AcDbEntity
  8
0-CAD-polyline
 62
     5
100
AcDb2dPolyline
 66
     1
 10
0
 20
0
 30
0
 40
0
 41
0
1001
COPRA
1000
5
1001
CrfRollDraw
1000
a36ef8a6-e962-4045-bd3a-490824a82738
  0
VERTEX
  5
F9FE
330
F9FD
100
AcDbEntity
  8
0-CAD-polyline
 62
     5
100
AcDbVertex
100
AcDb2dVertex
 10
520.6757810333306
 20
-4505.435890345914
 30
0
  0
VERTEX
  5
F9FF
330
F9FD
100
AcDbEntity
  8
0-CAD-polyline
 62
     5
100
AcDbVertex
100
AcDb2dVertex
 10
520.6757810333306
 20
-4583.335891875913
 30
0
  0
VERTEX
  5
FA00
330
F9FD
100
AcDbEntity
  8
0-CAD-polyline
 62
     5
100
AcDbVertex
100
AcDb2dVertex
 10
521.6757810333306
 20
-4584.335891875913
 30
0
  0
VERTEX
  5
FA01
330
F9FD
100
AcDbEntity
  8
0-CAD-polyline
 62
     5
100
AcDbVertex
100
AcDb2dVertex
 10
528.6118475033304
 20
-4584.335891875913
 30
0
  0
VERTEX
  5
FA02
330
F9FD
100
AcDbEntity
  8
0-CAD-polyline
 62
     5
100
AcDbVertex
100
AcDb2dVertex
 10
533.6118474733307
 20
-4579.335891895913
 30
0
  0
VERTEX
  5
FA03
330
F9FD
100
AcDbEntity
  8
0-CAD-polyline
 62
     5
100
AcDbVertex
100
AcDb2dVertex
 10
533.6118474733307
 20
-4555.335891875913
 30
0
  0
VERTEX
  5
FA04
330
F9FD
100
AcDbEntity
  8
0-CAD-polyline
 62
     5
100
AcDbVertex
100
AcDb2dVertex
 10
534.8118471533307
 20
-4555.335891875913
 30
0
  0
VERTEX
  5
FA05
330
F9FD
100
AcDbEntity
  8
0-CAD-polyline
 62
     5
100
AcDbVertex
100
AcDb2dVertex
 10
535.0118471533306
 20
-4555.135891865913
 30
0
  0
VERTEX
  5
FA06
330
F9FD
100
AcDbEntity
  8
0-CAD-polyline
 62
     5
100
AcDbVertex
100
AcDb2dVertex
 10
535.0118471533306
 20
-4505.435890345914
 30
0
  0
SEQEND
  5
FA07
330
F9FD
100
AcDbEntity
  8
0-CAD-polyline
 62
     5
  0
LINE
  5
FA08
330
2
100
AcDbEntity
  8
0-CAD-polyline
 62
     5
100
AcDbLine
 10
520.6757810333306
 20
-4535.435890345914
 30
0
 11
521.6757810333306
 21
-4535.435890345914
 31
0
  0
LINE
  5
FA09
330
2
100
AcDbEntity
  8
0-CAD-polyline
 62
     5
100
AcDbLine
 10
521.6757810333306
 20
-4535.435890345914
 30
0
 11
521.6757810333306
 21
-4540.435890345914
 31
0
  0
LINE
  5
FA0A
330
2
100
AcDbEntity
  8
0-CAD-polyline
 62
     5
100
AcDbLine
 10
521.6757810333306
 20
-4540.435890345914
 30
0
 11
520.6757810333306
 21
-4540.435890345914
 31
0
  0
LINE
  5
FA0B
330
2
100
AcDbEntity
  8
0-CAD-polyline
 62
     5
100
AcDbLine
 10
520.6757810333306
 20
-4523.935890345914
 30
0
 11
521.6757810333306
 21
-4522.935890345914
 31
0
  0
LINE
  5
FA0C
330
2
100
AcDbEntity
  8
0-CAD-polyline
 62
     5
100
AcDbLine
 10
535.0118472793633
 20
-4523.935890345914
 30
0
 11
534.0118472793633
 21
-4522.935890345914
 31
0
  0
LINE
  5
FA0D
330
2
100
AcDbEntity
  8
0-CAD-polyline
 62
     5
100
AcDbLine
 10
521.6757810333306
 20
-4522.935890345914
 30
0
 11
534.0118472793633
 21
-4522.935890345914
 31
0
  0
LINE
  5
FA0E
330
2
100
AcDbEntity
  8
0-CAD-polyline
 62
     5
100
AcDbLine
 10
521.6757810333306
 20
-4522.935890345914
 30
0
 11
521.6757810333306
 21
-4508.435890345914
 31
0
  0
LINE
  5
FA0F
330
2
100
AcDbEntity
  8
0-CAD-polyline
 62
     5
100
AcDbLine
 10
534.0118472793633
 20
-4522.935890345914
 30
0
 11
534.0118472793633
 21
-4508.435890345914
 31
0
  0
LINE
  5
FA10
330
2
100
AcDbEntity
  8
0-CAD-polyline
 62
     5
100
AcDbLine
 10
520.6757810333306
 20
-4508.435890345914
 30
0
 11
535.0118472793633
 21
-4508.435890345914
 31
0
  0
TEXT
  5
FA11
330
2
100
AcDbEntity
  8
0-CAD-polyline
 62
     5
100
AcDbText
 10
527.4938145497376
 20
-4503.68589034643
 30
0
 40
3.5
  1
*STR-2-T1
 50
89.99999998310366
  7

 11
525.7438145497376
 21
-4503.685890345914
 31
0
100
AcDbText
 73
     2
  0
TEXT
  5
FA12
330
2
100
AcDbEntity
  8
0-CAD-polyline
 62
     5
100
AcDbText
 10
531.168814695769
 20
-4503.685890346275
 30
0
 40
2.449999958276749
  1
1.94 kg
 50
89.99999998310366
  7

 11
529.9438147166306
 21
-4503.685890345914
 31
0
100
AcDbText
 73
     2
  0
LINE
  5
FA13
330
2
100
AcDbEntity
  8
0-CAD-polyline
 62
     5
100
AcDbLine
 10
536.0118472793633
 20
-4522.935890345914
 30
0
 11
536.0118472793633
 21
-4508.435890345914
 31
0
  0
LINE
  5
FA14
330
2
100
AcDbEntity
  8
0-CAD-polyline
 62
     5
100
AcDbLine
 10
548.2118813016946
 20
-4522.935890345914
 30
0
 11
548.2118813016946
 21
-4508.435890345914
 31
0
  0
LINE
  5
FA15
330
2
100
AcDbEntity
  8
0-CAD-polyline
 62
     5
100
AcDbLine
 10
535.0118472793633
 20
-4508.435890345914
 30
0
 11
549.2118813016946
 21
-4508.435890345914
 31
0
  0
POLYLINE
  5
FA16
330
2
100
AcDbEntity
  8
0-CAD-polyline
 62
     5
100
AcDb2dPolyline
 66
     1
 10
0
 20
0
 30
0
 40
0
 41
0
  0
VERTEX
  5
FA17
330
FA16
100
AcDbEntity
  8
0-CAD-polyline
 62
     5
100
AcDbVertex
100
AcDb2dVertex
 10
535.0118472793633
 20
-4523.935890345914
 30
0
  0
VERTEX
  5
FA18
330
FA16
100
AcDbEntity
  8
0-CAD-polyline
 62
     5
100
AcDbVertex
100
AcDb2dVertex
 10
536.0118472793633
 20
-4522.935890345914
 30
0
  0
VERTEX
  5
FA19
330
FA16
100
AcDbEntity
  8
0-CAD-polyline
 62
     5
100
AcDbVertex
100
AcDb2dVertex
 10
548.2118813016946
 20
-4522.935890345914
 30
0
  0
VERTEX
  5
FA1A
330
FA16
100
AcDbEntity
  8
0-CAD-polyline
 62
     5
100
AcDbVertex
100
AcDb2dVertex
 10
549.2118813016946
 20
-4523.935890345914
 30
0
  0
SEQEND
  5
FA1B
330
FA16
100
AcDbEntity
  8
0-CAD-polyline
 62
     5
  0
POLYLINE
  5
FA1C
330
2
100
AcDbEntity
  8
0-CAD-polyline
 62
     5
100
AcDb2dPolyline
 66
     1
 10
0
 20
0
 30
0
 40
0
 41
0
1001
COPRA
1000
2
1001
CrfRollDraw
1000
e8ac4012-9a28-43d8-8960-52289c699bdf
  0
VERTEX
  5
FA1D
330
FA1C
100
AcDbEntity
  8
0-CAD-polyline
 62
     5
100
AcDbVertex
100
AcDb2dVertex
 10
535.0118472793633
 20
-4505.435890345914
 30
0
  0
VERTEX
  5
FA1E
330
FA1C
100
AcDbEntity
  8
0-CAD-polyline
 62
     5
100
AcDbVertex
100
AcDb2dVertex
 10
535.0118155693635
 20
-4582.335793175915
 30
0
  0
VERTEX
  5
FA1F
330
FA1C
100
AcDbEntity
  8
0-CAD-polyline
 62
     5
100
AcDbVertex
100
AcDb2dVertex
 10
536.0118147493631
 20
-4583.335793605915
 30
0
  0
VERTEX
  5
FA20
330
FA1C
100
AcDbEntity
  8
0-CAD-polyline
 62
     5
100
AcDbVertex
100
AcDb2dVertex
 10
548.2118153593633
 20
-4583.335803905913
 30
0
  0
VERTEX
  5
FA21
330
FA1C
100
AcDbEntity
  8
0-CAD-polyline
 62
     5
100
AcDbVertex
100
AcDb2dVertex
 10
549.2118162193633
 20
-4582.335804735914
 30
0
  0
VERTEX
  5
FA22
330
FA1C
100
AcDbEntity
  8
0-CAD-polyline
 62
     5
100
AcDbVertex
100
AcDb2dVertex
 10
549.2118811593632
 20
-4505.435890345914
 30
0
  0
SEQEND
  5
FA23
330
FA1C
100
AcDbEntity
  8
0-CAD-polyline
 62
     5
  0
LINE
  5
FA24
330
2
100
AcDbEntity
  8
0-CAD-polyline
 62
     5
100
AcDbLine
 10
535.0118349087365
 20
-4535.435890345914
 30
0
 11
536.0118349087365
 21
-4535.435890345914
 31
0
  0
LINE
  5
FA25
330
2
100
AcDbEntity
  8
0-CAD-polyline
 62
     5
100
AcDbLine
 10
536.0118349087365
 20
-4535.435890345914
 30
0
 11
536.0118349087365
 21
-4540.435890345914
 31
0
  0
LINE
  5
FA26
330
2
100
AcDbEntity
  8
0-CAD-polyline
 62
     5
100
AcDbLine
 10
536.0118349087365
 20
-4540.435890345914
 30
0
 11
535.0118328469653
 21
-4540.435890345914
 31
0
  0
LINE
  5
FA27
330
2
100
AcDbEntity
  8
0-CAD-polyline
 62
     5
100
AcDbLine
 10
535.0118472793633
 20
-4523.935890345914
 30
0
 11
536.0118472793633
 21
-4522.935890345914
 31
0
  0
LINE
  5
FA28
330
2
100
AcDbEntity
  8
0-CAD-polyline
 62
     5
100
AcDbLine
 10
549.2118813016946
 20
-4523.935890345914
 30
0
 11
548.2118813016946
 21
-4522.935890345914
 31
0
  0
LINE
  5
FA29
330
2
100
AcDbEntity
  8
0-CAD-polyline
 62
     5
100
AcDbLine
 10
536.0118472793633
 20
-4522.935890345914
 30
0
 11
548.2118813016946
 21
-4522.935890345914
 31
0
  0
LINE
  5
FA2A
330
2
100
AcDbEntity
  8
0-CAD-polyline
 62
     5
100
AcDbLine
 10
536.0118472793633
 20
-4522.935890345914
 30
0
 11
536.0118472793633
 21
-4508.435890345914
 31
0
  0
LINE
  5
FA2B
330
2
100
AcDbEntity
  8
0-CAD-polyline
 62
     5
100
AcDbLine
 10
548.2118813016946
 20
-4522.935890345914
 30
0
 11
548.2118813016946
 21
-4508.435890345914
 31
0
  0
LINE
  5
FA2C
330
2
100
AcDbEntity
  8
0-CAD-polyline
 62
     5
100
AcDbLine
 10
535.0118472793633
 20
-4508.435890345914
 30
0
 11
549.2118813016946
 21
-4508.435890345914
 31
0
  0
TEXT
  5
FA2D
330
2
100
AcDbEntity
  8
0-CAD-polyline
 62
     5
100
AcDbText
 10
541.7618637898499
 20
-4503.68589034643
 30
0
 40
3.5
  1
*STR-2-T2
 50
89.99999998310366
  7

 11
540.0118637898499
 21
-4503.685890345914
 31
0
100
AcDbText
 73
     2
  0
TEXT
  5
FA2E
330
2
100
AcDbEntity
  8
0-CAD-polyline
 62
     5
100
AcDbText
 10
545.4368639358813
 20
-4503.685890346275
 30
0
 40
2.449999958276749
  1
2.01 kg
 50
89.99999998310366
  7

 11
544.2118639567429
 21
-4503.685890345914
 31
0
100
AcDbText
 73
     2
  0
LINE
  5
FA2F
330
2
100
AcDbEntity
  8
0-CAD-polyline
 62
     5
100
AcDbLine
 10
550.2118814209039
 20
-4522.935890345914
 30
0
 11
550.2118814209039
 21
-4508.435890345914
 31
0
  0
LINE
  5
FA30
330
2
100
AcDbEntity
  8
0-CAD-polyline
 62
     5
100
AcDbLine
 10
573.1118486145074
 20
-4522.935890345914
 30
0
 11
573.1118486145074
 21
-4508.435890345914
 31
0
  0
LINE
  5
FA31
330
2
100
AcDbEntity
  8
0-CAD-polyline
 62
     5
100
AcDbLine
 10
549.2118814209039
 20
-4508.435890345914
 30
0
 11
574.1118486145074
 21
-4508.435890345914
 31
0
  0
POLYLINE
  5
FA32
330
2
100
AcDbEntity
  8
0-CAD-polyline
 62
     5
100
AcDb2dPolyline
 66
     1
 10
0
 20
0
 30
0
 40
0
 41
0
  0
VERTEX
  5
FA33
330
FA32
100
AcDbEntity
  8
0-CAD-polyline
 62
     5
100
AcDbVertex
100
AcDb2dVertex
 10
549.2118814209039
 20
-4523.935890345914
 30
0
  0
VERTEX
  5
FA34
330
FA32
100
AcDbEntity
  8
0-CAD-polyline
 62
     5
100
AcDbVertex
100
AcDb2dVertex
 10
550.2118814209039
 20
-4522.935890345914
 30
0
  0
VERTEX
  5
FA35
330
FA32
100
AcDbEntity
  8
0-CAD-polyline
 62
     5
100
AcDbVertex
100
AcDb2dVertex
 10
573.1118486145074
 20
-4522.935890345914
 30
0
  0
VERTEX
  5
FA36
330
FA32
100
AcDbEntity
  8
0-CAD-polyline
 62
     5
100
AcDbVertex
100
AcDb2dVertex
 10
574.1118486145074
 20
-4523.935890345914
 30
0
  0
SEQEND
  5
FA37
330
FA32
100
AcDbEntity
  8
0-CAD-polyline
 62
     5
  0
POLYLINE
  5
FA38
330
2
100
AcDbEntity
  8
0-CAD-polyline
 62
     5
100
AcDb2dPolyline
 66
     1
 10
0
 20
0
 30
0
 40
0
 41
0
1001
COPRA
1000
3
1001
CrfRollDraw
1000
66ef2314-d5df-4647-afab-4113b0ffdee3
  0
VERTEX
  5
FA39
330
FA38
100
AcDbEntity
  8
0-CAD-polyline
 62
     5
100
AcDbVertex
100
AcDb2dVertex
 10
549.2118814209039
 20
-4505.435890345914
 30
0
  0
VERTEX
  5
FA3A
330
FA38
100
AcDbEntity
  8
0-CAD-polyline
 62
     5
100
AcDbVertex
100
AcDb2dVertex
 10
549.2118814209039
 20
-4567.335895685914
 30
0
  0
VERTEX
  5
FA3B
330
FA38
100
AcDbEntity
  8
0-CAD-polyline
 62
     5
100
AcDbVertex
100
AcDb2dVertex
 10
550.2118814209039
 20
-4568.335895685914
 30
0
  0
VERTEX
  5
FA3C
330
FA38
100
AcDbEntity
  8
0-CAD-polyline
 62
     5
100
AcDbVertex
100
AcDb2dVertex
 10
573.1117821109037
 20
-4568.335895665914
 30
0
  0
VERTEX
  5
FA3D
330
FA38
100
AcDbEntity
  8
0-CAD-polyline
 62
     5
100
AcDbVertex
100
AcDb2dVertex
 10
574.1117821209041
 20
-4567.335896735915
 30
0
  0
VERTEX
  5
FA3E
330
FA38
100
AcDbEntity
  8
0-CAD-polyline
 62
     5
100
AcDbVertex
100
AcDb2dVertex
 10
574.1118493009039
 20
-4505.435890345914
 30
0
  0
SEQEND
  5
FA3F
330
FA38
100
AcDbEntity
  8
0-CAD-polyline
 62
     5
  0
LINE
  5
FA40
330
2
100
AcDbEntity
  8
0-CAD-polyline
 62
     5
100
AcDbLine
 10
549.2118814209039
 20
-4535.435890345914
 30
0
 11
550.2118814209039
 21
-4535.435890345914
 31
0
  0
LINE
  5
FA41
330
2
100
AcDbEntity
  8
0-CAD-polyline
 62
     5
100
AcDbLine
 10
550.2118814209039
 20
-4535.435890345914
 30
0
 11
550.2118814209039
 21
-4540.435890345914
 31
0
  0
LINE
  5
FA42
330
2
100
AcDbEntity
  8
0-CAD-polyline
 62
     5
100
AcDbLine
 10
550.2118814209039
 20
-4540.435890345914
 30
0
 11
549.2118814209039
 21
-4540.435890345914
 31
0
  0
LINE
  5
FA43
330
2
100
AcDbEntity
  8
0-CAD-polyline
 62
     5
100
AcDbLine
 10
549.2118814209039
 20
-4523.935890345914
 30
0
 11
550.2118814209039
 21
-4522.935890345914
 31
0
  0
LINE
  5
FA44
330
2
100
AcDbEntity
  8
0-CAD-polyline
 62
     5
100
AcDbLine
 10
574.1118486145074
 20
-4523.935890345914
 30
0
 11
573.1118486145074
 21
-4522.935890345914
 31
0
  0
LINE
  5
FA45
330
2
100
AcDbEntity
  8
0-CAD-polyline
 62
     5
100
AcDbLine
 10
550.2118814209039
 20
-4522.935890345914
 30
0
 11
573.1118486145074
 21
-4522.935890345914
 31
0
  0
LINE
  5
FA46
330
2
100
AcDbEntity
  8
0-CAD-polyline
 62
     5
100
AcDbLine
 10
550.2118814209039
 20
-4522.935890345914
 30
0
 11
550.2118814209039
 21
-4508.435890345914
 31
0
  0
LINE
  5
FA47
330
2
100
AcDbEntity
  8
0-CAD-polyline
 62
     5
100
AcDbLine
 10
573.1118486145074
 20
-4522.935890345914
 30
0
 11
573.1118486145074
 21
-4508.435890345914
 31
0
  0
LINE
  5
FA48
330
2
100
AcDbEntity
  8
0-CAD-polyline
 62
     5
100
AcDbLine
 10
549.2118814209039
 20
-4508.435890345914
 30
0
 11
574.1118486145074
 21
-4508.435890345914
 31
0
  0
TEXT
  5
FA49
330
2
100
AcDbEntity
  8
0-CAD-polyline
 62
     5
100
AcDbText
 10
561.3118649342591
 20
-4503.68589034643
 30
0
 40
3.5
  1
*STR-2-T3
 50
89.99999998310366
  7

 11
559.5618649342591
 21
-4503.685890345914
 31
0
100
AcDbText
 73
     2
  0
TEXT
  5
FA4A
330
2
100
AcDbEntity
  8
0-CAD-polyline
 62
     5
100
AcDbText
 10
564.9868650802905
 20
-4503.685890346275
 30
0
 40
2.449999958276749
  1
2.24 kg
 50
89.99999998310366
  7

 11
563.7618651011521
 21
-4503.685890345914
 31
0
100
AcDbText
 73
     2
  0
LINE
  5
FA4B
330
2
100
AcDbEntity
  8
0-CAD-polyline
 62
     5
100
AcDbLine
 10
575.1118486145074
 20
-4522.935890345914
 30
0
 11
575.1118486145074
 21
-4508.435890345914
 31
0
  0
LINE
  5
FA4C
330
2
100
AcDbEntity
  8
0-CAD-polyline
 62
     5
100
AcDbLine
 10
589.6757810333306
 20
-4522.935890345914
 30
0
 11
589.6757810333306
 21
-4508.435890345914
 31
0
  0
LINE
  5
FA4D
330
2
100
AcDbEntity
  8
0-CAD-polyline
 62
     5
100
AcDbLine
 10
574.1118486145074
 20
-4508.435890345914
 30
0
 11
590.6757810333306
 21
-4508.435890345914
 31
0
  0
POLYLINE
  5
FA4E
330
2
100
AcDbEntity
  8
0-CAD-polyline
 62
     5
100
AcDb2dPolyline
 66
     1
 10
0
 20
0
 30
0
 40
0
 41
0
  0
VERTEX
  5
FA4F
330
FA4E
100
AcDbEntity
  8
0-CAD-polyline
 62
     5
100
AcDbVertex
100
AcDb2dVertex
 10
574.1118486145074
 20
-4523.935890345914
 30
0
  0
VERTEX
  5
FA50
330
FA4E
100
AcDbEntity
  8
0-CAD-polyline
 62
     5
100
AcDbVertex
100
AcDb2dVertex
 10
575.1118486145074
 20
-4522.935890345914
 30
0
  0
VERTEX
  5
FA51
330
FA4E
100
AcDbEntity
  8
0-CAD-polyline
 62
     5
100
AcDbVertex
100
AcDb2dVertex
 10
589.6757810333306
 20
-4522.935890345914
 30
0
  0
VERTEX
  5
FA52
330
FA4E
100
AcDbEntity
  8
0-CAD-polyline
 62
     5
100
AcDbVertex
100
AcDb2dVertex
 10
590.6757810333306
 20
-4523.935890345914
 30
0
  0
SEQEND
  5
FA53
330
FA4E
100
AcDbEntity
  8
0-CAD-polyline
 62
     5
  0
POLYLINE
  5
FA54
330
2
100
AcDbEntity
  8
0-CAD-polyline
 62
     5
100
AcDb2dPolyline
 66
     1
 10
0
 20
0
 30
0
 40
0
 41
0
1001
COPRA
1000
4
1001
CrfRollDraw
1000
2ed3e75e-a804-4626-a276-2bfe8502d6c3
  0
VERTEX
  5
FA55
330
FA54
100
AcDbEntity
  8
0-CAD-polyline
 62
     5
100
AcDbVertex
100
AcDb2dVertex
 10
574.1118486145074
 20
-4505.435890345914
 30
0
  0
VERTEX
  5
FA56
330
FA54
100
AcDbEntity
  8
0-CAD-polyline
 62
     5
100
AcDbVertex
100
AcDb2dVertex
 10
574.1118486145074
 20
-4555.135891875914
 30
0
  0
VERTEX
  5
FA57
330
FA54
100
AcDbEntity
  8
0-CAD-polyline
 62
     5
100
AcDbVertex
100
AcDb2dVertex
 10
574.3118486145072
 20
-4555.335891875913
 30
0
  0
VERTEX
  5
FA58
330
FA54
100
AcDbEntity
  8
0-CAD-polyline
 62
     5
100
AcDbVertex
100
AcDb2dVertex
 10
575.5118486145075
 20
-4555.335891875913
 30
0
  0
VERTEX
  5
FA59
330
FA54
100
AcDbEntity
  8
0-CAD-polyline
 62
     5
100
AcDbVertex
100
AcDb2dVertex
 10
575.5118486145075
 20
-4581.335891915915
 30
0
  0
VERTEX
  5
FA5A
330
FA54
100
AcDbEntity
  8
0-CAD-polyline
 62
     5
100
AcDbVertex
100
AcDb2dVertex
 10
578.5118485845073
 20
-4584.335891885914
 30
0
  0
VERTEX
  5
FA5B
330
FA54
100
AcDbEntity
  8
0-CAD-polyline
 62
     5
100
AcDbVertex
100
AcDb2dVertex
 10
589.6757803045075
 20
-4584.335891875913
 30
0
  0
VERTEX
  5
FA5C
330
FA54
100
AcDbEntity
  8
0-CAD-polyline
 62
     5
100
AcDbVertex
100
AcDb2dVertex
 10
590.6757803045075
 20
-4583.335891875913
 30
0
  0
VERTEX
  5
FA5D
330
FA54
100
AcDbEntity
  8
0-CAD-polyline
 62
     5
100
AcDbVertex
100
AcDb2dVertex
 10
590.6757802745074
 20
-4505.435890345914
 30
0
  0
SEQEND
  5
FA5E
330
FA54
100
AcDbEntity
  8
0-CAD-polyline
 62
     5
  0
LINE
  5
FA5F
330
2
100
AcDbEntity
  8
0-CAD-polyline
 62
     5
100
AcDbLine
 10
574.1118486145074
 20
-4535.435890345914
 30
0
 11
575.1118486145074
 21
-4535.435890345914
 31
0
  0
LINE
  5
FA60
330
2
100
AcDbEntity
  8
0-CAD-polyline
 62
     5
100
AcDbLine
 10
575.1118486145074
 20
-4535.435890345914
 30
0
 11
575.1118486145074
 21
-4540.435890345914
 31
0
  0
LINE
  5
FA61
330
2
100
AcDbEntity
  8
0-CAD-polyline
 62
     5
100
AcDbLine
 10
575.1118486145074
 20
-4540.435890345914
 30
0
 11
574.1118486145074
 21
-4540.435890345914
 31
0
  0
LINE
  5
FA62
330
2
100
AcDbEntity
  8
0-CAD-polyline
 62
     5
100
AcDbLine
 10
574.1118486145074
 20
-4523.935890345914
 30
0
 11
575.1118486145074
 21
-4522.935890345914
 31
0
  0
LINE
  5
FA63
330
2
100
AcDbEntity
  8
0-CAD-polyline
 62
     5
100
AcDbLine
 10
590.6757810333306
 20
-4523.935890345914
 30
0
 11
589.6757810333306
 21
-4522.935890345914
 31
0
  0
LINE
  5
FA64
330
2
100
AcDbEntity
  8
0-CAD-polyline
 62
     5
100
AcDbLine
 10
575.1118486145074
 20
-4522.935890345914
 30
0
 11
589.6757810333306
 21
-4522.935890345914
 31
0
  0
LINE
  5
FA65
330
2
100
AcDbEntity
  8
0-CAD-polyline
 62
     5
100
AcDbLine
 10
575.1118486145074
 20
-4522.935890345914
 30
0
 11
575.1118486145074
 21
-4508.435890345914
 31
0
  0
LINE
  5
FA66
330
2
100
AcDbEntity
  8
0-CAD-polyline
 62
     5
100
AcDbLine
 10
589.6757810333306
 20
-4522.935890345914
 30
0
 11
589.6757810333306
 21
-4508.435890345914
 31
0
  0
LINE
  5
FA67
330
2
100
AcDbEntity
  8
0-CAD-polyline
 62
     5
100
AcDbLine
 10
574.1118486145074
 20
-4508.435890345914
 30
0
 11
590.6757810333306
 21
-4508.435890345914
 31
0
  0
TEXT
  5
FA68
330
2
100
AcDbEntity
  8
0-CAD-polyline
 62
     5
100
AcDbText
 10
582.0438137867982
 20
-4503.68589034643
 30
0
 40
3.5
  1
*STR-2-T4
 50
89.99999998310366
  7

 11
580.2938137867982
 21
-4503.685890345914
 31
0
100
AcDbText
 73
     2
  0
TEXT
  5
FA69
330
2
100
AcDbEntity
  8
0-CAD-polyline
 62
     5
100
AcDbText
 10
585.7188139328296
 20
-4503.685890346275
 30
0
 40
2.449999958276749
  1
2.28 kg
 50
89.99999998310366
  7

 11
584.4938139536912
 21
-4503.685890345914
 31
0
100
AcDbText
 73
     2
  0
LINE
  5
FA6A
330
2
100
AcDbEntity
  8
0-CAD-polyline
 62
     1
100
AcDbLine
 10
506.6865613678033
 20
-4583.835792689664
 30
0
 11
600.6877134063775
 21
-4583.835792689664
 31
0
  0
TEXT
  5
FA6B
330
2
100
AcDbEntity
  8
0-CAD-polyline
100
AcDbText
 10
486.6865613678033
 20
-4582.835792689664
 30
0
 40
10
  1
15
  7

 11
0
 21
0
 31
0
100
AcDbText
  0
POLYLINE
  5
FA6C
330
2
100
AcDbEntity
  8
0-CAD-polyline
 62
     5
100
AcDb2dPolyline
 66
     1
 10
0
 20
0
 30
0
 40
0
 41
0
  0
VERTEX
  5
FA6D
330
FA6C
100
AcDbEntity
  8
0-CAD-polyline
 62
     5
100
AcDbVertex
100
AcDb2dVertex
 10
534.8118474700982
 20
-4855.335792689664
 30
0
  0
VERTEX
  5
FA6E
330
FA6C
100
AcDbEntity
  8
0-CAD-polyline
 62
     5
100
AcDbVertex
100
AcDb2dVertex
 10
533.8118474700982
 20
-4855.335792689664
 30
0
  0
VERTEX
  5
FA6F
330
FA6C
100
AcDbEntity
  8
0-CAD-polyline
 62
     5
100
AcDbVertex
100
AcDb2dVertex
 10
533.8118474700982
 20
-4882.335792689664
 30
0
  0
VERTEX
  5
FA70
330
FA6C
100
AcDbEntity
  8
0-CAD-polyline
 62
     5
100
AcDbVertex
100
AcDb2dVertex
 10
535.8118474700982
 20
-4884.335792689664
 30
0
  0
VERTEX
  5
FA71
330
FA6C
100
AcDbEntity
  8
0-CAD-polyline
 62
     5
100
AcDbVertex
100
AcDb2dVertex
 10
542.0618550994927
 20
-4884.335792689664
 30
0
  0
VERTEX
  5
FA72
330
FA6C
100
AcDbEntity
  8
0-CAD-polyline
 62
     5
100
AcDbVertex
100
AcDb2dVertex
 10
548.3118474700982
 20
-4884.335792689664
 30
0
  0
VERTEX
  5
FA73
330
FA6C
100
AcDbEntity
  8
0-CAD-polyline
 62
     5
100
AcDbVertex
100
AcDb2dVertex
 10
550.3118474700982
 20
-4882.335792689664
 30
0
  0
VERTEX
  5
FA74
330
FA6C
100
AcDbEntity
  8
0-CAD-polyline
 62
     5
100
AcDbVertex
100
AcDb2dVertex
 10
550.3118474700982
 20
-4870.335792689664
 30
0
  0
VERTEX
  5
FA75
330
FA6C
100
AcDbEntity
  8
0-CAD-polyline
 62
     5
100
AcDbVertex
100
AcDb2dVertex
 10
551.3118474700982
 20
-4869.335792689664
 30
0
  0
VERTEX
  5
FA76
330
FA6C
100
AcDbEntity
  8
0-CAD-polyline
 62
     5
100
AcDbVertex
100
AcDb2dVertex
 10
573.3118474700982
 20
-4869.335792689664
 30
0
  0
VERTEX
  5
FA77
330
FA6C
100
AcDbEntity
  8
0-CAD-polyline
 62
     5
100
AcDbVertex
100
AcDb2dVertex
 10
575.3118474700982
 20
-4867.335792689664
 30
0
  0
VERTEX
  5
FA78
330
FA6C
100
AcDbEntity
  8
0-CAD-polyline
 62
     5
100
AcDbVertex
100
AcDb2dVertex
 10
575.3118474700982
 20
-4855.335792689664
 30
0
  0
VERTEX
  5
FA79
330
FA6C
100
AcDbEntity
  8
0-CAD-polyline
 62
     5
100
AcDbVertex
100
AcDb2dVertex
 10
574.3118474700982
 20
-4855.335792689664
 30
0
  0
VERTEX
  5
FA7A
330
FA6C
100
AcDbEntity
  8
0-CAD-polyline
 62
     5
100
AcDbVertex
100
AcDb2dVertex
 10
574.3118474700982
 20
-4867.335792689664
 30
0
  0
VERTEX
  5
FA7B
330
FA6C
100
AcDbEntity
  8
0-CAD-polyline
 62
     5
100
AcDbVertex
100
AcDb2dVertex
 10
573.3118474700982
 20
-4868.335792689664
 30
0
  0
VERTEX
  5
FA7C
330
FA6C
100
AcDbEntity
  8
0-CAD-polyline
 62
     5
100
AcDbVertex
100
AcDb2dVertex
 10
551.3118474700982
 20
-4868.335792689664
 30
0
  0
VERTEX
  5
FA7D
330
FA6C
100
AcDbEntity
  8
0-CAD-polyline
 62
     5
100
AcDbVertex
100
AcDb2dVertex
 10
549.3118474700982
 20
-4870.335792689664
 30
0
  0
VERTEX
  5
FA7E
330
FA6C
100
AcDbEntity
  8
0-CAD-polyline
 62
     5
100
AcDbVertex
100
AcDb2dVertex
 10
549.3118474700982
 20
-4882.335792689664
 30
0
  0
VERTEX
  5
FA7F
330
FA6C
100
AcDbEntity
  8
0-CAD-polyline
 62
     5
100
AcDbVertex
100
AcDb2dVertex
 10
548.3118474700982
 20
-4883.335792689664
 30
0
  0
VERTEX
  5
FA80
330
FA6C
100
AcDbEntity
  8
0-CAD-polyline
 62
     5
100
AcDbVertex
100
AcDb2dVertex
 10
542.0618550994927
 20
-4883.335792689664
 30
0
  0
VERTEX
  5
FA81
330
FA6C
100
AcDbEntity
  8
0-CAD-polyline
 62
     5
100
AcDbVertex
100
AcDb2dVertex
 10
535.8118474700982
 20
-4883.335792689664
 30
0
  0
VERTEX
  5
FA82
330
FA6C
100
AcDbEntity
  8
0-CAD-polyline
 62
     5
100
AcDbVertex
100
AcDb2dVertex
 10
534.8118474700982
 20
-4882.335792689664
 30
0
  0
VERTEX
  5
FA83
330
FA6C
100
AcDbEntity
  8
0-CAD-polyline
 62
     5
100
AcDbVertex
100
AcDb2dVertex
 10
534.8118474700982
 20
-4855.335792689664
 30
0
  0
SEQEND
  5
FA84
330
FA6C
100
AcDbEntity
  8
0-CAD-polyline
  0
LINE
  5
FA85
330
2
100
AcDbEntity
  8
0-CAD-polyline
 62
     5
100
AcDbLine
 10
533.8118474700982
 20
-4882.335792689664
 30
0
 11
534.8118474700982
 21
-4882.335792689664
 31
0
  0
LINE
  5
FA86
330
2
100
AcDbEntity
  8
0-CAD-polyline
 62
     5
100
AcDbLine
 10
535.8118474700982
 20
-4884.335792689664
 30
0
 11
535.8118474700982
 21
-4883.335792689664
 31
0
  0
LINE
  5
FA87
330
2
100
AcDbEntity
  8
0-CAD-polyline
 62
     5
100
AcDbLine
 10
542.0618550994927
 20
-4884.335792689664
 30
0
 11
542.0618550994927
 21
-4883.335792689664
 31
0
  0
LINE
  5
FA88
330
2
100
AcDbEntity
  8
0-CAD-polyline
 62
     5
100
AcDbLine
 10
548.3118474700982
 20
-4884.335792689664
 30
0
 11
548.3118474700982
 21
-4883.335792689664
 31
0
  0
LINE
  5
FA89
330
2
100
AcDbEntity
  8
0-CAD-polyline
 62
     5
100
AcDbLine
 10
550.3118474700982
 20
-4882.335792689664
 30
0
 11
549.3118474700982
 21
-4882.335792689664
 31
0
  0
LINE
  5
FA8A
330
2
100
AcDbEntity
  8
0-CAD-polyline
 62
     5
100
AcDbLine
 10
550.3118474700982
 20
-4870.335792689664
 30
0
 11
549.3118474700982
 21
-4870.335792689664
 31
0
  0
LINE
  5
FA8B
330
2
100
AcDbEntity
  8
0-CAD-polyline
 62
     5
100
AcDbLine
 10
551.3118474700982
 20
-4869.335792689664
 30
0
 11
551.3118474700982
 21
-4868.335792689664
 31
0
  0
LINE
  5
FA8C
330
2
100
AcDbEntity
  8
0-CAD-polyline
 62
     5
100
AcDbLine
 10
573.3118474700982
 20
-4869.335792689664
 30
0
 11
573.3118474700982
 21
-4868.335792689664
 31
0
  0
LINE
  5
FA8D
330
2
100
AcDbEntity
  8
0-CAD-polyline
 62
     5
100
AcDbLine
 10
575.3118474700982
 20
-4867.335792689664
 30
0
 11
574.3118474700982
 21
-4867.335792689664
 31
0
  0
LINE
  5
FA8E
330
2
100
AcDbEntity
  8
0-CAD-polyline
 62
     1
100
AcDbLine
 10
662.0618589133305
 20
-4805.436020048413
 30
0
 11
422.0618589133305
 21
-4805.436020048413
 31
0
1001
COPRA_AXIS
1000
e66c0077-2460-4a4a-8404-0d60eb7c0721
  0
LINE
  5
FA8F
330
2
100
AcDbEntity
  8
0-CAD-polyline
 62
     1
100
AcDbLine
 10
422.0618589133305
 20
-4925.436020048413
 30
0
 11
662.0618589133305
 21
-4925.436020048413
 31
0
1001
COPRA_AXIS
1000
ce65f41f-733c-4f58-acb7-f99bf2e2f3f8
  0
LINE
  5
FA90
330
2
100
AcDbEntity
  8
0-CAD-polyline
 62
     1
100
AcDbLine
 10
521.6757810333306
 20
-4907.935890345914
 30
0
 11
521.6757810333306
 21
-4922.435890345914
 31
0
  0
LINE
  5
FA91
330
2
100
AcDbEntity
  8
0-CAD-polyline
 62
     1
100
AcDbLine
 10
532.7618844726617
 20
-4907.935890345914
 30
0
 11
532.7618844726617
 21
-4922.435890345914
 31
0
  0
LINE
  5
FA92
330
2
100
AcDbEntity
  8
0-CAD-polyline
 62
     1
100
AcDbLine
 10
520.6757810333306
 20
-4922.435890345914
 30
0
 11
533.7618844726617
 21
-4922.435890345914
 31
0
  0
POLYLINE
  5
FA93
330
2
100
AcDbEntity
  8
0-CAD-polyline
 62
     1
100
AcDb2dPolyline
 66
     1
 10
0
 20
0
 30
0
 40
0
 41
0
  0
VERTEX
  5
FA94
330
FA93
100
AcDbEntity
  8
0-CAD-polyline
 62
     1
100
AcDbVertex
100
AcDb2dVertex
 10
520.6757810333306
 20
-4906.935890345914
 30
0
  0
VERTEX
  5
FA95
330
FA93
100
AcDbEntity
  8
0-CAD-polyline
 62
     1
100
AcDbVertex
100
AcDb2dVertex
 10
521.6757810333306
 20
-4907.935890345914
 30
0
  0
VERTEX
  5
FA96
330
FA93
100
AcDbEntity
  8
0-CAD-polyline
 62
     1
100
AcDbVertex
100
AcDb2dVertex
 10
532.7618844726617
 20
-4907.935890345914
 30
0
  0
VERTEX
  5
FA97
330
FA93
100
AcDbEntity
  8
0-CAD-polyline
 62
     1
100
AcDbVertex
100
AcDb2dVertex
 10
533.7618844726617
 20
-4906.935890345914
 30
0
  0
SEQEND
  5
FA98
330
FA93
100
AcDbEntity
  8
0-CAD-polyline
 62
     1
  0
POLYLINE
  5
FA99
330
2
100
AcDbEntity
  8
0-CAD-polyline
 62
     1
100
AcDb2dPolyline
 66
     1
 10
0
 20
0
 30
0
 40
0
 41
0
1001
COPRA
1000
2
1001
CrfRollDraw
1000
cd5ebcf2-a6c5-48ab-9302-aedf5347f0f1
  0
VERTEX
  5
FA9A
330
FA99
100
AcDbEntity
  8
0-CAD-polyline
 62
     1
100
AcDbVertex
100
AcDb2dVertex
 10
520.6757810333306
 20
-4925.435890345914
 30
0
  0
VERTEX
  5
FA9B
330
FA99
100
AcDbEntity
  8
0-CAD-polyline
 62
     1
100
AcDbVertex
100
AcDb2dVertex
 10
520.6757810333306
 20
-4846.435893775913
 30
0
  0
VERTEX
  5
FA9C
330
FA99
100
AcDbEntity
  8
0-CAD-polyline
 62
     1
100
AcDbVertex
100
AcDb2dVertex
 10
521.6757810333306
 20
-4845.435893775913
 30
0
  0
VERTEX
  5
FA9D
330
FA99
100
AcDbEntity
  8
0-CAD-polyline
 62
     1
100
AcDbVertex
100
AcDb2dVertex
 10
523.7618943233306
 20
-4845.435892245914
 30
0
  0
VERTEX
  5
FA9E
330
FA99
100
AcDbEntity
  8
0-CAD-polyline
 62
     1
100
AcDbVertex
100
AcDb2dVertex
 10
533.7618885833308
 20
-4855.435886695914
 30
0
  0
VERTEX
  5
FA9F
330
FA99
100
AcDbEntity
  8
0-CAD-polyline
 62
     1
100
AcDbVertex
100
AcDb2dVertex
 10
533.7618848833308
 20
-4925.435890345914
 30
0
  0
SEQEND
  5
FAA0
330
FA99
100
AcDbEntity
  8
0-CAD-polyline
 62
     1
  0
LINE
  5
FAA1
330
2
100
AcDbEntity
  8
0-CAD-polyline
 62
     1
100
AcDbLine
 10
520.6757810333306
 20
-4895.435890345914
 30
0
 11
521.6757810333306
 21
-4895.435890345914
 31
0
  0
LINE
  5
FAA2
330
2
100
AcDbEntity
  8
0-CAD-polyline
 62
     1
100
AcDbLine
 10
521.6757810333306
 20
-4895.435890345914
 30
0
 11
521.6757810333306
 21
-4890.435890345914
 31
0
  0
LINE
  5
FAA3
330
2
100
AcDbEntity
  8
0-CAD-polyline
 62
     1
100
AcDbLine
 10
521.6757810333306
 20
-4890.435890345914
 30
0
 11
520.6757810333306
 21
-4890.435890345914
 31
0
  0
LINE
  5
FAA4
330
2
100
AcDbEntity
  8
0-CAD-polyline
 62
     1
100
AcDbLine
 10
520.6757810333306
 20
-4906.935890345914
 30
0
 11
521.6757810333306
 21
-4907.935890345914
 31
0
  0
LINE
  5
FAA5
330
2
100
AcDbEntity
  8
0-CAD-polyline
 62
     1
100
AcDbLine
 10
533.7618844726617
 20
-4906.935890345914
 30
0
 11
532.7618844726617
 21
-4907.935890345914
 31
0
  0
LINE
  5
FAA6
330
2
100
AcDbEntity
  8
0-CAD-polyline
 62
     1
100
AcDbLine
 10
521.6757810333306
 20
-4907.935890345914
 30
0
 11
532.7618844726617
 21
-4907.935890345914
 31
0
  0
LINE
  5
FAA7
330
2
100
AcDbEntity
  8
0-CAD-polyline
 62
     1
100
AcDbLine
 10
521.6757810333306
 20
-4907.935890345914
 30
0
 11
521.6757810333306
 21
-4922.435890345914
 31
0
  0
LINE
  5
FAA8
330
2
100
AcDbEntity
  8
0-CAD-polyline
 62
     1
100
AcDbLine
 10
532.7618844726617
 20
-4907.935890345914
 30
0
 11
532.7618844726617
 21
-4922.435890345914
 31
0
  0
LINE
  5
FAA9
330
2
100
AcDbEntity
  8
0-CAD-polyline
 62
     1
100
AcDbLine
 10
520.6757810333306
 20
-4922.435890345914
 30
0
 11
533.7618844726617
 21
-4922.435890345914
 31
0
  0
TEXT
  5
FAAA
330
2
100
AcDbEntity
  8
0-CAD-polyline
 62
     1
100
AcDbText
 10
526.8688336164635
 20
-4950.11089034643
 30
0
 40
3.5
  1
*STR-3-B1
 50
89.99999998310366
  7

 72
     2
 11
525.118833623224
 21
-4927.185890345914
 31
0
100
AcDbText
 73
     2
  0
TEXT
  5
FAAB
330
2
100
AcDbEntity
  8
0-CAD-polyline
 62
     1
100
AcDbText
 10
530.5438337659268
 20
-4938.472851692521
 30
0
 40
2.449999958276749
  1
1.88 kg
 50
89.99999998310366
  7

 72
     2
 11
529.318833790117
 21
-4927.185890345914
 31
0
100
AcDbText
 73
     2
  0
LINE
  5
FAAC
330
2
100
AcDbEntity
  8
0-CAD-polyline
 62
     1
100
AcDbLine
 10
534.761882565313
 20
-4907.935890345914
 30
0
 11
534.761882565313
 21
-4922.435890345914
 31
0
  0
LINE
  5
FAAD
330
2
100
AcDbEntity
  8
0-CAD-polyline
 62
     1
100
AcDbLine
 10
549.4118825712735
 20
-4907.935890345914
 30
0
 11
549.4118825712735
 21
-4922.435890345914
 31
0
  0
LINE
  5
FAAE
330
2
100
AcDbEntity
  8
0-CAD-polyline
 62
     1
100
AcDbLine
 10
533.761882565313
 20
-4922.435890345914
 30
0
 11
550.4118825712735
 21
-4922.435890345914
 31
0
  0
POLYLINE
  5
FAAF
330
2
100
AcDbEntity
  8
0-CAD-polyline
 62
     1
100
AcDb2dPolyline
 66
     1
 10
0
 20
0
 30
0
 40
0
 41
0
  0
VERTEX
  5
FAB0
330
FAAF
100
AcDbEntity
  8
0-CAD-polyline
 62
     1
100
AcDbVertex
100
AcDb2dVertex
 10
533.761882565313
 20
-4906.935890345914
 30
0
  0
VERTEX
  5
FAB1
330
FAAF
100
AcDbEntity
  8
0-CAD-polyline
 62
     1
100
AcDbVertex
100
AcDb2dVertex
 10
534.761882565313
 20
-4907.935890345914
 30
0
  0
VERTEX
  5
FAB2
330
FAAF
100
AcDbEntity
  8
0-CAD-polyline
 62
     1
100
AcDbVertex
100
AcDb2dVertex
 10
549.4118825712735
 20
-4907.935890345914
 30
0
  0
VERTEX
  5
FAB3
330
FAAF
100
AcDbEntity
  8
0-CAD-polyline
 62
     1
100
AcDbVertex
100
AcDb2dVertex
 10
550.4118825712735
 20
-4906.935890345914
 30
0
  0
SEQEND
  5
FAB4
330
FAAF
100
AcDbEntity
  8
0-CAD-polyline
 62
     1
  0
POLYLINE
  5
FAB5
330
2
100
AcDbEntity
  8
0-CAD-polyline
 62
     1
100
AcDb2dPolyline
 66
     1
 10
0
 20
0
 30
0
 40
0
 41
0
1001
COPRA
1000
3
1001
CrfRollDraw
1000
da2cb03f-a44c-4e0c-b5f6-a6d9138cbb8a
  0
VERTEX
  5
FAB6
330
FAB5
100
AcDbEntity
  8
0-CAD-polyline
 62
     1
100
AcDbVertex
100
AcDb2dVertex
 10
533.761882565313
 20
-4925.435890345914
 30
0
  0
VERTEX
  5
FAB7
330
FAB5
100
AcDbEntity
  8
0-CAD-polyline
 62
     1
100
AcDbVertex
100
AcDb2dVertex
 10
533.761882565313
 20
-4885.335891035913
 30
0
  0
VERTEX
  5
FAB8
330
FAB5
100
AcDbEntity
  8
0-CAD-polyline
 62
     1
100
AcDbVertex
100
AcDb2dVertex
 10
534.7618826253129
 20
-4884.335891035913
 30
0
  0
VERTEX
  5
FAB9
330
FAB5
100
AcDbEntity
  8
0-CAD-polyline
 62
     1
100
AcDbVertex
100
AcDb2dVertex
 10
549.411882625313
 20
-4884.335891915915
 30
0
  0
VERTEX
  5
FABA
330
FAB5
100
AcDbEntity
  8
0-CAD-polyline
 62
     1
100
AcDbVertex
100
AcDb2dVertex
 10
550.4118825653131
 20
-4885.335891915915
 30
0
  0
VERTEX
  5
FABB
330
FAB5
100
AcDbEntity
  8
0-CAD-polyline
 62
     1
100
AcDbVertex
100
AcDb2dVertex
 10
550.4118825653131
 20
-4925.435890345914
 30
0
  0
SEQEND
  5
FABC
330
FAB5
100
AcDbEntity
  8
0-CAD-polyline
 62
     1
  0
LINE
  5
FABD
330
2
100
AcDbEntity
  8
0-CAD-polyline
 62
     1
100
AcDbLine
 10
533.761882565313
 20
-4895.435890345914
 30
0
 11
534.761882565313
 21
-4895.435890345914
 31
0
  0
LINE
  5
FABE
330
2
100
AcDbEntity
  8
0-CAD-polyline
 62
     1
100
AcDbLine
 10
534.761882565313
 20
-4895.435890345914
 30
0
 11
534.761882565313
 21
-4890.435890345914
 31
0
  0
LINE
  5
FABF
330
2
100
AcDbEntity
  8
0-CAD-polyline
 62
     1
100
AcDbLine
 10
534.761882565313
 20
-4890.435890345914
 30
0
 11
533.761882565313
 21
-4890.435890345914
 31
0
  0
LINE
  5
FAC0
330
2
100
AcDbEntity
  8
0-CAD-polyline
 62
     1
100
AcDbLine
 10
533.761882565313
 20
-4906.935890345914
 30
0
 11
534.761882565313
 21
-4907.935890345914
 31
0
  0
LINE
  5
FAC1
330
2
100
AcDbEntity
  8
0-CAD-polyline
 62
     1
100
AcDbLine
 10
550.4118825712735
 20
-4906.935890345914
 30
0
 11
549.4118825712735
 21
-4907.935890345914
 31
0
  0
LINE
  5
FAC2
330
2
100
AcDbEntity
  8
0-CAD-polyline
 62
     1
100
AcDbLine
 10
534.761882565313
 20
-4907.935890345914
 30
0
 11
549.4118825712735
 21
-4907.935890345914
 31
0
  0
LINE
  5
FAC3
330
2
100
AcDbEntity
  8
0-CAD-polyline
 62
     1
100
AcDbLine
 10
534.761882565313
 20
-4907.935890345914
 30
0
 11
534.761882565313
 21
-4922.435890345914
 31
0
  0
LINE
  5
FAC4
330
2
100
AcDbEntity
  8
0-CAD-polyline
 62
     1
100
AcDbLine
 10
549.4118825712735
 20
-4907.935890345914
 30
0
 11
549.4118825712735
 21
-4922.435890345914
 31
0
  0
LINE
  5
FAC5
330
2
100
AcDbEntity
  8
0-CAD-polyline
 62
     1
100
AcDbLine
 10
533.761882565313
 20
-4922.435890345914
 30
0
 11
550.4118825712735
 21
-4922.435890345914
 31
0
  0
TEXT
  5
FAC6
330
2
100
AcDbEntity
  8
0-CAD-polyline
 62
     1
100
AcDbText
 10
541.7368822843712
 20
-4950.11089034643
 30
0
 40
3.5
  1
*STR-3-B2
 50
89.99999998310366
  7

 72
     2
 11
539.9868822911317
 21
-4927.185890345914
 31
0
100
AcDbText
 73
     2
  0
TEXT
  5
FAC7
330
2
100
AcDbEntity
  8
0-CAD-polyline
 62
     1
100
AcDbText
 10
545.4118824338345
 20
-4938.472851692521
 30
0
 40
2.449999958276749
  1
0.56 kg
 50
89.99999998310366
  7

 72
     2
 11
544.1868824580247
 21
-4927.185890345914
 31
0
100
AcDbText
 73
     2
  0
LINE
  5
FAC8
330
2
100
AcDbEntity
  8
0-CAD-polyline
 62
     1
100
AcDbLine
 10
551.4118830481107
 20
-4907.935890345914
 30
0
 11
551.4118830481107
 21
-4922.435890345914
 31
0
  0
LINE
  5
FAC9
330
2
100
AcDbEntity
  8
0-CAD-polyline
 62
     1
100
AcDbLine
 10
574.4117830017144
 20
-4907.935890345914
 30
0
 11
574.4117830017144
 21
-4922.435890345914
 31
0
  0
LINE
  5
FACA
330
2
100
AcDbEntity
  8
0-CAD-polyline
 62
     1
100
AcDbLine
 10
550.4118830481107
 20
-4922.435890345914
 30
0
 11
575.4117830017144
 21
-4922.435890345914
 31
0
  0
POLYLINE
  5
FACB
330
2
100
AcDbEntity
  8
0-CAD-polyline
 62
     1
100
AcDb2dPolyline
 66
     1
 10
0
 20
0
 30
0
 40
0
 41
0
  0
VERTEX
  5
FACC
330
FACB
100
AcDbEntity
  8
0-CAD-polyline
 62
     1
100
AcDbVertex
100
AcDb2dVertex
 10
550.4118830481107
 20
-4906.935890345914
 30
0
  0
VERTEX
  5
FACD
330
FACB
100
AcDbEntity
  8
0-CAD-polyline
 62
     1
100
AcDbVertex
100
AcDb2dVertex
 10
551.4118830481107
 20
-4907.935890345914
 30
0
  0
VERTEX
  5
FACE
330
FACB
100
AcDbEntity
  8
0-CAD-polyline
 62
     1
100
AcDbVertex
100
AcDb2dVertex
 10
574.4117830017144
 20
-4907.935890345914
 30
0
  0
VERTEX
  5
FACF
330
FACB
100
AcDbEntity
  8
0-CAD-polyline
 62
     1
100
AcDbVertex
100
AcDb2dVertex
 10
575.4117830017144
 20
-4906.935890345914
 30
0
  0
SEQEND
  5
FAD0
330
FACB
100
AcDbEntity
  8
0-CAD-polyline
 62
     1
  0
POLYLINE
  5
FAD1
330
2
100
AcDbEntity
  8
0-CAD-polyline
 62
     1
100
AcDb2dPolyline
 66
     1
 10
0
 20
0
 30
0
 40
0
 41
0
1001
COPRA
1000
4
1001
CrfRollDraw
1000
4de918fe-8957-49aa-9980-064e6ea8d0ea
  0
VERTEX
  5
FAD2
330
FAD1
100
AcDbEntity
  8
0-CAD-polyline
 62
     1
100
AcDbVertex
100
AcDb2dVertex
 10
550.4118830481107
 20
-4925.435890345914
 30
0
  0
VERTEX
  5
FAD3
330
FAD1
100
AcDbEntity
  8
0-CAD-polyline
 62
     1
100
AcDbVertex
100
AcDb2dVertex
 10
550.4118826181107
 20
-4870.335997565913
 30
0
  0
VERTEX
  5
FAD4
330
FAD1
100
AcDbEntity
  8
0-CAD-polyline
 62
     1
100
AcDbVertex
100
AcDb2dVertex
 10
551.4118819081104
 20
-4869.335998255914
 30
0
  0
VERTEX
  5
FAD5
330
FAD1
100
AcDbEntity
  8
0-CAD-polyline
 62
     1
100
AcDbVertex
100
AcDb2dVertex
 10
574.4117823481106
 20
-4869.335998945913
 30
0
  0
VERTEX
  5
FAD6
330
FAD1
100
AcDbEntity
  8
0-CAD-polyline
 62
     1
100
AcDbVertex
100
AcDb2dVertex
 10
575.4117823181105
 20
-4870.335998945913
 30
0
  0
VERTEX
  5
FAD7
330
FAD1
100
AcDbEntity
  8
0-CAD-polyline
 62
     1
100
AcDbVertex
100
AcDb2dVertex
 10
575.4117823181105
 20
-4925.435890345914
 30
0
  0
SEQEND
  5
FAD8
330
FAD1
100
AcDbEntity
  8
0-CAD-polyline
 62
     1
  0
LINE
  5
FAD9
330
2
100
AcDbEntity
  8
0-CAD-polyline
 62
     1
100
AcDbLine
 10
550.4118828139849
 20
-4895.435890345914
 30
0
 11
551.4118828139849
 21
-4895.435890345914
 31
0
  0
LINE
  5
FADA
330
2
100
AcDbEntity
  8
0-CAD-polyline
 62
     1
100
AcDbLine
 10
551.4118828139849
 20
-4895.435890345914
 30
0
 11
551.4118828139849
 21
-4890.435890345914
 31
0
  0
LINE
  5
FADB
330
2
100
AcDbEntity
  8
0-CAD-polyline
 62
     1
100
AcDbLine
 10
551.4118828139849
 20
-4890.435890345914
 30
0
 11
550.4118827749703
 21
-4890.435890345914
 31
0
  0
LINE
  5
FADC
330
2
100
AcDbEntity
  8
0-CAD-polyline
 62
     1
100
AcDbLine
 10
550.4118830481107
 20
-4906.935890345914
 30
0
 11
551.4118830481107
 21
-4907.935890345914
 31
0
  0
LINE
  5
FADD
330
2
100
AcDbEntity
  8
0-CAD-polyline
 62
     1
100
AcDbLine
 10
575.4117830017144
 20
-4906.935890345914
 30
0
 11
574.4117830017144
 21
-4907.935890345914
 31
0
  0
LINE
  5
FADE
330
2
100
AcDbEntity
  8
0-CAD-polyline
 62
     1
100
AcDbLine
 10
551.4118830481107
 20
-4907.935890345914
 30
0
 11
574.4117830017144
 21
-4907.935890345914
 31
0
  0
LINE
  5
FADF
330
2
100
AcDbEntity
  8
0-CAD-polyline
 62
     1
100
AcDbLine
 10
551.4118830481107
 20
-4907.935890345914
 30
0
 11
551.4118830481107
 21
-4922.435890345914
 31
0
  0
LINE
  5
FAE0
330
2
100
AcDbEntity
  8
0-CAD-polyline
 62
     1
100
AcDbLine
 10
574.4117830017144
 20
-4907.935890345914
 30
0
 11
574.4117830017144
 21
-4922.435890345914
 31
0
  0
LINE
  5
FAE1
330
2
100
AcDbEntity
  8
0-CAD-polyline
 62
     1
100
AcDbLine
 10
550.4118830481107
 20
-4922.435890345914
 30
0
 11
575.4117830017144
 21
-4922.435890345914
 31
0
  0
TEXT
  5
FAE2
330
2
100
AcDbEntity
  8
0-CAD-polyline
 62
     1
100
AcDbText
 10
562.5618325025719
 20
-4950.11089034643
 30
0
 40
3.5
  1
*STR-3-B3
 50
89.99999998310366
  7

 72
     2
 11
560.8118325093324
 21
-4927.185890345914
 31
0
100
AcDbText
 73
     2
  0
TEXT
  5
FAE3
330
2
100
AcDbEntity
  8
0-CAD-polyline
 62
     1
100
AcDbText
 10
566.2368326520352
 20
-4938.472851692521
 30
0
 40
2.449999958276749
  1
1.75 kg
 50
89.99999998310366
  7

 72
     2
 11
565.0118326762254
 21
-4927.185890345914
 31
0
100
AcDbText
 73
     2
  0
LINE
  5
FAE4
330
2
100
AcDbEntity
  8
0-CAD-polyline
 62
     1
100
AcDbLine
 10
576.4117944458062
 20
-4907.935890345914
 30
0
 11
576.4117944458062
 21
-4922.435890345914
 31
0
  0
LINE
  5
FAE5
330
2
100
AcDbEntity
  8
0-CAD-polyline
 62
     1
100
AcDbLine
 10
589.6757810333306
 20
-4907.935890345914
 30
0
 11
589.6757810333306
 21
-4922.435890345914
 31
0
  0
LINE
  5
FAE6
330
2
100
AcDbEntity
  8
0-CAD-polyline
 62
     1
100
AcDbLine
 10
575.4117944458062
 20
-4922.435890345914
 30
0
 11
590.6757810333306
 21
-4922.435890345914
 31
0
  0
POLYLINE
  5
FAE7
330
2
100
AcDbEntity
  8
0-CAD-polyline
 62
     1
100
AcDb2dPolyline
 66
     1
 10
0
 20
0
 30
0
 40
0
 41
0
  0
VERTEX
  5
FAE8
330
FAE7
100
AcDbEntity
  8
0-CAD-polyline
 62
     1
100
AcDbVertex
100
AcDb2dVertex
 10
575.4117944458062
 20
-4906.935890345914
 30
0
  0
VERTEX
  5
FAE9
330
FAE7
100
AcDbEntity
  8
0-CAD-polyline
 62
     1
100
AcDbVertex
100
AcDb2dVertex
 10
576.4117944458062
 20
-4907.935890345914
 30
0
  0
VERTEX
  5
FAEA
330
FAE7
100
AcDbEntity
  8
0-CAD-polyline
 62
     1
100
AcDbVertex
100
AcDb2dVertex
 10
589.6757810333306
 20
-4907.935890345914
 30
0
  0
VERTEX
  5
FAEB
330
FAE7
100
AcDbEntity
  8
0-CAD-polyline
 62
     1
100
AcDbVertex
100
AcDb2dVertex
 10
590.6757810333306
 20
-4906.935890345914
 30
0
  0
SEQEND
  5
FAEC
330
FAE7
100
AcDbEntity
  8
0-CAD-polyline
 62
     1
  0
POLYLINE
  5
FAED
330
2
100
AcDbEntity
  8
0-CAD-polyline
 62
     1
100
AcDb2dPolyline
 66
     1
 10
0
 20
0
 30
0
 40
0
 41
0
1001
COPRA
1000
5
1001
CrfRollDraw
1000
cbbabeb3-37f0-4767-ba4e-0e55cb16f53c
  0
VERTEX
  5
FAEE
330
FAED
100
AcDbEntity
  8
0-CAD-polyline
 62
     1
100
AcDbVertex
100
AcDb2dVertex
 10
575.4117944458062
 20
-4925.435890345914
 30
0
  0
VERTEX
  5
FAEF
330
FAED
100
AcDbEntity
  8
0-CAD-polyline
 62
     1
100
AcDbVertex
100
AcDb2dVertex
 10
575.4118156158061
 20
-4855.435871015914
 30
0
  0
VERTEX
  5
FAF0
330
FAED
100
AcDbEntity
  8
0-CAD-polyline
 62
     1
100
AcDbVertex
100
AcDb2dVertex
 10
585.4118138958061
 20
-4845.435896255914
 30
0
  0
VERTEX
  5
FAF1
330
FAED
100
AcDbEntity
  8
0-CAD-polyline
 62
     1
100
AcDbVertex
100
AcDb2dVertex
 10
589.6757810358063
 20
-4845.435896545914
 30
0
  0
VERTEX
  5
FAF2
330
FAED
100
AcDbEntity
  8
0-CAD-polyline
 62
     1
100
AcDbVertex
100
AcDb2dVertex
 10
590.6757810358063
 20
-4846.435896545914
 30
0
  0
VERTEX
  5
FAF3
330
FAED
100
AcDbEntity
  8
0-CAD-polyline
 62
     1
100
AcDbVertex
100
AcDb2dVertex
 10
590.6757810358063
 20
-4925.435890345914
 30
0
  0
SEQEND
  5
FAF4
330
FAED
100
AcDbEntity
  8
0-CAD-polyline
 62
     1
  0
LINE
  5
FAF5
330
2
100
AcDbEntity
  8
0-CAD-polyline
 62
     1
100
AcDbLine
 10
575.4118035186634
 20
-4895.435890345914
 30
0
 11
576.4118050308034
 21
-4895.435890345914
 31
0
  0
LINE
  5
FAF6
330
2
100
AcDbEntity
  8
0-CAD-polyline
 62
     1
100
AcDbLine
 10
576.4118050308034
 20
-4895.435890345914
 30
0
 11
576.4118050308034
 21
-4890.435890345914
 31
0
  0
LINE
  5
FAF7
330
2
100
AcDbEntity
  8
0-CAD-polyline
 62
     1
100
AcDbLine
 10
576.4118050308034
 20
-4890.435890345914
 30
0
 11
575.4118050308034
 21
-4890.435890345914
 31
0
  0
LINE
  5
FAF8
330
2
100
AcDbEntity
  8
0-CAD-polyline
 62
     1
100
AcDbLine
 10
575.4117944458062
 20
-4906.935890345914
 30
0
 11
576.4117944458062
 21
-4907.935890345914
 31
0
  0
LINE
  5
FAF9
330
2
100
AcDbEntity
  8
0-CAD-polyline
 62
     1
100
AcDbLine
 10
590.6757810333306
 20
-4906.935890345914
 30
0
 11
589.6757810333306
 21
-4907.935890345914
 31
0
  0
LINE
  5
FAFA
330
2
100
AcDbEntity
  8
0-CAD-polyline
 62
     1
100
AcDbLine
 10
576.4117944458062
 20
-4907.935890345914
 30
0
 11
589.6757810333306
 21
-4907.935890345914
 31
0
  0
LINE
  5
FAFB
330
2
100
AcDbEntity
  8
0-CAD-polyline
 62
     1
100
AcDbLine
 10
576.4117944458062
 20
-4907.935890345914
 30
0
 11
576.4117944458062
 21
-4922.435890345914
 31
0
  0
LINE
  5
FAFC
330
2
100
AcDbEntity
  8
0-CAD-polyline
 62
     1
100
AcDbLine
 10
589.6757810333306
 20
-4907.935890345914
 30
0
 11
589.6757810333306
 21
-4922.435890345914
 31
0
  0
LINE
  5
FAFD
330
2
100
AcDbEntity
  8
0-CAD-polyline
 62
     1
100
AcDbLine
 10
575.4117944458062
 20
-4922.435890345914
 30
0
 11
590.6757810333306
 21
-4922.435890345914
 31
0
  0
TEXT
  5
FAFE
330
2
100
AcDbEntity
  8
0-CAD-polyline
 62
     1
100
AcDbText
 10
582.6937886030357
 20
-4950.11089034643
 30
0
 40
3.5
  1
*STR-3-B4
 50
89.99999998310366
  7

 72
     2
 11
580.9437886097962
 21
-4927.185890345914
 31
0
100
AcDbText
 73
     2
  0
TEXT
  5
FAFF
330
2
100
AcDbEntity
  8
0-CAD-polyline
 62
     1
100
AcDbText
 10
586.3687887524991
 20
-4938.472851692521
 30
0
 40
2.449999958276749
  1
2.21 kg
 50
89.99999998310366
  7

 72
     2
 11
585.1437887766892
 21
-4927.185890345914
 31
0
100
AcDbText
 73
     2
  0
LINE
  5
FB00
330
2
100
AcDbEntity
  8
0-CAD-polyline
 62
     1
100
AcDbLine
 10
506.6865613678033
 20
-4883.835792689664
 30
0
 11
600.6877134063775
 21
-4883.835792689664
 31
0
  0
TEXT
  5
FB01
330
2
100
AcDbEntity
  8
0-CAD-polyline
100
AcDbText
 10
486.6865613678033
 20
-4882.835792689664
 30
0
 40
10
  1
16
  7

 11
0
 21
0
 31
0
100
AcDbText
  0
LINE
  5
FB02
330
2
100
AcDbEntity
  8
0-CAD-polyline
 62
     1
100
AcDbLine
 10
506.6865613678033
 20
-5183.835792689664
 30
0
 11
600.6877134063775
 21
-5183.835792689664
 31
0
  0
POLYLINE
  5
FB03
330
2
100
AcDbEntity
  8
0-CAD-polyline
 62
     1
100
AcDb2dPolyline
 66
     1
 10
0
 20
0
 30
0
 40
0
 41
0
  0
VERTEX
  5
FB04
330
FB03
100
AcDbEntity
  8
0-CAD-polyline
 62
     1
100
AcDbVertex
100
AcDb2dVertex
 10
506.6865613678033
 20
-5183.335792689664
 30
0
  0
VERTEX
  5
FB05
330
FB03
100
AcDbEntity
  8
0-CAD-polyline
 62
     1
100
AcDbVertex
100
AcDb2dVertex
 10
506.6865613678033
 20
-5184.335792689664
 30
0
  0
VERTEX
  5
FB06
330
FB03
100
AcDbEntity
  8
0-CAD-polyline
 62
     1
100
AcDbVertex
100
AcDb2dVertex
 10
533.6865613678033
 20
-5184.335792689664
 30
0
  0
VERTEX
  5
FB07
330
FB03
100
AcDbEntity
  8
0-CAD-polyline
 62
     1
100
AcDbVertex
100
AcDb2dVertex
 10
535.8118484237725
 20
-5184.335792689664
 30
0
  0
VERTEX
  5
FB08
330
FB03
100
AcDbEntity
  8
0-CAD-polyline
 62
     1
100
AcDbVertex
100
AcDb2dVertex
 10
542.061856053167
 20
-5184.335792689664
 30
0
  0
VERTEX
  5
FB09
330
FB03
100
AcDbEntity
  8
0-CAD-polyline
 62
     1
100
AcDbVertex
100
AcDb2dVertex
 10
548.3118484237725
 20
-5184.335792689664
 30
0
  0
VERTEX
  5
FB0A
330
FB03
100
AcDbEntity
  8
0-CAD-polyline
 62
     1
100
AcDbVertex
100
AcDb2dVertex
 10
550.4371357479627
 20
-5184.335792689664
 30
0
  0
VERTEX
  5
FB0B
330
FB03
100
AcDbEntity
  8
0-CAD-polyline
 62
     1
100
AcDbVertex
100
AcDb2dVertex
 10
562.4371354797418
 20
-5184.335792689664
 30
0
  0
VERTEX
  5
FB0C
330
FB03
100
AcDbEntity
  8
0-CAD-polyline
 62
     1
100
AcDbVertex
100
AcDb2dVertex
 10
564.562422535711
 20
-5184.335792689664
 30
0
  0
VERTEX
  5
FB0D
330
FB03
100
AcDbEntity
  8
0-CAD-polyline
 62
     1
100
AcDbVertex
100
AcDb2dVertex
 10
586.5624234893853
 20
-5184.335792689664
 30
0
  0
VERTEX
  5
FB0E
330
FB03
100
AcDbEntity
  8
0-CAD-polyline
 62
     1
100
AcDbVertex
100
AcDb2dVertex
 10
588.6877095916802
 20
-5184.335792689664
 30
0
  0
VERTEX
  5
FB0F
330
FB03
100
AcDbEntity
  8
0-CAD-polyline
 62
     1
100
AcDbVertex
100
AcDb2dVertex
 10
600.6877095916802
 20
-5184.335792689664
 30
0
  0
VERTEX
  5
FB10
330
FB03
100
AcDbEntity
  8
0-CAD-polyline
 62
     1
100
AcDbVertex
100
AcDb2dVertex
 10
600.6877095916802
 20
-5183.335792689664
 30
0
  0
VERTEX
  5
FB11
330
FB03
100
AcDbEntity
  8
0-CAD-polyline
 62
     1
100
AcDbVertex
100
AcDb2dVertex
 10
588.6877095916802
 20
-5183.335792689664
 30
0
  0
VERTEX
  5
FB12
330
FB03
100
AcDbEntity
  8
0-CAD-polyline
 62
     1
100
AcDbVertex
100
AcDb2dVertex
 10
586.5624234893853
 20
-5183.335792689664
 30
0
  0
VERTEX
  5
FB13
330
FB03
100
AcDbEntity
  8
0-CAD-polyline
 62
     1
100
AcDbVertex
100
AcDb2dVertex
 10
564.562422535711
 20
-5183.335792689664
 30
0
  0
VERTEX
  5
FB14
330
FB03
100
AcDbEntity
  8
0-CAD-polyline
 62
     1
100
AcDbVertex
100
AcDb2dVertex
 10
562.4371354797418
 20
-5183.335792689664
 30
0
  0
VERTEX
  5
FB15
330
FB03
100
AcDbEntity
  8
0-CAD-polyline
 62
     1
100
AcDbVertex
100
AcDb2dVertex
 10
550.437135688358
 20
-5183.335792689664
 30
0
  0
VERTEX
  5
FB16
330
FB03
100
AcDbEntity
  8
0-CAD-polyline
 62
     1
100
AcDbVertex
100
AcDb2dVertex
 10
548.3118484237725
 20
-5183.335792689664
 30
0
  0
VERTEX
  5
FB17
330
FB03
100
AcDbEntity
  8
0-CAD-polyline
 62
     1
100
AcDbVertex
100
AcDb2dVertex
 10
542.061856053167
 20
-5183.335792689664
 30
0
  0
VERTEX
  5
FB18
330
FB03
100
AcDbEntity
  8
0-CAD-polyline
 62
     1
100
AcDbVertex
100
AcDb2dVertex
 10
535.8118484237725
 20
-5183.335792689664
 30
0
  0
VERTEX
  5
FB19
330
FB03
100
AcDbEntity
  8
0-CAD-polyline
 62
     1
100
AcDbVertex
100
AcDb2dVertex
 10
533.6865613678033
 20
-5183.335792689664
 30
0
  0
VERTEX
  5
FB1A
330
FB03
100
AcDbEntity
  8
0-CAD-polyline
 62
     1
100
AcDbVertex
100
AcDb2dVertex
 10
506.6865613678033
 20
-5183.335792689664
 30
0
  0
SEQEND
  5
FB1B
330
FB03
100
AcDbEntity
  8
0-CAD-polyline
  0
LINE
  5
FB1C
330
2
100
AcDbEntity
  8
0-CAD-polyline
 62
     1
100
AcDbLine
 10
533.6865613678033
 20
-5184.335792689664
 30
0
 11
533.6865613678033
 21
-5183.335792689664
 31
0
  0
LINE
  5
FB1D
330
2
100
AcDbEntity
  8
0-CAD-polyline
 62
     1
100
AcDbLine
 10
535.8118484237725
 20
-5184.335792689664
 30
0
 11
535.8118484237725
 21
-5183.335792689664
 31
0
  0
LINE
  5
FB1E
330
2
100
AcDbEntity
  8
0-CAD-polyline
 62
     1
100
AcDbLine
 10
542.061856053167
 20
-5184.335792689664
 30
0
 11
542.061856053167
 21
-5183.335792689664
 31
0
  0
LINE
  5
FB1F
330
2
100
AcDbEntity
  8
0-CAD-polyline
 62
     1
100
AcDbLine
 10
548.3118484237725
 20
-5184.335792689664
 30
0
 11
548.3118484237725
 21
-5183.335792689664
 31
0
  0
LINE
  5
FB20
330
2
100
AcDbEntity
  8
0-CAD-polyline
 62
     1
100
AcDbLine
 10
550.4371357479627
 20
-5184.335792689664
 30
0
 11
550.437135688358
 21
-5183.335792689664
 31
0
  0
LINE
  5
FB21
330
2
100
AcDbEntity
  8
0-CAD-polyline
 62
     1
100
AcDbLine
 10
562.4371354797418
 20
-5184.335792689664
 30
0
 11
562.4371354797418
 21
-5183.335792689664
 31
0
  0
LINE
  5
FB22
330
2
100
AcDbEntity
  8
0-CAD-polyline
 62
     1
100
AcDbLine
 10
564.562422535711
 20
-5184.335792689664
 30
0
 11
564.562422535711
 21
-5183.335792689664
 31
0
  0
LINE
  5
FB23
330
2
100
AcDbEntity
  8
0-CAD-polyline
 62
     1
100
AcDbLine
 10
586.5624234893853
 20
-5184.335792689664
 30
0
 11
586.5624234893853
 21
-5183.335792689664
 31
0
  0
LINE
  5
FB24
330
2
100
AcDbEntity
  8
0-CAD-polyline
 62
     1
100
AcDbLine
 10
588.6877095916802
 20
-5184.335792689664
 30
0
 11
588.6877095916802
 21
-5183.335792689664
 31
0
  0
POLYLINE
  5
FB25
330
2
100
AcDbEntity
  8
0-CAD-polyline
 62
     3
100
AcDb2dPolyline
 66
     1
 10
0
 20
0
 30
0
 40
0
 41
0
  0
VERTEX
  5
FB26
330
FB25
100
AcDbEntity
  8
0-CAD-polyline
 62
     3
100
AcDbVertex
100
AcDb2dVertex
 10
507.0667455413873
 20
-5179.046241908414
 30
0
  0
VERTEX
  5
FB27
330
FB25
100
AcDbEntity
  8
0-CAD-polyline
 62
     3
100
AcDbVertex
100
AcDb2dVertex
 10
506.9137609222466
 20
-5180.034523158414
 30
0
  0
VERTEX
  5
FB28
330
FB25
100
AcDbEntity
  8
0-CAD-polyline
 62
     3
100
AcDbVertex
100
AcDb2dVertex
 10
533.5959279754693
 20
-5184.164894252164
 30
0
  0
VERTEX
  5
FB29
330
FB25
100
AcDbEntity
  8
0-CAD-polyline
 62
     3
100
AcDbVertex
100
AcDb2dVertex
 10
535.8118474700982
 20
-5184.335304408414
 30
0
  0
VERTEX
  5
FB2A
330
FB25
100
AcDbEntity
  8
0-CAD-polyline
 62
     3
100
AcDbVertex
100
AcDb2dVertex
 10
542.0618550994927
 20
-5184.335304408414
 30
0
  0
VERTEX
  5
FB2B
330
FB25
100
AcDbEntity
  8
0-CAD-polyline
 62
     3
100
AcDbVertex
100
AcDb2dVertex
 10
548.3118474700982
 20
-5184.335304408414
 30
0
  0
VERTEX
  5
FB2C
330
FB25
100
AcDbEntity
  8
0-CAD-polyline
 62
     3
100
AcDbVertex
100
AcDb2dVertex
 10
550.587957552963
 20
-5184.015480189664
 30
0
  0
VERTEX
  5
FB2D
330
FB25
100
AcDbEntity
  8
0-CAD-polyline
 62
     3
100
AcDbVertex
100
AcDb2dVertex
 10
562.1230972030694
 20
-5180.707863002164
 30
0
  0
VERTEX
  5
FB2E
330
FB25
100
AcDbEntity
  8
0-CAD-polyline
 62
     3
100
AcDbVertex
100
AcDb2dVertex
 10
564.1395976760919
 20
-5180.352882533414
 30
0
  0
VERTEX
  5
FB2F
330
FB25
100
AcDbEntity
  8
0-CAD-polyline
 62
     3
100
AcDbVertex
100
AcDb2dVertex
 10
586.0860059478814
 20
-5178.818214564664
 30
0
  0
VERTEX
  5
FB30
330
FB25
100
AcDbEntity
  8
0-CAD-polyline
 62
     3
100
AcDbVertex
100
AcDb2dVertex
 10
588.2061155059869
 20
-5178.669777064664
 30
0
  0
VERTEX
  5
FB31
330
FB25
100
AcDbEntity
  8
0-CAD-polyline
 62
     3
100
AcDbVertex
100
AcDb2dVertex
 10
600.1768834808404
 20
-5177.832863002164
 30
0
  0
VERTEX
  5
FB32
330
FB25
100
AcDbEntity
  8
0-CAD-polyline
 62
     3
100
AcDbVertex
100
AcDb2dVertex
 10
600.1071279266412
 20
-5176.834816127164
 30
0
  0
VERTEX
  5
FB33
330
FB25
100
AcDbEntity
  8
0-CAD-polyline
 62
     3
100
AcDbVertex
100
AcDb2dVertex
 10
588.1363599517877
 20
-5177.671730189664
 30
0
  0
VERTEX
  5
FB34
330
FB25
100
AcDbEntity
  8
0-CAD-polyline
 62
     3
100
AcDbVertex
100
AcDb2dVertex
 10
586.0162503936822
 20
-5177.820167689664
 30
0
  0
VERTEX
  5
FB35
330
FB25
100
AcDbEntity
  8
0-CAD-polyline
 62
     3
100
AcDbVertex
100
AcDb2dVertex
 10
564.0698421218926
 20
-5179.354835658414
 30
0
  0
VERTEX
  5
FB36
330
FB25
100
AcDbEntity
  8
0-CAD-polyline
 62
     3
100
AcDbVertex
100
AcDb2dVertex
 10
561.8474605300958
 20
-5179.746925502164
 30
0
  0
VERTEX
  5
FB37
330
FB25
100
AcDbEntity
  8
0-CAD-polyline
 62
     3
100
AcDbVertex
100
AcDb2dVertex
 10
550.3123201945359
 20
-5183.054542689664
 30
0
  0
VERTEX
  5
FB38
330
FB25
100
AcDbEntity
  8
0-CAD-polyline
 62
     3
100
AcDbVertex
100
AcDb2dVertex
 10
548.3118474700982
 20
-5183.335304408414
 30
0
  0
VERTEX
  5
FB39
330
FB25
100
AcDbEntity
  8
0-CAD-polyline
 62
     3
100
AcDbVertex
100
AcDb2dVertex
 10
542.0618550994927
 20
-5183.335304408414
 30
0
  0
VERTEX
  5
FB3A
330
FB25
100
AcDbEntity
  8
0-CAD-polyline
 62
     3
100
AcDbVertex
100
AcDb2dVertex
 10
535.8118474700982
 20
-5183.335304408414
 30
0
  0
VERTEX
  5
FB3B
330
FB25
100
AcDbEntity
  8
0-CAD-polyline
 62
     3
100
AcDbVertex
100
AcDb2dVertex
 10
533.7489125946099
 20
-5183.176613002164
 30
0
  0
VERTEX
  5
FB3C
330
FB25
100
AcDbEntity
  8
0-CAD-polyline
 62
     3
100
AcDbVertex
100
AcDb2dVertex
 10
507.0667455413873
 20
-5179.046241908414
 30
0
  0
SEQEND
  5
FB3D
330
FB25
100
AcDbEntity
  8
0-CAD-polyline
  0
LINE
  5
FB3E
330
2
100
AcDbEntity
  8
0-CAD-polyline
 62
     3
100
AcDbLine
 10
533.5959279754693
 20
-5184.164894252164
 30
0
 11
533.7489125946099
 21
-5183.176613002164
 31
0
  0
LINE
  5
FB3F
330
2
100
AcDbEntity
  8
0-CAD-polyline
 62
     3
100
AcDbLine
 10
535.8118474700982
 20
-5184.335304408414
 30
0
 11
535.8118474700982
 21
-5183.335304408414
 31
0
  0
LINE
  5
FB40
330
2
100
AcDbEntity
  8
0-CAD-polyline
 62
     3
100
AcDbLine
 10
542.0618550994927
 20
-5184.335304408414
 30
0
 11
542.0618550994927
 21
-5183.335304408414
 31
0
  0
LINE
  5
FB41
330
2
100
AcDbEntity
  8
0-CAD-polyline
 62
     3
100
AcDbLine
 10
548.3118474700982
 20
-5184.335304408414
 30
0
 11
548.3118474700982
 21
-5183.335304408414
 31
0
  0
LINE
  5
FB42
330
2
100
AcDbEntity
  8
0-CAD-polyline
 62
     3
100
AcDbLine
 10
550.587957552963
 20
-5184.015480189664
 30
0
 11
550.3123201945359
 21
-5183.054542689664
 31
0
  0
LINE
  5
FB43
330
2
100
AcDbEntity
  8
0-CAD-polyline
 62
     3
100
AcDbLine
 10
562.1230972030694
 20
-5180.707863002164
 30
0
 11
561.8474605300958
 21
-5179.746925502164
 31
0
  0
LINE
  5
FB44
330
2
100
AcDbEntity
  8
0-CAD-polyline
 62
     3
100
AcDbLine
 10
564.1395976760919
 20
-5180.352882533414
 30
0
 11
564.0698421218926
 21
-5179.354835658414
 31
0
  0
LINE
  5
FB45
330
2
100
AcDbEntity
  8
0-CAD-polyline
 62
     3
100
AcDbLine
 10
586.0860059478814
 20
-5178.818214564664
 30
0
 11
586.0162503936822
 21
-5177.820167689664
 31
0
  0
LINE
  5
FB46
330
2
100
AcDbEntity
  8
0-CAD-polyline
 62
     3
100
AcDbLine
 10
588.2061155059869
 20
-5178.669777064664
 30
0
 11
588.1363599517877
 21
-5177.671730189664
 31
0
  0
POLYLINE
  5
FB47
330
2
100
AcDbEntity
  8
0-CAD-polyline
 62
     4
100
AcDb2dPolyline
 66
     1
 10
0
 20
0
 30
0
 40
0
 41
0
  0
VERTEX
  5
FB48
330
FB47
100
AcDbEntity
  8
0-CAD-polyline
 62
     4
100
AcDbVertex
100
AcDb2dVertex
 10
508.0904157379205
 20
-5174.864601283414
 30
0
  0
VERTEX
  5
FB49
330
FB47
100
AcDbEntity
  8
0-CAD-polyline
 62
     4
100
AcDbVertex
100
AcDb2dVertex
 10
507.788047573858
 20
-5175.817726283414
 30
0
  0
VERTEX
  5
FB4A
330
FB47
100
AcDbEntity
  8
0-CAD-polyline
 62
     4
100
AcDbVertex
100
AcDb2dVertex
 10
533.5241983154351
 20
-5183.981788783414
 30
0
  0
VERTEX
  5
FB4B
330
FB47
100
AcDbEntity
  8
0-CAD-polyline
 62
     4
100
AcDbVertex
100
AcDb2dVertex
 10
535.8118531921441
 20
-5184.335792689664
 30
0
  0
VERTEX
  5
FB4C
330
FB47
100
AcDbEntity
  8
0-CAD-polyline
 62
     4
100
AcDbVertex
100
AcDb2dVertex
 10
542.0618608215386
 20
-5184.335792689664
 30
0
  0
VERTEX
  5
FB4D
330
FB47
100
AcDbEntity
  8
0-CAD-polyline
 62
     4
100
AcDbVertex
100
AcDb2dVertex
 10
548.3118534305627
 20
-5184.335792689664
 30
0
  0
VERTEX
  5
FB4E
330
FB47
100
AcDbEntity
  8
0-CAD-polyline
 62
     4
100
AcDbVertex
100
AcDb2dVertex
 10
550.6845428090105
 20
-5183.472023158414
 30
0
  0
VERTEX
  5
FB4F
330
FB47
100
AcDbEntity
  8
0-CAD-polyline
 62
     4
100
AcDbVertex
100
AcDb2dVertex
 10
559.8770721176202
 20
-5175.758644252164
 30
0
  0
VERTEX
  5
FB50
330
FB47
100
AcDbEntity
  8
0-CAD-polyline
 62
     4
100
AcDbVertex
100
AcDb2dVertex
 10
561.6157062271172
 20
-5174.984718470914
 30
0
  0
VERTEX
  5
FB51
330
FB47
100
AcDbEntity
  8
0-CAD-polyline
 62
     4
100
AcDbVertex
100
AcDb2dVertex
 10
583.4016034820611
 20
-5171.922706752164
 30
0
  0
VERTEX
  5
FB52
330
FB47
100
AcDbEntity
  8
0-CAD-polyline
 62
     4
100
AcDbVertex
100
AcDb2dVertex
 10
585.5062062957818
 20
-5171.626808314664
 30
0
  0
VERTEX
  5
FB53
330
FB47
100
AcDbEntity
  8
0-CAD-polyline
 62
     4
100
AcDbVertex
100
AcDb2dVertex
 10
597.389423153692
 20
-5169.956886439664
 30
0
  0
VERTEX
  5
FB54
330
FB47
100
AcDbEntity
  8
0-CAD-polyline
 62
     4
100
AcDbVertex
100
AcDb2dVertex
 10
597.2502477386529
 20
-5168.966652064664
 30
0
  0
VERTEX
  5
FB55
330
FB47
100
AcDbEntity
  8
0-CAD-polyline
 62
     4
100
AcDbVertex
100
AcDb2dVertex
 10
585.3670308807427
 20
-5170.636573939664
 30
0
  0
VERTEX
  5
FB56
330
FB47
100
AcDbEntity
  8
0-CAD-polyline
 62
     4
100
AcDbVertex
100
AcDb2dVertex
 10
583.262428067022
 20
-5170.932472377164
 30
0
  0
VERTEX
  5
FB57
330
FB47
100
AcDbEntity
  8
0-CAD-polyline
 62
     4
100
AcDbVertex
100
AcDb2dVertex
 10
561.4765327194268
 20
-5173.994484095914
 30
0
  0
VERTEX
  5
FB58
330
FB47
100
AcDbEntity
  8
0-CAD-polyline
 62
     4
100
AcDbVertex
100
AcDb2dVertex
 10
559.2342841842706
 20
-5174.993019252164
 30
0
  0
VERTEX
  5
FB59
330
FB47
100
AcDbEntity
  8
0-CAD-polyline
 62
     4
100
AcDbVertex
100
AcDb2dVertex
 10
550.0417548039491
 20
-5182.706398158414
 30
0
  0
VERTEX
  5
FB5A
330
FB47
100
AcDbEntity
  8
0-CAD-polyline
 62
     4
100
AcDbVertex
100
AcDb2dVertex
 10
548.3118529537255
 20
-5183.335792689664
 30
0
  0
VERTEX
  5
FB5B
330
FB47
100
AcDbEntity
  8
0-CAD-polyline
 62
     4
100
AcDbVertex
100
AcDb2dVertex
 10
542.0618608215386
 20
-5183.335792689664
 30
0
  0
VERTEX
  5
FB5C
330
FB47
100
AcDbEntity
  8
0-CAD-polyline
 62
     4
100
AcDbVertex
100
AcDb2dVertex
 10
535.8118531921441
 20
-5183.335792689664
 30
0
  0
VERTEX
  5
FB5D
330
FB47
100
AcDbEntity
  8
0-CAD-polyline
 62
     4
100
AcDbVertex
100
AcDb2dVertex
 10
533.8265664794976
 20
-5183.028663783414
 30
0
  0
VERTEX
  5
FB5E
330
FB47
100
AcDbEntity
  8
0-CAD-polyline
 62
     4
100
AcDbVertex
100
AcDb2dVertex
 10
508.0904157379205
 20
-5174.864601283414
 30
0
  0
SEQEND
  5
FB5F
330
FB47
100
AcDbEntity
  8
0-CAD-polyline
  0
LINE
  5
FB60
330
2
100
AcDbEntity
  8
0-CAD-polyline
 62
     4
100
AcDbLine
 10
533.5241983154351
 20
-5183.981788783414
 30
0
 11
533.8265664794976
 21
-5183.028663783414
 31
0
  0
LINE
  5
FB61
330
2
100
AcDbEntity
  8
0-CAD-polyline
 62
     4
100
AcDbLine
 10
535.8118531921441
 20
-5184.335792689664
 30
0
 11
535.8118531921441
 21
-5183.335792689664
 31
0
  0
LINE
  5
FB62
330
2
100
AcDbEntity
  8
0-CAD-polyline
 62
     4
100
AcDbLine
 10
542.0618608215386
 20
-5184.335792689664
 30
0
 11
542.0618608215386
 21
-5183.335792689664
 31
0
  0
LINE
  5
FB63
330
2
100
AcDbEntity
  8
0-CAD-polyline
 62
     4
100
AcDbLine
 10
548.3118534305627
 20
-5184.335792689664
 30
0
 11
548.3118529537255
 21
-5183.335792689664
 31
0
  0
LINE
  5
FB64
330
2
100
AcDbEntity
  8
0-CAD-polyline
 62
     4
100
AcDbLine
 10
550.6845428090105
 20
-5183.472023158414
 30
0
 11
550.0417548039491
 21
-5182.706398158414
 31
0
  0
LINE
  5
FB65
330
2
100
AcDbEntity
  8
0-CAD-polyline
 62
     4
100
AcDbLine
 10
559.8770721176202
 20
-5175.758644252164
 30
0
 11
559.2342841842706
 21
-5174.993019252164
 31
0
  0
LINE
  5
FB66
330
2
100
AcDbEntity
  8
0-CAD-polyline
 62
     4
100
AcDbLine
 10
561.6157062271172
 20
-5174.984718470914
 30
0
 11
561.4765327194268
 21
-5173.994484095914
 31
0
  0
LINE
  5
FB67
330
2
100
AcDbEntity
  8
0-CAD-polyline
 62
     4
100
AcDbLine
 10
583.4016034820611
 20
-5171.922706752164
 30
0
 11
583.262428067022
 21
-5170.932472377164
 31
0
  0
LINE
  5
FB68
330
2
100
AcDbEntity
  8
0-CAD-polyline
 62
     4
100
AcDbLine
 10
585.5062062957818
 20
-5171.626808314664
 30
0
 11
585.3670308807427
 21
-5170.636573939664
 31
0
  0
POLYLINE
  5
FB69
330
2
100
AcDbEntity
  8
0-CAD-polyline
 62
     2
100
AcDb2dPolyline
 66
     1
 10
0
 20
0
 30
0
 40
0
 41
0
  0
VERTEX
  5
FB6A
330
FB69
100
AcDbEntity
  8
0-CAD-polyline
 62
     2
100
AcDbVertex
100
AcDb2dVertex
 10
509.7337072113091
 20
-5170.886573939664
 30
0
  0
VERTEX
  5
FB6B
330
FB69
100
AcDbEntity
  8
0-CAD-polyline
 62
     2
100
AcDbVertex
100
AcDb2dVertex
 10
509.2890737274224
 20
-5171.782081752164
 30
0
  0
VERTEX
  5
FB6C
330
FB69
100
AcDbEntity
  8
0-CAD-polyline
 62
     2
100
AcDbVertex
100
AcDb2dVertex
 10
533.4732988098199
 20
-5183.787452845914
 30
0
  0
VERTEX
  5
FB6D
330
FB69
100
AcDbEntity
  8
0-CAD-polyline
 62
     2
100
AcDbVertex
100
AcDb2dVertex
 10
535.811856053167
 20
-5184.336280970914
 30
0
  0
VERTEX
  5
FB6E
330
FB69
100
AcDbEntity
  8
0-CAD-polyline
 62
     2
100
AcDbVertex
100
AcDb2dVertex
 10
542.0618636825616
 20
-5184.336280970914
 30
0
  0
VERTEX
  5
FB6F
330
FB69
100
AcDbEntity
  8
0-CAD-polyline
 62
     2
100
AcDbVertex
100
AcDb2dVertex
 10
548.3118562915856
 20
-5184.336280970914
 30
0
  0
VERTEX
  5
FB70
330
FB69
100
AcDbEntity
  8
0-CAD-polyline
 62
     2
100
AcDbVertex
100
AcDb2dVertex
 10
550.6297726774151
 20
-5182.997902064664
 30
0
  0
VERTEX
  5
FB71
330
FB69
100
AcDbEntity
  8
0-CAD-polyline
 62
     2
100
AcDbVertex
100
AcDb2dVertex
 10
556.6297672012383
 20
-5172.605812220914
 30
0
  0
VERTEX
  5
FB72
330
FB69
100
AcDbEntity
  8
0-CAD-polyline
 62
     2
100
AcDbVertex
100
AcDb2dVertex
 10
558.0752799728448
 20
-5171.630714564664
 30
0
  0
VERTEX
  5
FB73
330
FB69
100
AcDbEntity
  8
0-CAD-polyline
 62
     2
100
AcDbVertex
100
AcDb2dVertex
 10
579.8611772277886
 20
-5168.568702845914
 30
0
  0
VERTEX
  5
FB74
330
FB69
100
AcDbEntity
  8
0-CAD-polyline
 62
     2
100
AcDbVertex
100
AcDb2dVertex
 10
581.965781948858
 20
-5168.272804408414
 30
0
  0
VERTEX
  5
FB75
330
FB69
100
AcDbEntity
  8
0-CAD-polyline
 62
     2
100
AcDbVertex
100
AcDb2dVertex
 10
593.8489988067681
 20
-5166.602882533414
 30
0
  0
VERTEX
  5
FB76
330
FB69
100
AcDbEntity
  8
0-CAD-polyline
 62
     2
100
AcDbVertex
100
AcDb2dVertex
 10
593.7098233917291
 20
-5165.612648158414
 30
0
  0
VERTEX
  5
FB77
330
FB69
100
AcDbEntity
  8
0-CAD-polyline
 62
     2
100
AcDbVertex
100
AcDb2dVertex
 10
581.8266065338189
 20
-5167.282570033414
 30
0
  0
VERTEX
  5
FB78
330
FB69
100
AcDbEntity
  8
0-CAD-polyline
 62
     2
100
AcDbVertex
100
AcDb2dVertex
 10
579.7220018127496
 20
-5167.578468470914
 30
0
  0
VERTEX
  5
FB79
330
FB69
100
AcDbEntity
  8
0-CAD-polyline
 62
     2
100
AcDbVertex
100
AcDb2dVertex
 10
557.9361064651544
 20
-5170.640480189664
 30
0
  0
VERTEX
  5
FB7A
330
FB69
100
AcDbEntity
  8
0-CAD-polyline
 62
     2
100
AcDbVertex
100
AcDb2dVertex
 10
555.7637412765557
 20
-5172.105812220914
 30
0
  0
VERTEX
  5
FB7B
330
FB69
100
AcDbEntity
  8
0-CAD-polyline
 62
     2
100
AcDbVertex
100
AcDb2dVertex
 10
549.7637469986016
 20
-5182.497902064664
 30
0
  0
VERTEX
  5
FB7C
330
FB69
100
AcDbEntity
  8
0-CAD-polyline
 62
     2
100
AcDbVertex
100
AcDb2dVertex
 10
548.3118558147485
 20
-5183.336280970914
 30
0
  0
VERTEX
  5
FB7D
330
FB69
100
AcDbEntity
  8
0-CAD-polyline
 62
     2
100
AcDbVertex
100
AcDb2dVertex
 10
542.0618636825616
 20
-5183.336280970914
 30
0
  0
VERTEX
  5
FB7E
330
FB69
100
AcDbEntity
  8
0-CAD-polyline
 62
     2
100
AcDbVertex
100
AcDb2dVertex
 10
535.811856053167
 20
-5183.336280970914
 30
0
  0
VERTEX
  5
FB7F
330
FB69
100
AcDbEntity
  8
0-CAD-polyline
 62
     2
100
AcDbVertex
100
AcDb2dVertex
 10
533.9179322937066
 20
-5182.891945033414
 30
0
  0
VERTEX
  5
FB80
330
FB69
100
AcDbEntity
  8
0-CAD-polyline
 62
     2
100
AcDbVertex
100
AcDb2dVertex
 10
509.7337072113091
 20
-5170.886573939664
 30
0
  0
SEQEND
  5
FB81
330
FB69
100
AcDbEntity
  8
0-CAD-polyline
  0
LINE
  5
FB82
330
2
100
AcDbEntity
  8
0-CAD-polyline
 62
     2
100
AcDbLine
 10
533.4732988098199
 20
-5183.787452845914
 30
0
 11
533.9179322937066
 21
-5182.891945033414
 31
0
  0
LINE
  5
FB83
330
2
100
AcDbEntity
  8
0-CAD-polyline
 62
     2
100
AcDbLine
 10
535.811856053167
 20
-5184.336280970914
 30
0
 11
535.811856053167
 21
-5183.336280970914
 31
0
  0
LINE
  5
FB84
330
2
100
AcDbEntity
  8
0-CAD-polyline
 62
     2
100
AcDbLine
 10
542.0618636825616
 20
-5184.336280970914
 30
0
 11
542.0618636825616
 21
-5183.336280970914
 31
0
  0
LINE
  5
FB85
330
2
100
AcDbEntity
  8
0-CAD-polyline
 62
     2
100
AcDbLine
 10
548.3118562915856
 20
-5184.336280970914
 30
0
 11
548.3118558147485
 21
-5183.336280970914
 31
0
  0
LINE
  5
FB86
330
2
100
AcDbEntity
  8
0-CAD-polyline
 62
     2
100
AcDbLine
 10
550.6297726774151
 20
-5182.997902064664
 30
0
 11
549.7637469986016
 21
-5182.497902064664
 31
0
  0
LINE
  5
FB87
330
2
100
AcDbEntity
  8
0-CAD-polyline
 62
     2
100
AcDbLine
 10
556.6297672012383
 20
-5172.605812220914
 30
0
 11
555.7637412765557
 21
-5172.105812220914
 31
0
  0
LINE
  5
FB88
330
2
100
AcDbEntity
  8
0-CAD-polyline
 62
     2
100
AcDbLine
 10
558.0752799728448
 20
-5171.630714564664
 30
0
 11
557.9361064651544
 21
-5170.640480189664
 31
0
  0
LINE
  5
FB89
330
2
100
AcDbEntity
  8
0-CAD-polyline
 62
     2
100
AcDbLine
 10
579.8611772277886
 20
-5168.568702845914
 30
0
 11
579.7220018127496
 21
-5167.578468470914
 31
0
  0
LINE
  5
FB8A
330
2
100
AcDbEntity
  8
0-CAD-polyline
 62
     2
100
AcDbLine
 10
581.965781948858
 20
-5168.272804408414
 30
0
 11
581.8266065338189
 21
-5167.282570033414
 31
0
  0
POLYLINE
  5
FB8B
330
2
100
AcDbEntity
  8
0-CAD-polyline
 62
     3
100
AcDb2dPolyline
 66
     1
 10
0
 20
0
 30
0
 40
0
 41
0
  0
VERTEX
  5
FB8C
330
FB8B
100
AcDbEntity
  8
0-CAD-polyline
 62
     3
100
AcDbVertex
100
AcDb2dVertex
 10
511.9583204010064
 20
-5167.203956752164
 30
0
  0
VERTEX
  5
FB8D
330
FB8B
100
AcDbEntity
  8
0-CAD-polyline
 62
     3
100
AcDbVertex
100
AcDb2dVertex
 10
511.3818891265923
 20
-5168.021339564664
 30
0
  0
VERTEX
  5
FB8E
330
FB8B
100
AcDbEntity
  8
0-CAD-polyline
 62
     3
100
AcDbVertex
100
AcDb2dVertex
 10
533.4448068359429
 20
-5183.584816127164
 30
0
  0
VERTEX
  5
FB8F
330
FB8B
100
AcDbEntity
  8
0-CAD-polyline
 62
     3
100
AcDbVertex
100
AcDb2dVertex
 10
535.8118541458184
 20
-5184.335792689664
 30
0
  0
VERTEX
  5
FB90
330
FB8B
100
AcDbEntity
  8
0-CAD-polyline
 62
     3
100
AcDbVertex
100
AcDb2dVertex
 10
542.0618617752129
 20
-5184.335792689664
 30
0
  0
VERTEX
  5
FB91
330
FB8B
100
AcDbEntity
  8
0-CAD-polyline
 62
     3
100
AcDbVertex
100
AcDb2dVertex
 10
548.311854384237
 20
-5184.335792689664
 30
0
  0
VERTEX
  5
FB92
330
FB8B
100
AcDbEntity
  8
0-CAD-polyline
 62
     3
100
AcDbVertex
100
AcDb2dVertex
 10
550.6297707700664
 20
-5182.997413783414
 30
0
  0
VERTEX
  5
FB93
330
FB8B
100
AcDbEntity
  8
0-CAD-polyline
 62
     3
100
AcDbVertex
100
AcDb2dVertex
 10
556.6297652938897
 20
-5172.605323939664
 30
0
  0
VERTEX
  5
FB94
330
FB8B
100
AcDbEntity
  8
0-CAD-polyline
 62
     3
100
AcDbVertex
100
AcDb2dVertex
 10
558.0811836937005
 20
-5171.800636439664
 30
0
  0
VERTEX
  5
FB95
330
FB8B
100
AcDbEntity
  8
0-CAD-polyline
 62
     3
100
AcDbVertex
100
AcDb2dVertex
 10
580.0677812316949
 20
-5172.568214564664
 30
0
  0
VERTEX
  5
FB96
330
FB8B
100
AcDbEntity
  8
0-CAD-polyline
 62
     3
100
AcDbVertex
100
AcDb2dVertex
 10
582.3978994110162
 20
-5172.199073939664
 30
0
  0
VERTEX
  5
FB97
330
FB8B
100
AcDbEntity
  8
0-CAD-polyline
 62
     3
100
AcDbVertex
100
AcDb2dVertex
 10
593.6742055633599
 20
-5168.095070033414
 30
0
  0
VERTEX
  5
FB98
330
FB8B
100
AcDbEntity
  8
0-CAD-polyline
 62
     3
100
AcDbVertex
100
AcDb2dVertex
 10
593.3321874359185
 20
-5167.155616908414
 30
0
  0
VERTEX
  5
FB99
330
FB8B
100
AcDbEntity
  8
0-CAD-polyline
 62
     3
100
AcDbVertex
100
AcDb2dVertex
 10
582.0558774688775
 20
-5171.259620814664
 30
0
  0
VERTEX
  5
FB9A
330
FB8B
100
AcDbEntity
  8
0-CAD-polyline
 62
     3
100
AcDbVertex
100
AcDb2dVertex
 10
580.1026818969781
 20
-5171.569191127164
 30
0
  0
VERTEX
  5
FB9B
330
FB8B
100
AcDbEntity
  8
0-CAD-polyline
 62
     3
100
AcDbVertex
100
AcDb2dVertex
 10
558.1160824516351
 20
-5170.801613002164
 30
0
  0
VERTEX
  5
FB9C
330
FB8B
100
AcDbEntity
  8
0-CAD-polyline
 62
     3
100
AcDbVertex
100
AcDb2dVertex
 10
555.7637393692071
 20
-5172.105323939664
 30
0
  0
VERTEX
  5
FB9D
330
FB8B
100
AcDbEntity
  8
0-CAD-polyline
 62
     3
100
AcDbVertex
100
AcDb2dVertex
 10
549.763745091253
 20
-5182.497413783414
 30
0
  0
VERTEX
  5
FB9E
330
FB8B
100
AcDbEntity
  8
0-CAD-polyline
 62
     3
100
AcDbVertex
100
AcDb2dVertex
 10
548.3118539073998
 20
-5183.335792689664
 30
0
  0
VERTEX
  5
FB9F
330
FB8B
100
AcDbEntity
  8
0-CAD-polyline
 62
     3
100
AcDbVertex
100
AcDb2dVertex
 10
542.0618617752129
 20
-5183.335792689664
 30
0
  0
VERTEX
  5
FBA0
330
FB8B
100
AcDbEntity
  8
0-CAD-polyline
 62
     3
100
AcDbVertex
100
AcDb2dVertex
 10
535.8118541458184
 20
-5183.335792689664
 30
0
  0
VERTEX
  5
FBA1
330
FB8B
100
AcDbEntity
  8
0-CAD-polyline
 62
     3
100
AcDbVertex
100
AcDb2dVertex
 10
534.021238110357
 20
-5182.767433314664
 30
0
  0
VERTEX
  5
FBA2
330
FB8B
100
AcDbEntity
  8
0-CAD-polyline
 62
     3
100
AcDbVertex
100
AcDb2dVertex
 10
511.9583204010064
 20
-5167.203956752164
 30
0
  0
SEQEND
  5
FBA3
330
FB8B
100
AcDbEntity
  8
0-CAD-polyline
  0
LINE
  5
FBA4
330
2
100
AcDbEntity
  8
0-CAD-polyline
 62
     3
100
AcDbLine
 10
533.4448068359429
 20
-5183.584816127164
 30
0
 11
534.021238110357
 21
-5182.767433314664
 31
0
  0
LINE
  5
FBA5
330
2
100
AcDbEntity
  8
0-CAD-polyline
 62
     3
100
AcDbLine
 10
535.8118541458184
 20
-5184.335792689664
 30
0
 11
535.8118541458184
 21
-5183.335792689664
 31
0
  0
LINE
  5
FBA6
330
2
100
AcDbEntity
  8
0-CAD-polyline
 62
     3
100
AcDbLine
 10
542.0618617752129
 20
-5184.335792689664
 30
0
 11
542.0618617752129
 21
-5183.335792689664
 31
0
  0
LINE
  5
FBA7
330
2
100
AcDbEntity
  8
0-CAD-polyline
 62
     3
100
AcDbLine
 10
548.311854384237
 20
-5184.335792689664
 30
0
 11
548.3118539073998
 21
-5183.335792689664
 31
0
  0
LINE
  5
FBA8
330
2
100
AcDbEntity
  8
0-CAD-polyline
 62
     3
100
AcDbLine
 10
550.6297707700664
 20
-5182.997413783414
 30
0
 11
549.763745091253
 21
-5182.497413783414
 31
0
  0
LINE
  5
FBA9
330
2
100
AcDbEntity
  8
0-CAD-polyline
 62
     3
100
AcDbLine
 10
556.6297652938897
 20
-5172.605323939664
 30
0
 11
555.7637393692071
 21
-5172.105323939664
 31
0
  0
LINE
  5
FBAA
330
2
100
AcDbEntity
  8
0-CAD-polyline
 62
     3
100
AcDbLine
 10
558.0811836937005
 20
-5171.800636439664
 30
0
 11
558.1160824516351
 21
-5170.801613002164
 31
0
  0
LINE
  5
FBAB
330
2
100
AcDbEntity
  8
0-CAD-polyline
 62
     3
100
AcDbLine
 10
580.0677812316949
 20
-5172.568214564664
 30
0
 11
580.1026818969781
 21
-5171.569191127164
 31
0
  0
LINE
  5
FBAC
330
2
100
AcDbEntity
  8
0-CAD-polyline
 62
     3
100
AcDbLine
 10
582.3978994110162
 20
-5172.199073939664
 30
0
 11
582.0558774688775
 21
-5171.259620814664
 31
0
  0
POLYLINE
  5
FBAD
330
2
100
AcDbEntity
  8
0-CAD-polyline
 62
     4
100
AcDb2dPolyline
 66
     1
 10
0
 20
0
 30
0
 40
0
 41
0
  0
VERTEX
  5
FBAE
330
FBAD
100
AcDbEntity
  8
0-CAD-polyline
 62
     4
100
AcDbVertex
100
AcDb2dVertex
 10
514.712421200567
 20
-5163.902198939664
 30
0
  0
VERTEX
  5
FBAF
330
FBAD
100
AcDbEntity
  8
0-CAD-polyline
 62
     4
100
AcDbVertex
100
AcDb2dVertex
 10
514.0177648284966
 20
-5164.621925502164
 30
0
  0
VERTEX
  5
FBB0
330
FBAD
100
AcDbEntity
  8
0-CAD-polyline
 62
     4
100
AcDbVertex
100
AcDb2dVertex
 10
533.4399488189752
 20
-5183.377784877164
 30
0
  0
VERTEX
  5
FBB1
330
FBAD
100
AcDbEntity
  8
0-CAD-polyline
 62
     4
100
AcDbVertex
100
AcDb2dVertex
 10
535.81185891419
 20
-5184.335792689664
 30
0
  0
VERTEX
  5
FBB2
330
FBAD
100
AcDbEntity
  8
0-CAD-polyline
 62
     4
100
AcDbVertex
100
AcDb2dVertex
 10
542.0618665435845
 20
-5184.335792689664
 30
0
  0
VERTEX
  5
FBB3
330
FBAD
100
AcDbEntity
  8
0-CAD-polyline
 62
     4
100
AcDbVertex
100
AcDb2dVertex
 10
548.3118591526086
 20
-5184.335792689664
 30
0
  0
VERTEX
  5
FBB4
330
FBAD
100
AcDbEntity
  8
0-CAD-polyline
 62
     4
100
AcDbVertex
100
AcDb2dVertex
 10
550.629775538438
 20
-5182.997413783414
 30
0
  0
VERTEX
  5
FBB5
330
FBAD
100
AcDbEntity
  8
0-CAD-polyline
 62
     4
100
AcDbVertex
100
AcDb2dVertex
 10
556.6297700622613
 20
-5172.605323939664
 30
0
  0
VERTEX
  5
FBB6
330
FBAD
100
AcDbEntity
  8
0-CAD-polyline
 62
     4
100
AcDbVertex
100
AcDb2dVertex
 10
558.0669658401544
 20
-5171.965675502164
 30
0
  0
VERTEX
  5
FBB7
330
FBAD
100
AcDbEntity
  8
0-CAD-polyline
 62
     4
100
AcDbVertex
100
AcDb2dVertex
 10
579.586215756231
 20
-5176.539894252164
 30
0
  0
VERTEX
  5
FBB8
330
FBAD
100
AcDbEntity
  8
0-CAD-polyline
 62
     4
100
AcDbVertex
100
AcDb2dVertex
 10
582.10553910523
 20
-5176.095070033414
 30
0
  0
VERTEX
  5
FBB9
330
FBAD
100
AcDbEntity
  8
0-CAD-polyline
 62
     4
100
AcDbVertex
100
AcDb2dVertex
 10
592.2821157196099
 20
-5169.736183314664
 30
0
  0
VERTEX
  5
FBBA
330
FBAD
100
AcDbEntity
  8
0-CAD-polyline
 62
     4
100
AcDbVertex
100
AcDb2dVertex
 10
591.7521932342584
 20
-5168.888527064664
 30
0
  0
VERTEX
  5
FBBB
330
FBAD
100
AcDbEntity
  8
0-CAD-polyline
 62
     4
100
AcDbVertex
100
AcDb2dVertex
 10
581.5756204345757
 20
-5175.247413783414
 30
0
  0
VERTEX
  5
FBBC
330
FBAD
100
AcDbEntity
  8
0-CAD-polyline
 62
     4
100
AcDbVertex
100
AcDb2dVertex
 10
579.7941282012994
 20
-5175.561378627164
 30
0
  0
VERTEX
  5
FBBD
330
FBAD
100
AcDbEntity
  8
0-CAD-polyline
 62
     4
100
AcDbVertex
100
AcDb2dVertex
 10
558.2748773315484
 20
-5170.987159877164
 30
0
  0
VERTEX
  5
FBBE
330
FBAD
100
AcDbEntity
  8
0-CAD-polyline
 62
     4
100
AcDbVertex
100
AcDb2dVertex
 10
555.7637441375787
 20
-5172.105323939664
 30
0
  0
VERTEX
  5
FBBF
330
FBAD
100
AcDbEntity
  8
0-CAD-polyline
 62
     4
100
AcDbVertex
100
AcDb2dVertex
 10
549.7637498596246
 20
-5182.497413783414
 30
0
  0
VERTEX
  5
FBC0
330
FBAD
100
AcDbEntity
  8
0-CAD-polyline
 62
     4
100
AcDbVertex
100
AcDb2dVertex
 10
548.3118586757714
 20
-5183.335792689664
 30
0
  0
VERTEX
  5
FBC1
330
FBAD
100
AcDbEntity
  8
0-CAD-polyline
 62
     4
100
AcDbVertex
100
AcDb2dVertex
 10
542.0618665435845
 20
-5183.335792689664
 30
0
  0
VERTEX
  5
FBC2
330
FBAD
100
AcDbEntity
  8
0-CAD-polyline
 62
     4
100
AcDbVertex
100
AcDb2dVertex
 10
535.81185891419
 20
-5183.335792689664
 30
0
  0
VERTEX
  5
FBC3
330
FBAD
100
AcDbEntity
  8
0-CAD-polyline
 62
     4
100
AcDbVertex
100
AcDb2dVertex
 10
534.1346051910455
 20
-5182.658058314664
 30
0
  0
VERTEX
  5
FBC4
330
FBAD
100
AcDbEntity
  8
0-CAD-polyline
 62
     4
100
AcDbVertex
100
AcDb2dVertex
 10
514.712421200567
 20
-5163.902198939664
 30
0
  0
SEQEND
  5
FBC5
330
FBAD
100
AcDbEntity
  8
0-CAD-polyline
  0
LINE
  5
FBC6
330
2
100
AcDbEntity
  8
0-CAD-polyline
 62
     4
100
AcDbLine
 10
533.4399488189752
 20
-5183.377784877164
 30
0
 11
534.1346051910455
 21
-5182.658058314664
 31
0
  0
LINE
  5
FBC7
330
2
100
AcDbEntity
  8
0-CAD-polyline
 62
     4
100
AcDbLine
 10
535.81185891419
 20
-5184.335792689664
 30
0
 11
535.81185891419
 21
-5183.335792689664
 31
0
  0
LINE
  5
FBC8
330
2
100
AcDbEntity
  8
0-CAD-polyline
 62
     4
100
AcDbLine
 10
542.0618665435845
 20
-5184.335792689664
 30
0
 11
542.0618665435845
 21
-5183.335792689664
 31
0
  0
LINE
  5
FBC9
330
2
100
AcDbEntity
  8
0-CAD-polyline
 62
     4
100
AcDbLine
 10
548.3118591526086
 20
-5184.335792689664
 30
0
 11
548.3118586757714
 21
-5183.335792689664
 31
0
  0
LINE
  5
FBCA
330
2
100
AcDbEntity
  8
0-CAD-polyline
 62
     4
100
AcDbLine
 10
550.629775538438
 20
-5182.997413783414
 30
0
 11
549.7637498596246
 21
-5182.497413783414
 31
0
  0
LINE
  5
FBCB
330
2
100
AcDbEntity
  8
0-CAD-polyline
 62
     4
100
AcDbLine
 10
556.6297700622613
 20
-5172.605323939664
 30
0
 11
555.7637441375787
 21
-5172.105323939664
 31
0
  0
LINE
  5
FBCC
330
2
100
AcDbEntity
  8
0-CAD-polyline
 62
     4
100
AcDbLine
 10
558.0669658401544
 20
-5171.965675502164
 30
0
 11
558.2748773315484
 21
-5170.987159877164
 31
0
  0
LINE
  5
FBCD
330
2
100
AcDbEntity
  8
0-CAD-polyline
 62
     4
100
AcDbLine
 10
579.586215756231
 20
-5176.539894252164
 30
0
 11
579.7941282012994
 21
-5175.561378627164
 31
0
  0
LINE
  5
FBCE
330
2
100
AcDbEntity
  8
0-CAD-polyline
 62
     4
100
AcDbLine
 10
582.10553910523
 20
-5176.095070033414
 30
0
 11
581.5756204345757
 21
-5175.247413783414
 31
0
  0
POLYLINE
  5
FBCF
330
2
100
AcDbEntity
  8
0-CAD-polyline
 62
     5
100
AcDb2dPolyline
 66
     1
 10
0
 20
0
 30
0
 40
0
 41
0
  0
VERTEX
  5
FBD0
330
FBCF
100
AcDbEntity
  8
0-CAD-polyline
 62
     5
100
AcDbVertex
100
AcDb2dVertex
 10
517.9318502166802
 20
-5161.056984095914
 30
0
  0
VERTEX
  5
FBD1
330
FBCF
100
AcDbEntity
  8
0-CAD-polyline
 62
     5
100
AcDbVertex
100
AcDb2dVertex
 10
517.1353185394341
 20
-5161.661476283414
 30
0
  0
VERTEX
  5
FBD2
330
FBCF
100
AcDbEntity
  8
0-CAD-polyline
 62
     5
100
AcDbVertex
100
AcDb2dVertex
 10
533.4594991424615
 20
-5183.167823939664
 30
0
  0
VERTEX
  5
FBD3
330
FBCF
100
AcDbEntity
  8
0-CAD-polyline
 62
     5
100
AcDbVertex
100
AcDb2dVertex
 10
535.8118512847955
 20
-5184.335792689664
 30
0
  0
VERTEX
  5
FBD4
330
FBCF
100
AcDbEntity
  8
0-CAD-polyline
 62
     5
100
AcDbVertex
100
AcDb2dVertex
 10
542.06185891419
 20
-5184.335792689664
 30
0
  0
VERTEX
  5
FBD5
330
FBCF
100
AcDbEntity
  8
0-CAD-polyline
 62
     5
100
AcDbVertex
100
AcDb2dVertex
 10
548.3118512847955
 20
-5184.335792689664
 30
0
  0
VERTEX
  5
FBD6
330
FBCF
100
AcDbEntity
  8
0-CAD-polyline
 62
     5
100
AcDbVertex
100
AcDb2dVertex
 10
550.6297683411772
 20
-5182.997413783414
 30
0
  0
VERTEX
  5
FBD7
330
FBCF
100
AcDbEntity
  8
0-CAD-polyline
 62
     5
100
AcDbVertex
100
AcDb2dVertex
 10
556.6297681549127
 20
-5172.605323939664
 30
0
  0
VERTEX
  5
FBD8
330
FBCF
100
AcDbEntity
  8
0-CAD-polyline
 62
     5
100
AcDbVertex
100
AcDb2dVertex
 10
558.0341642120416
 20
-5172.121437220914
 30
0
  0
VERTEX
  5
FBD9
330
FBCF
100
AcDbEntity
  8
0-CAD-polyline
 62
     5
100
AcDbVertex
100
AcDb2dVertex
 10
578.4322087982232
 20
-5180.362648158414
 30
0
  0
VERTEX
  5
FBDA
330
FBCF
100
AcDbEntity
  8
0-CAD-polyline
 62
     5
100
AcDbVertex
100
AcDb2dVertex
 10
581.0968187072808
 20
-5179.845070033414
 30
0
  0
VERTEX
  5
FBDB
330
FBCF
100
AcDbEntity
  8
0-CAD-polyline
 62
     5
100
AcDbVertex
100
AcDb2dVertex
 10
589.7288930633599
 20
-5171.509132533414
 30
0
  0
VERTEX
  5
FBDC
330
FBCF
100
AcDbEntity
  8
0-CAD-polyline
 62
     5
100
AcDbVertex
100
AcDb2dVertex
 10
589.0342366912896
 20
-5170.789405970914
 30
0
  0
VERTEX
  5
FBDD
330
FBCF
100
AcDbEntity
  8
0-CAD-polyline
 62
     5
100
AcDbVertex
100
AcDb2dVertex
 10
580.4021585205132
 20
-5179.125343470914
 30
0
  0
VERTEX
  5
FBDE
330
FBCF
100
AcDbEntity
  8
0-CAD-polyline
 62
     5
100
AcDbVertex
100
AcDb2dVertex
 10
578.8068158844048
 20
-5179.435890345914
 30
0
  0
VERTEX
  5
FBDF
330
FBCF
100
AcDbEntity
  8
0-CAD-polyline
 62
     5
100
AcDbVertex
100
AcDb2dVertex
 10
558.4087703445489
 20
-5171.194679408414
 30
0
  0
VERTEX
  5
FBE0
330
FBCF
100
AcDbEntity
  8
0-CAD-polyline
 62
     5
100
AcDbVertex
100
AcDb2dVertex
 10
555.7637431839044
 20
-5172.105323939664
 30
0
  0
VERTEX
  5
FBE1
330
FBCF
100
AcDbEntity
  8
0-CAD-polyline
 62
     5
100
AcDbVertex
100
AcDb2dVertex
 10
549.7637429454858
 20
-5182.497413783414
 30
0
  0
VERTEX
  5
FBE2
330
FBCF
100
AcDbEntity
  8
0-CAD-polyline
 62
     5
100
AcDbVertex
100
AcDb2dVertex
 10
548.3118512847955
 20
-5183.335792689664
 30
0
  0
VERTEX
  5
FBE3
330
FBCF
100
AcDbEntity
  8
0-CAD-polyline
 62
     5
100
AcDbVertex
100
AcDb2dVertex
 10
542.06185891419
 20
-5183.335792689664
 30
0
  0
VERTEX
  5
FBE4
330
FBCF
100
AcDbEntity
  8
0-CAD-polyline
 62
     5
100
AcDbVertex
100
AcDb2dVertex
 10
535.8118512847955
 20
-5183.335792689664
 30
0
  0
VERTEX
  5
FBE5
330
FBCF
100
AcDbEntity
  8
0-CAD-polyline
 62
     5
100
AcDbVertex
100
AcDb2dVertex
 10
534.2560308197076
 20
-5182.563331752164
 30
0
  0
VERTEX
  5
FBE6
330
FBCF
100
AcDbEntity
  8
0-CAD-polyline
 62
     5
100
AcDbVertex
100
AcDb2dVertex
 10
517.9318502166802
 20
-5161.056984095914
 30
0
  0
SEQEND
  5
FBE7
330
FBCF
100
AcDbEntity
  8
0-CAD-polyline
  0
LINE
  5
FBE8
330
2
100
AcDbEntity
  8
0-CAD-polyline
 62
     5
100
AcDbLine
 10
533.4594991424615
 20
-5183.167823939664
 30
0
 11
534.2560308197076
 21
-5182.563331752164
 31
0
  0
LINE
  5
FBE9
330
2
100
AcDbEntity
  8
0-CAD-polyline
 62
     5
100
AcDbLine
 10
535.8118512847955
 20
-5184.335792689664
 30
0
 11
535.8118512847955
 21
-5183.335792689664
 31
0
  0
LINE
  5
FBEA
330
2
100
AcDbEntity
  8
0-CAD-polyline
 62
     5
100
AcDbLine
 10
542.06185891419
 20
-5184.335792689664
 30
0
 11
542.06185891419
 21
-5183.335792689664
 31
0
  0
LINE
  5
FBEB
330
2
100
AcDbEntity
  8
0-CAD-polyline
 62
     5
100
AcDbLine
 10
548.3118512847955
 20
-5184.335792689664
 30
0
 11
548.3118512847955
 21
-5183.335792689664
 31
0
  0
LINE
  5
FBEC
330
2
100
AcDbEntity
  8
0-CAD-polyline
 62
     5
100
AcDbLine
 10
550.6297683411772
 20
-5182.997413783414
 30
0
 11
549.7637429454858
 21
-5182.497413783414
 31
0
  0
LINE
  5
FBED
330
2
100
AcDbEntity
  8
0-CAD-polyline
 62
     5
100
AcDbLine
 10
556.6297681549127
 20
-5172.605323939664
 30
0
 11
555.7637431839044
 21
-5172.105323939664
 31
0
  0
LINE
  5
FBEE
330
2
100
AcDbEntity
  8
0-CAD-polyline
 62
     5
100
AcDbLine
 10
558.0341642120416
 20
-5172.121437220914
 30
0
 11
558.4087703445489
 21
-5171.194679408414
 31
0
  0
LINE
  5
FBEF
330
2
100
AcDbEntity
  8
0-CAD-polyline
 62
     5
100
AcDbLine
 10
578.4322087982232
 20
-5180.362648158414
 30
0
 11
578.8068158844048
 21
-5179.435890345914
 31
0
  0
LINE
  5
FBF0
330
2
100
AcDbEntity
  8
0-CAD-polyline
 62
     5
100
AcDbLine
 10
581.0968187072808
 20
-5179.845070033414
 30
0
 11
580.4021585205132
 21
-5179.125343470914
 31
0
  0
POLYLINE
  5
FBF1
330
2
100
AcDbEntity
  8
0-CAD-polyline
 62
     6
100
AcDb2dPolyline
 66
     1
 10
0
 20
0
 30
0
 40
0
 41
0
  0
VERTEX
  5
FBF2
330
FBF1
100
AcDbEntity
  8
0-CAD-polyline
 62
     6
100
AcDbVertex
100
AcDb2dVertex
 10
521.5416333892877
 20
-5158.733741908414
 30
0
  0
VERTEX
  5
FBF3
330
FBF1
100
AcDbEntity
  8
0-CAD-polyline
 62
     6
100
AcDbVertex
100
AcDb2dVertex
 10
520.6619832733209
 20
-5159.209327845914
 30
0
  0
VERTEX
  5
FBF4
330
FBF1
100
AcDbEntity
  8
0-CAD-polyline
 62
     6
100
AcDbVertex
100
AcDb2dVertex
 10
533.503846905523
 20
-5182.959816127164
 30
0
  0
VERTEX
  5
FBF5
330
FBF1
100
AcDbEntity
  8
0-CAD-polyline
 62
     6
100
AcDbVertex
100
AcDb2dVertex
 10
535.8118579605157
 20
-5184.335792689664
 30
0
  0
VERTEX
  5
FBF6
330
FBF1
100
AcDbEntity
  8
0-CAD-polyline
 62
     6
100
AcDbVertex
100
AcDb2dVertex
 10
542.0618655899102
 20
-5184.335792689664
 30
0
  0
VERTEX
  5
FBF7
330
FBF1
100
AcDbEntity
  8
0-CAD-polyline
 62
     6
100
AcDbVertex
100
AcDb2dVertex
 10
548.3118581989343
 20
-5184.335792689664
 30
0
  0
VERTEX
  5
FBF8
330
FBF1
100
AcDbEntity
  8
0-CAD-polyline
 62
     6
100
AcDbVertex
100
AcDb2dVertex
 10
550.6297745847637
 20
-5182.997413783414
 30
0
  0
VERTEX
  5
FBF9
330
FBF1
100
AcDbEntity
  8
0-CAD-polyline
 62
     6
100
AcDbVertex
100
AcDb2dVertex
 10
556.629769108587
 20
-5172.605323939664
 30
0
  0
VERTEX
  5
FBFA
330
FBF1
100
AcDbEntity
  8
0-CAD-polyline
 62
     6
100
AcDbVertex
100
AcDb2dVertex
 10
557.9957940795953
 20
-5172.239601283414
 30
0
  0
VERTEX
  5
FBFB
330
FBF1
100
AcDbEntity
  8
0-CAD-polyline
 62
     6
100
AcDbVertex
100
AcDb2dVertex
 10
577.048358700567
 20
-5183.239601283414
 30
0
  0
VERTEX
  5
FBFC
330
FBF1
100
AcDbEntity
  8
0-CAD-polyline
 62
     6
100
AcDbVertex
100
AcDb2dVertex
 10
579.785907528692
 20
-5182.556984095914
 30
0
  0
VERTEX
  5
FBFD
330
FBF1
100
AcDbEntity
  8
0-CAD-polyline
 62
     6
100
AcDbVertex
100
AcDb2dVertex
 10
586.1449315765435
 20
-5172.380226283414
 30
0
  0
VERTEX
  5
FBFE
330
FBF1
100
AcDbEntity
  8
0-CAD-polyline
 62
     6
100
AcDbVertex
100
AcDb2dVertex
 10
585.2968862274224
 20
-5171.849952845914
 30
0
  0
VERTEX
  5
FBFF
330
FBF1
100
AcDbEntity
  8
0-CAD-polyline
 62
     6
100
AcDbVertex
100
AcDb2dVertex
 10
578.9378583648736
 20
-5182.026710658414
 30
0
  0
VERTEX
  5
FC00
330
FBF1
100
AcDbEntity
  8
0-CAD-polyline
 62
     6
100
AcDbVertex
100
AcDb2dVertex
 10
577.548358700567
 20
-5182.373390345914
 30
0
  0
VERTEX
  5
FC01
330
FBF1
100
AcDbEntity
  8
0-CAD-polyline
 62
     6
100
AcDbVertex
100
AcDb2dVertex
 10
558.4957940795953
 20
-5171.373390345914
 30
0
  0
VERTEX
  5
FC02
330
FBF1
100
AcDbEntity
  8
0-CAD-polyline
 62
     6
100
AcDbVertex
100
AcDb2dVertex
 10
555.7637431839044
 20
-5172.105323939664
 30
0
  0
VERTEX
  5
FC03
330
FBF1
100
AcDbEntity
  8
0-CAD-polyline
 62
     6
100
AcDbVertex
100
AcDb2dVertex
 10
549.7637489059503
 20
-5182.497413783414
 30
0
  0
VERTEX
  5
FC04
330
FBF1
100
AcDbEntity
  8
0-CAD-polyline
 62
     6
100
AcDbVertex
100
AcDb2dVertex
 10
548.3118577220971
 20
-5183.335792689664
 30
0
  0
VERTEX
  5
FC05
330
FBF1
100
AcDbEntity
  8
0-CAD-polyline
 62
     6
100
AcDbVertex
100
AcDb2dVertex
 10
542.0618655899102
 20
-5183.335792689664
 30
0
  0
VERTEX
  5
FC06
330
FBF1
100
AcDbEntity
  8
0-CAD-polyline
 62
     6
100
AcDbVertex
100
AcDb2dVertex
 10
535.8118579605157
 20
-5183.335792689664
 30
0
  0
VERTEX
  5
FC07
330
FBF1
100
AcDbEntity
  8
0-CAD-polyline
 62
     6
100
AcDbVertex
100
AcDb2dVertex
 10
534.3834970214898
 20
-5182.484230189664
 30
0
  0
VERTEX
  5
FC08
330
FBF1
100
AcDbEntity
  8
0-CAD-polyline
 62
     6
100
AcDbVertex
100
AcDb2dVertex
 10
521.5416333892877
 20
-5158.733741908414
 30
0
  0
SEQEND
  5
FC09
330
FBF1
100
AcDbEntity
  8
0-CAD-polyline
  0
LINE
  5
FC0A
330
2
100
AcDbEntity
  8
0-CAD-polyline
 62
     6
100
AcDbLine
 10
533.503846905523
 20
-5182.959816127164
 30
0
 11
534.3834970214898
 21
-5182.484230189664
 31
0
  0
LINE
  5
FC0B
330
2
100
AcDbEntity
  8
0-CAD-polyline
 62
     6
100
AcDbLine
 10
535.8118579605157
 20
-5184.335792689664
 30
0
 11
535.8118579605157
 21
-5183.335792689664
 31
0
  0
LINE
  5
FC0C
330
2
100
AcDbEntity
  8
0-CAD-polyline
 62
     6
100
AcDbLine
 10
542.0618655899102
 20
-5184.335792689664
 30
0
 11
542.0618655899102
 21
-5183.335792689664
 31
0
  0
LINE
  5
FC0D
330
2
100
AcDbEntity
  8
0-CAD-polyline
 62
     6
100
AcDbLine
 10
548.3118581989343
 20
-5184.335792689664
 30
0
 11
548.3118577220971
 21
-5183.335792689664
 31
0
  0
LINE
  5
FC0E
330
2
100
AcDbEntity
  8
0-CAD-polyline
 62
     6
100
AcDbLine
 10
550.6297745847637
 20
-5182.997413783414
 30
0
 11
549.7637489059503
 21
-5182.497413783414
 31
0
  0
LINE
  5
FC0F
330
2
100
AcDbEntity
  8
0-CAD-polyline
 62
     6
100
AcDbLine
 10
556.629769108587
 20
-5172.605323939664
 30
0
 11
555.7637431839044
 21
-5172.105323939664
 31
0
  0
LINE
  5
FC10
330
2
100
AcDbEntity
  8
0-CAD-polyline
 62
     6
100
AcDbLine
 10
557.9957940795953
 20
-5172.239601283414
 30
0
 11
558.4957940795953
 21
-5171.373390345914
 31
0
  0
LINE
  5
FC11
330
2
100
AcDbEntity
  8
0-CAD-polyline
 62
     6
100
AcDbLine
 10
577.048358700567
 20
-5183.239601283414
 30
0
 11
577.548358700567
 21
-5182.373390345914
 31
0
  0
LINE
  5
FC12
330
2
100
AcDbEntity
  8
0-CAD-polyline
 62
     6
100
AcDbLine
 10
579.785907528692
 20
-5182.556984095914
 30
0
 11
578.9378583648736
 21
-5182.026710658414
 31
0
  0
POLYLINE
  5
FC13
330
2
100
AcDbEntity
  8
0-CAD-polyline
 62
     7
100
AcDb2dPolyline
 66
     1
 10
0
 20
0
 30
0
 40
0
 41
0
  0
VERTEX
  5
FC14
330
FC13
100
AcDbEntity
  8
0-CAD-polyline
 62
     7
100
AcDbVertex
100
AcDb2dVertex
 10
525.4577367523248
 20
-5156.985206752164
 30
0
  0
VERTEX
  5
FC15
330
FC13
100
AcDbEntity
  8
0-CAD-polyline
 62
     7
100
AcDbVertex
100
AcDb2dVertex
 10
524.5156781890923
 20
-5157.321144252164
 30
0
  0
VERTEX
  5
FC16
330
FC13
100
AcDbEntity
  8
0-CAD-polyline
 62
     7
100
AcDbVertex
100
AcDb2dVertex
 10
533.5728738525445
 20
-5182.756691127164
 30
0
  0
VERTEX
  5
FC17
330
FC13
100
AcDbEntity
  8
0-CAD-polyline
 62
     7
100
AcDbVertex
100
AcDb2dVertex
 10
535.8118503311211
 20
-5184.335792689664
 30
0
  0
VERTEX
  5
FC18
330
FC13
100
AcDbEntity
  8
0-CAD-polyline
 62
     7
100
AcDbVertex
100
AcDb2dVertex
 10
542.0618579605157
 20
-5184.335792689664
 30
0
  0
VERTEX
  5
FC19
330
FC13
100
AcDbEntity
  8
0-CAD-polyline
 62
     7
100
AcDbVertex
100
AcDb2dVertex
 10
548.3118503311211
 20
-5184.335792689664
 30
0
  0
VERTEX
  5
FC1A
330
FC13
100
AcDbEntity
  8
0-CAD-polyline
 62
     7
100
AcDbVertex
100
AcDb2dVertex
 10
550.5544938662583
 20
-5182.765480189664
 30
0
  0
VERTEX
  5
FC1B
330
FC13
100
AcDbEntity
  8
0-CAD-polyline
 62
     7
100
AcDbVertex
100
AcDb2dVertex
 10
554.6587355354363
 20
-5171.489113002164
 30
0
  0
VERTEX
  5
FC1C
330
FC13
100
AcDbEntity
  8
0-CAD-polyline
 62
     7
100
AcDbVertex
100
AcDb2dVertex
 10
555.940448544317
 20
-5170.891456752164
 30
0
  0
VERTEX
  5
FC1D
330
FC13
100
AcDbEntity
  8
0-CAD-polyline
 62
     7
100
AcDbVertex
100
AcDb2dVertex
 10
576.6136853912408
 20
-5178.415870814664
 30
0
  0
VERTEX
  5
FC1E
330
FC13
100
AcDbEntity
  8
0-CAD-polyline
 62
     7
100
AcDbVertex
100
AcDb2dVertex
 10
579.191123745733
 20
-5177.268409877164
 30
0
  0
VERTEX
  5
FC1F
330
FC13
100
AcDbEntity
  8
0-CAD-polyline
 62
     7
100
AcDbVertex
100
AcDb2dVertex
 10
583.6864011505181
 20
-5166.142433314664
 30
0
  0
VERTEX
  5
FC20
330
FC13
100
AcDbEntity
  8
0-CAD-polyline
 62
     7
100
AcDbVertex
100
AcDb2dVertex
 10
582.7592160919244
 20
-5165.767433314664
 30
0
  0
VERTEX
  5
FC21
330
FC13
100
AcDbEntity
  8
0-CAD-polyline
 62
     7
100
AcDbVertex
100
AcDb2dVertex
 10
578.2639386871392
 20
-5176.893409877164
 30
0
  0
VERTEX
  5
FC22
330
FC13
100
AcDbEntity
  8
0-CAD-polyline
 62
     7
100
AcDbVertex
100
AcDb2dVertex
 10
576.9557073333795
 20
-5177.476417689664
 30
0
  0
VERTEX
  5
FC23
330
FC13
100
AcDbEntity
  8
0-CAD-polyline
 62
     7
100
AcDbVertex
100
AcDb2dVertex
 10
556.282468579107
 20
-5169.952003627164
 30
0
  0
VERTEX
  5
FC24
330
FC13
100
AcDbEntity
  8
0-CAD-polyline
 62
     7
100
AcDbVertex
100
AcDb2dVertex
 10
553.7190430381829
 20
-5171.147316127164
 30
0
  0
VERTEX
  5
FC25
330
FC13
100
AcDbEntity
  8
0-CAD-polyline
 62
     7
100
AcDbVertex
100
AcDb2dVertex
 10
549.614801190191
 20
-5182.423683314664
 30
0
  0
VERTEX
  5
FC26
330
FC13
100
AcDbEntity
  8
0-CAD-polyline
 62
     7
100
AcDbVertex
100
AcDb2dVertex
 10
548.3118503311211
 20
-5183.335792689664
 30
0
  0
VERTEX
  5
FC27
330
FC13
100
AcDbEntity
  8
0-CAD-polyline
 62
     7
100
AcDbVertex
100
AcDb2dVertex
 10
542.0618579605157
 20
-5183.335792689664
 30
0
  0
VERTEX
  5
FC28
330
FC13
100
AcDbEntity
  8
0-CAD-polyline
 62
     7
100
AcDbVertex
100
AcDb2dVertex
 10
535.8118503311211
 20
-5183.335792689664
 30
0
  0
VERTEX
  5
FC29
330
FC13
100
AcDbEntity
  8
0-CAD-polyline
 62
     7
100
AcDbVertex
100
AcDb2dVertex
 10
534.5149324157769
 20
-5182.420753627164
 30
0
  0
VERTEX
  5
FC2A
330
FC13
100
AcDbEntity
  8
0-CAD-polyline
 62
     7
100
AcDbVertex
100
AcDb2dVertex
 10
525.4577367523248
 20
-5156.985206752164
 30
0
  0
SEQEND
  5
FC2B
330
FC13
100
AcDbEntity
  8
0-CAD-polyline
  0
LINE
  5
FC2C
330
2
100
AcDbEntity
  8
0-CAD-polyline
 62
     7
100
AcDbLine
 10
533.5728738525445
 20
-5182.756691127164
 30
0
 11
534.5149324157769
 21
-5182.420753627164
 31
0
  0
LINE
  5
FC2D
330
2
100
AcDbEntity
  8
0-CAD-polyline
 62
     7
100
AcDbLine
 10
535.8118503311211
 20
-5184.335792689664
 30
0
 11
535.8118503311211
 21
-5183.335792689664
 31
0
  0
LINE
  5
FC2E
330
2
100
AcDbEntity
  8
0-CAD-polyline
 62
     7
100
AcDbLine
 10
542.0618579605157
 20
-5184.335792689664
 30
0
 11
542.0618579605157
 21
-5183.335792689664
 31
0
  0
LINE
  5
FC2F
330
2
100
AcDbEntity
  8
0-CAD-polyline
 62
     7
100
AcDbLine
 10
548.3118503311211
 20
-5184.335792689664
 30
0
 11
548.3118503311211
 21
-5183.335792689664
 31
0
  0
LINE
  5
FC30
330
2
100
AcDbEntity
  8
0-CAD-polyline
 62
     7
100
AcDbLine
 10
550.5544938662583
 20
-5182.765480189664
 30
0
 11
549.614801190191
 21
-5182.423683314664
 31
0
  0
LINE
  5
FC31
330
2
100
AcDbEntity
  8
0-CAD-polyline
 62
     7
100
AcDbLine
 10
554.6587355354363
 20
-5171.489113002164
 30
0
 11
553.7190430381829
 21
-5171.147316127164
 31
0
  0
LINE
  5
FC32
330
2
100
AcDbEntity
  8
0-CAD-polyline
 62
     7
100
AcDbLine
 10
555.940448544317
 20
-5170.891456752164
 30
0
 11
556.282468579107
 21
-5169.952003627164
 31
0
  0
LINE
  5
FC33
330
2
100
AcDbEntity
  8
0-CAD-polyline
 62
     7
100
AcDbLine
 10
576.6136853912408
 20
-5178.415870814664
 30
0
 11
576.9557073333795
 21
-5177.476417689664
 31
0
  0
LINE
  5
FC34
330
2
100
AcDbEntity
  8
0-CAD-polyline
 62
     7
100
AcDbLine
 10
579.191123745733
 20
-5177.268409877164
 30
0
 11
578.2639386871392
 21
-5176.893409877164
 31
0
  0
POLYLINE
  5
FC35
330
2
100
AcDbEntity
  8
0-CAD-polyline
 62
     1
100
AcDb2dPolyline
 66
     1
 10
0
 20
0
 30
0
 40
0
 41
0
  0
VERTEX
  5
FC36
330
FC35
100
AcDbEntity
  8
0-CAD-polyline
 62
     1
100
AcDbVertex
100
AcDb2dVertex
 10
529.5890329101617
 20
-5155.851417689664
 30
0
  0
VERTEX
  5
FC37
330
FC35
100
AcDbEntity
  8
0-CAD-polyline
 62
     1
100
AcDbVertex
100
AcDb2dVertex
 10
528.606744549566
 20
-5156.038917689664
 30
0
  0
VERTEX
  5
FC38
330
FC35
100
AcDbEntity
  8
0-CAD-polyline
 62
     1
100
AcDbVertex
100
AcDb2dVertex
 10
533.6660478332574
 20
-5182.560890345914
 30
0
  0
VERTEX
  5
FC39
330
FC35
100
AcDbEntity
  8
0-CAD-polyline
 62
     1
100
AcDbVertex
100
AcDb2dVertex
 10
535.8118550994927
 20
-5184.335792689664
 30
0
  0
VERTEX
  5
FC3A
330
FC35
100
AcDbEntity
  8
0-CAD-polyline
 62
     1
100
AcDbVertex
100
AcDb2dVertex
 10
542.0618627288873
 20
-5184.335792689664
 30
0
  0
VERTEX
  5
FC3B
330
FC35
100
AcDbEntity
  8
0-CAD-polyline
 62
     1
100
AcDbVertex
100
AcDb2dVertex
 10
548.3118550994927
 20
-5184.335792689664
 30
0
  0
VERTEX
  5
FC3C
330
FC35
100
AcDbEntity
  8
0-CAD-polyline
 62
     1
100
AcDbVertex
100
AcDb2dVertex
 10
550.3835299232537
 20
-5182.437355189664
 30
0
  0
VERTEX
  5
FC3D
330
FC35
100
AcDbEntity
  8
0-CAD-polyline
 62
     1
100
AcDbVertex
100
AcDb2dVertex
 10
551.4293987968499
 20
-5170.483253627164
 30
0
  0
VERTEX
  5
FC3E
330
FC35
100
AcDbEntity
  8
0-CAD-polyline
 62
     1
100
AcDbVertex
100
AcDb2dVertex
 10
552.5127492168481
 20
-5169.574073939664
 30
0
  0
VERTEX
  5
FC3F
330
FC35
100
AcDbEntity
  8
0-CAD-polyline
 62
     1
100
AcDbVertex
100
AcDb2dVertex
 10
574.4290330627496
 20
-5171.491554408414
 30
0
  0
VERTEX
  5
FC40
330
FC35
100
AcDbEntity
  8
0-CAD-polyline
 62
     1
100
AcDbVertex
100
AcDb2dVertex
 10
576.6152703979546
 20
-5169.705421595914
 30
0
  0
VERTEX
  5
FC41
330
FC35
100
AcDbEntity
  8
0-CAD-polyline
 62
     1
100
AcDbVertex
100
AcDb2dVertex
 10
577.9737088897759
 20
-5157.782570033414
 30
0
  0
VERTEX
  5
FC42
330
FC35
100
AcDbEntity
  8
0-CAD-polyline
 62
     1
100
AcDbVertex
100
AcDb2dVertex
 10
576.9801366546685
 20
-5157.669288783414
 30
0
  0
VERTEX
  5
FC43
330
FC35
100
AcDbEntity
  8
0-CAD-polyline
 62
     1
100
AcDbVertex
100
AcDb2dVertex
 10
575.6216981628472
 20
-5169.592140345914
 30
0
  0
VERTEX
  5
FC44
330
FC35
100
AcDbEntity
  8
0-CAD-polyline
 62
     1
100
AcDbVertex
100
AcDb2dVertex
 10
574.5161874511773
 20
-5170.495460658414
 30
0
  0
VERTEX
  5
FC45
330
FC35
100
AcDbEntity
  8
0-CAD-polyline
 62
     1
100
AcDbVertex
100
AcDb2dVertex
 10
552.5999050357873
 20
-5168.577980189664
 30
0
  0
VERTEX
  5
FC46
330
FC35
100
AcDbEntity
  8
0-CAD-polyline
 62
     1
100
AcDbVertex
100
AcDb2dVertex
 10
550.4332041212851
 20
-5170.396339564664
 30
0
  0
VERTEX
  5
FC47
330
FC35
100
AcDbEntity
  8
0-CAD-polyline
 62
     1
100
AcDbVertex
100
AcDb2dVertex
 10
549.3873352029855
 20
-5182.350441127164
 30
0
  0
VERTEX
  5
FC48
330
FC35
100
AcDbEntity
  8
0-CAD-polyline
 62
     1
100
AcDbVertex
100
AcDb2dVertex
 10
548.3118550994927
 20
-5183.335792689664
 30
0
  0
VERTEX
  5
FC49
330
FC35
100
AcDbEntity
  8
0-CAD-polyline
 62
     1
100
AcDbVertex
100
AcDb2dVertex
 10
542.0618627288873
 20
-5183.335792689664
 30
0
  0
VERTEX
  5
FC4A
330
FC35
100
AcDbEntity
  8
0-CAD-polyline
 62
     1
100
AcDbVertex
100
AcDb2dVertex
 10
535.8118550994927
 20
-5183.335792689664
 30
0
  0
VERTEX
  5
FC4B
330
FC35
100
AcDbEntity
  8
0-CAD-polyline
 62
     1
100
AcDbVertex
100
AcDb2dVertex
 10
534.6483361938531
 20
-5182.373390345914
 30
0
  0
VERTEX
  5
FC4C
330
FC35
100
AcDbEntity
  8
0-CAD-polyline
 62
     1
100
AcDbVertex
100
AcDb2dVertex
 10
529.5890329101617
 20
-5155.851417689664
 30
0
  0
SEQEND
  5
FC4D
330
FC35
100
AcDbEntity
  8
0-CAD-polyline
  0
LINE
  5
FC4E
330
2
100
AcDbEntity
  8
0-CAD-polyline
 62
     1
100
AcDbLine
 10
533.6660478332574
 20
-5182.560890345914
 30
0
 11
534.6483361938531
 21
-5182.373390345914
 31
0
  0
LINE
  5
FC4F
330
2
100
AcDbEntity
  8
0-CAD-polyline
 62
     1
100
AcDbLine
 10
535.8118550994927
 20
-5184.335792689664
 30
0
 11
535.8118550994927
 21
-5183.335792689664
 31
0
  0
LINE
  5
FC50
330
2
100
AcDbEntity
  8
0-CAD-polyline
 62
     1
100
AcDbLine
 10
542.0618627288873
 20
-5184.335792689664
 30
0
 11
542.0618627288873
 21
-5183.335792689664
 31
0
  0
LINE
  5
FC51
330
2
100
AcDbEntity
  8
0-CAD-polyline
 62
     1
100
AcDbLine
 10
548.3118550994927
 20
-5184.335792689664
 30
0
 11
548.3118550994927
 21
-5183.335792689664
 31
0
  0
LINE
  5
FC52
330
2
100
AcDbEntity
  8
0-CAD-polyline
 62
     1
100
AcDbLine
 10
550.3835299232537
 20
-5182.437355189664
 30
0
 11
549.3873352029855
 21
-5182.350441127164
 31
0
  0
LINE
  5
FC53
330
2
100
AcDbEntity
  8
0-CAD-polyline
 62
     1
100
AcDbLine
 10
551.4293987968499
 20
-5170.483253627164
 30
0
 11
550.4332041212851
 21
-5170.396339564664
 31
0
  0
LINE
  5
FC54
330
2
100
AcDbEntity
  8
0-CAD-polyline
 62
     1
100
AcDbLine
 10
552.5127492168481
 20
-5169.574073939664
 30
0
 11
552.5999050357873
 21
-5168.577980189664
 31
0
  0
LINE
  5
FC55
330
2
100
AcDbEntity
  8
0-CAD-polyline
 62
     1
100
AcDbLine
 10
574.4290330627496
 20
-5171.491554408414
 30
0
 11
574.5161874511773
 21
-5170.495460658414
 31
0
  0
LINE
  5
FC56
330
2
100
AcDbEntity
  8
0-CAD-polyline
 62
     1
100
AcDbLine
 10
576.6152703979546
 20
-5169.705421595914
 30
0
 11
575.6216981628472
 21
-5169.592140345914
 31
0
  0
POLYLINE
  5
FC57
330
2
100
AcDbEntity
  8
0-CAD-polyline
 62
     3
100
AcDb2dPolyline
 66
     1
 10
0
 20
0
 30
0
 40
0
 41
0
  0
VERTEX
  5
FC58
330
FC57
100
AcDbEntity
  8
0-CAD-polyline
 62
     3
100
AcDbVertex
100
AcDb2dVertex
 10
533.8394372680718
 20
-5155.357277064664
 30
0
  0
VERTEX
  5
FC59
330
FC57
100
AcDbEntity
  8
0-CAD-polyline
 62
     3
100
AcDbVertex
100
AcDb2dVertex
 10
532.8400476196343
 20
-5155.392433314664
 30
0
  0
VERTEX
  5
FC5A
330
FC57
100
AcDbEntity
  8
0-CAD-polyline
 62
     3
100
AcDbVertex
100
AcDb2dVertex
 10
533.7823484161431
 20
-5182.375831752164
 30
0
  0
VERTEX
  5
FC5B
330
FC57
100
AcDbEntity
  8
0-CAD-polyline
 62
     3
100
AcDbVertex
100
AcDb2dVertex
 10
535.8118617752129
 20
-5184.335792689664
 30
0
  0
VERTEX
  5
FC5C
330
FC57
100
AcDbEntity
  8
0-CAD-polyline
 62
     3
100
AcDbVertex
100
AcDb2dVertex
 10
542.0618694046075
 20
-5184.335792689664
 30
0
  0
VERTEX
  5
FC5D
330
FC57
100
AcDbEntity
  8
0-CAD-polyline
 62
     3
100
AcDbVertex
100
AcDb2dVertex
 10
548.3118620136315
 20
-5184.335792689664
 30
0
  0
VERTEX
  5
FC5E
330
FC57
100
AcDbEntity
  8
0-CAD-polyline
 62
     3
100
AcDbVertex
100
AcDb2dVertex
 10
550.3118610003526
 20
-5182.335792689664
 30
0
  0
VERTEX
  5
FC5F
330
FC57
100
AcDbEntity
  8
0-CAD-polyline
 62
     3
100
AcDbVertex
100
AcDb2dVertex
 10
550.3118546226556
 20
-5170.335792689664
 30
0
  0
VERTEX
  5
FC60
330
FC57
100
AcDbEntity
  8
0-CAD-polyline
 62
     3
100
AcDbVertex
100
AcDb2dVertex
 10
551.3141788461739
 20
-5169.350929408414
 30
0
  0
VERTEX
  5
FC61
330
FC57
100
AcDbEntity
  8
0-CAD-polyline
 62
     3
100
AcDbVertex
100
AcDb2dVertex
 10
573.3108289459283
 20
-5169.734718470914
 30
0
  0
VERTEX
  5
FC62
330
FC57
100
AcDbEntity
  8
0-CAD-polyline
 62
     3
100
AcDbVertex
100
AcDb2dVertex
 10
575.3742368438775
 20
-5167.810890345914
 30
0
  0
VERTEX
  5
FC63
330
FC57
100
AcDbEntity
  8
0-CAD-polyline
 62
     3
100
AcDbVertex
100
AcDb2dVertex
 10
576.0022618988091
 20
-5155.827491908414
 30
0
  0
VERTEX
  5
FC64
330
FC57
100
AcDbEntity
  8
0-CAD-polyline
 62
     3
100
AcDbVertex
100
AcDb2dVertex
 10
575.0036313751275
 20
-5155.774757533414
 30
0
  0
VERTEX
  5
FC65
330
FC57
100
AcDbEntity
  8
0-CAD-polyline
 62
     3
100
AcDbVertex
100
AcDb2dVertex
 10
574.3756063201959
 20
-5167.758155970914
 30
0
  0
VERTEX
  5
FC66
330
FC57
100
AcDbEntity
  8
0-CAD-polyline
 62
     3
100
AcDbVertex
100
AcDb2dVertex
 10
573.3282811859185
 20
-5168.734718470914
 30
0
  0
VERTEX
  5
FC67
330
FC57
100
AcDbEntity
  8
0-CAD-polyline
 62
     3
100
AcDbVertex
100
AcDb2dVertex
 10
551.3316307285363
 20
-5168.350929408414
 30
0
  0
VERTEX
  5
FC68
330
FC57
100
AcDbEntity
  8
0-CAD-polyline
 62
     3
100
AcDbVertex
100
AcDb2dVertex
 10
549.3118546226556
 20
-5170.335792689664
 30
0
  0
VERTEX
  5
FC69
330
FC57
100
AcDbEntity
  8
0-CAD-polyline
 62
     3
100
AcDbVertex
100
AcDb2dVertex
 10
549.3118610599572
 20
-5182.335792689664
 30
0
  0
VERTEX
  5
FC6A
330
FC57
100
AcDbEntity
  8
0-CAD-polyline
 62
     3
100
AcDbVertex
100
AcDb2dVertex
 10
548.3118615367944
 20
-5183.335792689664
 30
0
  0
VERTEX
  5
FC6B
330
FC57
100
AcDbEntity
  8
0-CAD-polyline
 62
     3
100
AcDbVertex
100
AcDb2dVertex
 10
542.0618694046075
 20
-5183.335792689664
 30
0
  0
VERTEX
  5
FC6C
330
FC57
100
AcDbEntity
  8
0-CAD-polyline
 62
     3
100
AcDbVertex
100
AcDb2dVertex
 10
535.8118617752129
 20
-5183.335792689664
 30
0
  0
VERTEX
  5
FC6D
330
FC57
100
AcDbEntity
  8
0-CAD-polyline
 62
     3
100
AcDbVertex
100
AcDb2dVertex
 10
534.7817390182549
 20
-5182.340675502164
 30
0
  0
VERTEX
  5
FC6E
330
FC57
100
AcDbEntity
  8
0-CAD-polyline
 62
     3
100
AcDbVertex
100
AcDb2dVertex
 10
533.8394372680718
 20
-5155.357277064664
 30
0
  0
SEQEND
  5
FC6F
330
FC57
100
AcDbEntity
  8
0-CAD-polyline
  0
LINE
  5
FC70
330
2
100
AcDbEntity
  8
0-CAD-polyline
 62
     3
100
AcDbLine
 10
533.7823484161431
 20
-5182.375831752164
 30
0
 11
534.7817390182549
 21
-5182.340675502164
 31
0
  0
LINE
  5
FC71
330
2
100
AcDbEntity
  8
0-CAD-polyline
 62
     3
100
AcDbLine
 10
535.8118617752129
 20
-5184.335792689664
 30
0
 11
535.8118617752129
 21
-5183.335792689664
 31
0
  0
LINE
  5
FC72
330
2
100
AcDbEntity
  8
0-CAD-polyline
 62
     3
100
AcDbLine
 10
542.0618694046075
 20
-5184.335792689664
 30
0
 11
542.0618694046075
 21
-5183.335792689664
 31
0
  0
LINE
  5
FC73
330
2
100
AcDbEntity
  8
0-CAD-polyline
 62
     3
100
AcDbLine
 10
548.3118620136315
 20
-5184.335792689664
 30
0
 11
548.3118615367944
 21
-5183.335792689664
 31
0
  0
LINE
  5
FC74
330
2
100
AcDbEntity
  8
0-CAD-polyline
 62
     3
100
AcDbLine
 10
550.3118610003526
 20
-5182.335792689664
 30
0
 11
549.3118610599572
 21
-5182.335792689664
 31
0
  0
LINE
  5
FC75
330
2
100
AcDbEntity
  8
0-CAD-polyline
 62
     3
100
AcDbLine
 10
550.3118546226556
 20
-5170.335792689664
 30
0
 11
549.3118546226556
 21
-5170.335792689664
 31
0
  0
LINE
  5
FC76
330
2
100
AcDbEntity
  8
0-CAD-polyline
 62
     3
100
AcDbLine
 10
551.3141788461739
 20
-5169.350929408414
 30
0
 11
551.3316307285363
 21
-5168.350929408414
 31
0
  0
LINE
  5
FC77
330
2
100
AcDbEntity
  8
0-CAD-polyline
 62
     3
100
AcDbLine
 10
573.3108289459283
 20
-5169.734718470914
 30
0
 11
573.3282811859185
 21
-5168.734718470914
 31
0
  0
LINE
  5
FC78
330
2
100
AcDbEntity
  8
0-CAD-polyline
 62
     3
100
AcDbLine
 10
575.3742368438775
 20
-5167.810890345914
 30
0
 11
574.3756063201959
 21
-5167.758155970914
 31
0
  0
POLYLINE
  5
FC79
330
2
100
AcDbEntity
  8
0-CAD-polyline
 62
     4
100
AcDb2dPolyline
 66
     1
 10
0
 20
0
 30
0
 40
0
 41
0
  0
VERTEX
  5
FC7A
330
FC79
100
AcDbEntity
  8
0-CAD-polyline
 62
     4
100
AcDbVertex
100
AcDb2dVertex
 10
534.8118474700982
 20
-5155.335792689664
 30
0
  0
VERTEX
  5
FC7B
330
FC79
100
AcDbEntity
  8
0-CAD-polyline
 62
     4
100
AcDbVertex
100
AcDb2dVertex
 10
533.8118474700982
 20
-5155.335792689664
 30
0
  0
VERTEX
  5
FC7C
330
FC79
100
AcDbEntity
  8
0-CAD-polyline
 62
     4
100
AcDbVertex
100
AcDb2dVertex
 10
533.8118474700982
 20
-5182.335792689664
 30
0
  0
VERTEX
  5
FC7D
330
FC79
100
AcDbEntity
  8
0-CAD-polyline
 62
     4
100
AcDbVertex
100
AcDb2dVertex
 10
535.8118474700982
 20
-5184.335792689664
 30
0
  0
VERTEX
  5
FC7E
330
FC79
100
AcDbEntity
  8
0-CAD-polyline
 62
     4
100
AcDbVertex
100
AcDb2dVertex
 10
542.0618550994927
 20
-5184.335792689664
 30
0
  0
VERTEX
  5
FC7F
330
FC79
100
AcDbEntity
  8
0-CAD-polyline
 62
     4
100
AcDbVertex
100
AcDb2dVertex
 10
548.3118474700982
 20
-5184.335792689664
 30
0
  0
VERTEX
  5
FC80
330
FC79
100
AcDbEntity
  8
0-CAD-polyline
 62
     4
100
AcDbVertex
100
AcDb2dVertex
 10
550.3118474700982
 20
-5182.335792689664
 30
0
  0
VERTEX
  5
FC81
330
FC79
100
AcDbEntity
  8
0-CAD-polyline
 62
     4
100
AcDbVertex
100
AcDb2dVertex
 10
550.3118474700982
 20
-5170.335792689664
 30
0
  0
VERTEX
  5
FC82
330
FC79
100
AcDbEntity
  8
0-CAD-polyline
 62
     4
100
AcDbVertex
100
AcDb2dVertex
 10
551.3118474700982
 20
-5169.335792689664
 30
0
  0
VERTEX
  5
FC83
330
FC79
100
AcDbEntity
  8
0-CAD-polyline
 62
     4
100
AcDbVertex
100
AcDb2dVertex
 10
573.3118474700982
 20
-5169.335792689664
 30
0
  0
VERTEX
  5
FC84
330
FC79
100
AcDbEntity
  8
0-CAD-polyline
 62
     4
100
AcDbVertex
100
AcDb2dVertex
 10
575.3118474700982
 20
-5167.335792689664
 30
0
  0
VERTEX
  5
FC85
330
FC79
100
AcDbEntity
  8
0-CAD-polyline
 62
     4
100
AcDbVertex
100
AcDb2dVertex
 10
575.3118474700982
 20
-5155.335792689664
 30
0
  0
VERTEX
  5
FC86
330
FC79
100
AcDbEntity
  8
0-CAD-polyline
 62
     4
100
AcDbVertex
100
AcDb2dVertex
 10
574.3118474700982
 20
-5155.335792689664
 30
0
  0
VERTEX
  5
FC87
330
FC79
100
AcDbEntity
  8
0-CAD-polyline
 62
     4
100
AcDbVertex
100
AcDb2dVertex
 10
574.3118474700982
 20
-5167.335792689664
 30
0
  0
VERTEX
  5
FC88
330
FC79
100
AcDbEntity
  8
0-CAD-polyline
 62
     4
100
AcDbVertex
100
AcDb2dVertex
 10
573.3118474700982
 20
-5168.335792689664
 30
0
  0
VERTEX
  5
FC89
330
FC79
100
AcDbEntity
  8
0-CAD-polyline
 62
     4
100
AcDbVertex
100
AcDb2dVertex
 10
551.3118474700982
 20
-5168.335792689664
 30
0
  0
VERTEX
  5
FC8A
330
FC79
100
AcDbEntity
  8
0-CAD-polyline
 62
     4
100
AcDbVertex
100
AcDb2dVertex
 10
549.3118474700982
 20
-5170.335792689664
 30
0
  0
VERTEX
  5
FC8B
330
FC79
100
AcDbEntity
  8
0-CAD-polyline
 62
     4
100
AcDbVertex
100
AcDb2dVertex
 10
549.3118474700982
 20
-5182.335792689664
 30
0
  0
VERTEX
  5
FC8C
330
FC79
100
AcDbEntity
  8
0-CAD-polyline
 62
     4
100
AcDbVertex
100
AcDb2dVertex
 10
548.3118474700982
 20
-5183.335792689664
 30
0
  0
VERTEX
  5
FC8D
330
FC79
100
AcDbEntity
  8
0-CAD-polyline
 62
     4
100
AcDbVertex
100
AcDb2dVertex
 10
542.0618550994927
 20
-5183.335792689664
 30
0
  0
VERTEX
  5
FC8E
330
FC79
100
AcDbEntity
  8
0-CAD-polyline
 62
     4
100
AcDbVertex
100
AcDb2dVertex
 10
535.8118474700982
 20
-5183.335792689664
 30
0
  0
VERTEX
  5
FC8F
330
FC79
100
AcDbEntity
  8
0-CAD-polyline
 62
     4
100
AcDbVertex
100
AcDb2dVertex
 10
534.8118474700982
 20
-5182.335792689664
 30
0
  0
VERTEX
  5
FC90
330
FC79
100
AcDbEntity
  8
0-CAD-polyline
 62
     4
100
AcDbVertex
100
AcDb2dVertex
 10
534.8118474700982
 20
-5155.335792689664
 30
0
  0
SEQEND
  5
FC91
330
FC79
100
AcDbEntity
  8
0-CAD-polyline
  0
LINE
  5
FC92
330
2
100
AcDbEntity
  8
0-CAD-polyline
 62
     4
100
AcDbLine
 10
533.8118474700982
 20
-5182.335792689664
 30
0
 11
534.8118474700982
 21
-5182.335792689664
 31
0
  0
LINE
  5
FC93
330
2
100
AcDbEntity
  8
0-CAD-polyline
 62
     4
100
AcDbLine
 10
535.8118474700982
 20
-5184.335792689664
 30
0
 11
535.8118474700982
 21
-5183.335792689664
 31
0
  0
LINE
  5
FC94
330
2
100
AcDbEntity
  8
0-CAD-polyline
 62
     4
100
AcDbLine
 10
542.0618550994927
 20
-5184.335792689664
 30
0
 11
542.0618550994927
 21
-5183.335792689664
 31
0
  0
LINE
  5
FC95
330
2
100
AcDbEntity
  8
0-CAD-polyline
 62
     4
100
AcDbLine
 10
548.3118474700982
 20
-5184.335792689664
 30
0
 11
548.3118474700982
 21
-5183.335792689664
 31
0
  0
LINE
  5
FC96
330
2
100
AcDbEntity
  8
0-CAD-polyline
 62
     4
100
AcDbLine
 10
550.3118474700982
 20
-5182.335792689664
 30
0
 11
549.3118474700982
 21
-5182.335792689664
 31
0
  0
LINE
  5
FC97
330
2
100
AcDbEntity
  8
0-CAD-polyline
 62
     4
100
AcDbLine
 10
550.3118474700982
 20
-5170.335792689664
 30
0
 11
549.3118474700982
 21
-5170.335792689664
 31
0
  0
LINE
  5
FC98
330
2
100
AcDbEntity
  8
0-CAD-polyline
 62
     4
100
AcDbLine
 10
551.3118474700982
 20
-5169.335792689664
 30
0
 11
551.3118474700982
 21
-5168.335792689664
 31
0
  0
LINE
  5
FC99
330
2
100
AcDbEntity
  8
0-CAD-polyline
 62
     4
100
AcDbLine
 10
573.3118474700982
 20
-5169.335792689664
 30
0
 11
573.3118474700982
 21
-5168.335792689664
 31
0
  0
LINE
  5
FC9A
330
2
100
AcDbEntity
  8
0-CAD-polyline
 62
     4
100
AcDbLine
 10
575.3118474700982
 20
-5167.335792689664
 30
0
 11
574.3118474700982
 21
-5167.335792689664
 31
0
  0
POLYLINE
  5
FC9B
330
2
100
AcDbEntity
  8
0-CAD-polyline
 62
     5
100
AcDb2dPolyline
 66
     1
 10
0
 20
0
 30
0
 40
0
 41
0
  0
VERTEX
  5
FC9C
330
FC9B
100
AcDbEntity
  8
0-CAD-polyline
 62
     5
100
AcDbVertex
100
AcDb2dVertex
 10
535.2980802276666
 20
-5155.337745814664
 30
0
  0
VERTEX
  5
FC9D
330
FC9B
100
AcDbEntity
  8
0-CAD-polyline
 62
     5
100
AcDbVertex
100
AcDb2dVertex
 10
534.2982328155572
 20
-5155.320167689664
 30
0
  0
VERTEX
  5
FC9E
330
FC9B
100
AcDbEntity
  8
0-CAD-polyline
 62
     5
100
AcDbVertex
100
AcDb2dVertex
 10
533.8270185211236
 20
-5182.316261439664
 30
0
  0
VERTEX
  5
FC9F
330
FC9B
100
AcDbEntity
  8
0-CAD-polyline
 62
     5
100
AcDbVertex
100
AcDb2dVertex
 10
535.8118474700982
 20
-5184.336280970914
 30
0
  0
VERTEX
  5
FCA0
330
FC9B
100
AcDbEntity
  8
0-CAD-polyline
 62
     5
100
AcDbVertex
100
AcDb2dVertex
 10
542.0618550994927
 20
-5184.336280970914
 30
0
  0
VERTEX
  5
FCA1
330
FC9B
100
AcDbEntity
  8
0-CAD-polyline
 62
     5
100
AcDbVertex
100
AcDb2dVertex
 10
548.3118474700982
 20
-5184.336280970914
 30
0
  0
VERTEX
  5
FCA2
330
FC9B
100
AcDbEntity
  8
0-CAD-polyline
 62
     5
100
AcDbVertex
100
AcDb2dVertex
 10
550.3118474700982
 20
-5182.336280970914
 30
0
  0
VERTEX
  5
FCA3
330
FC9B
100
AcDbEntity
  8
0-CAD-polyline
 62
     5
100
AcDbVertex
100
AcDb2dVertex
 10
550.3118474700982
 20
-5170.336280970914
 30
0
  0
VERTEX
  5
FCA4
330
FC9B
100
AcDbEntity
  8
0-CAD-polyline
 62
     5
100
AcDbVertex
100
AcDb2dVertex
 10
551.3118474700982
 20
-5169.336280970914
 30
0
  0
VERTEX
  5
FCA5
330
FC9B
100
AcDbEntity
  8
0-CAD-polyline
 62
     5
100
AcDbVertex
100
AcDb2dVertex
 10
573.3118474700982
 20
-5169.336280970914
 30
0
  0
VERTEX
  5
FCA6
330
FC9B
100
AcDbEntity
  8
0-CAD-polyline
 62
     5
100
AcDbVertex
100
AcDb2dVertex
 10
575.2812326171929
 20
-5167.296730189664
 30
0
  0
VERTEX
  5
FCA7
330
FC9B
100
AcDbEntity
  8
0-CAD-polyline
 62
     5
100
AcDbVertex
100
AcDb2dVertex
 10
574.8624379852349
 20
-5155.304054408414
 30
0
  0
VERTEX
  5
FCA8
330
FC9B
100
AcDbEntity
  8
0-CAD-polyline
 62
     5
100
AcDbVertex
100
AcDb2dVertex
 10
573.8630483367974
 20
-5155.339210658414
 30
0
  0
VERTEX
  5
FCA9
330
FC9B
100
AcDbEntity
  8
0-CAD-polyline
 62
     5
100
AcDbVertex
100
AcDb2dVertex
 10
574.2818429687554
 20
-5167.331886439664
 30
0
  0
VERTEX
  5
FCAA
330
FC9B
100
AcDbEntity
  8
0-CAD-polyline
 62
     5
100
AcDbVertex
100
AcDb2dVertex
 10
573.3118474700982
 20
-5168.336280970914
 30
0
  0
VERTEX
  5
FCAB
330
FC9B
100
AcDbEntity
  8
0-CAD-polyline
 62
     5
100
AcDbVertex
100
AcDb2dVertex
 10
551.3118474700982
 20
-5168.336280970914
 30
0
  0
VERTEX
  5
FCAC
330
FC9B
100
AcDbEntity
  8
0-CAD-polyline
 62
     5
100
AcDbVertex
100
AcDb2dVertex
 10
549.3118474700982
 20
-5170.336280970914
 30
0
  0
VERTEX
  5
FCAD
330
FC9B
100
AcDbEntity
  8
0-CAD-polyline
 62
     5
100
AcDbVertex
100
AcDb2dVertex
 10
549.3118474700982
 20
-5182.336280970914
 30
0
  0
VERTEX
  5
FCAE
330
FC9B
100
AcDbEntity
  8
0-CAD-polyline
 62
     5
100
AcDbVertex
100
AcDb2dVertex
 10
548.3118474700982
 20
-5183.336280970914
 30
0
  0
VERTEX
  5
FCAF
330
FC9B
100
AcDbEntity
  8
0-CAD-polyline
 62
     5
100
AcDbVertex
100
AcDb2dVertex
 10
542.0618550994927
 20
-5183.336280970914
 30
0
  0
VERTEX
  5
FCB0
330
FC9B
100
AcDbEntity
  8
0-CAD-polyline
 62
     5
100
AcDbVertex
100
AcDb2dVertex
 10
535.8118474700982
 20
-5183.336280970914
 30
0
  0
VERTEX
  5
FCB1
330
FC9B
100
AcDbEntity
  8
0-CAD-polyline
 62
     5
100
AcDbVertex
100
AcDb2dVertex
 10
534.826865933233
 20
-5182.333839564664
 30
0
  0
VERTEX
  5
FCB2
330
FC9B
100
AcDbEntity
  8
0-CAD-polyline
 62
     5
100
AcDbVertex
100
AcDb2dVertex
 10
535.2980802276666
 20
-5155.337745814664
 30
0
  0
SEQEND
  5
FCB3
330
FC9B
100
AcDbEntity
  8
0-CAD-polyline
  0
LINE
  5
FCB4
330
2
100
AcDbEntity
  8
0-CAD-polyline
 62
     5
100
AcDbLine
 10
533.8270185211236
 20
-5182.316261439664
 30
0
 11
534.826865933233
 21
-5182.333839564664
 31
0
  0
LINE
  5
FCB5
330
2
100
AcDbEntity
  8
0-CAD-polyline
 62
     5
100
AcDbLine
 10
535.8118474700982
 20
-5184.336280970914
 30
0
 11
535.8118474700982
 21
-5183.336280970914
 31
0
  0
LINE
  5
FCB6
330
2
100
AcDbEntity
  8
0-CAD-polyline
 62
     5
100
AcDbLine
 10
542.0618550994927
 20
-5184.336280970914
 30
0
 11
542.0618550994927
 21
-5183.336280970914
 31
0
  0
LINE
  5
FCB7
330
2
100
AcDbEntity
  8
0-CAD-polyline
 62
     5
100
AcDbLine
 10
548.3118474700982
 20
-5184.336280970914
 30
0
 11
548.3118474700982
 21
-5183.336280970914
 31
0
  0
LINE
  5
FCB8
330
2
100
AcDbEntity
  8
0-CAD-polyline
 62
     5
100
AcDbLine
 10
550.3118474700982
 20
-5182.336280970914
 30
0
 11
549.3118474700982
 21
-5182.336280970914
 31
0
  0
LINE
  5
FCB9
330
2
100
AcDbEntity
  8
0-CAD-polyline
 62
     5
100
AcDbLine
 10
550.3118474700982
 20
-5170.336280970914
 30
0
 11
549.3118474700982
 21
-5170.336280970914
 31
0
  0
LINE
  5
FCBA
330
2
100
AcDbEntity
  8
0-CAD-polyline
 62
     5
100
AcDbLine
 10
551.3118474700982
 20
-5169.336280970914
 30
0
 11
551.3118474700982
 21
-5168.336280970914
 31
0
  0
LINE
  5
FCBB
330
2
100
AcDbEntity
  8
0-CAD-polyline
 62
     5
100
AcDbLine
 10
573.3118474700982
 20
-5169.336280970914
 30
0
 11
573.3118474700982
 21
-5168.336280970914
 31
0
  0
LINE
  5
FCBC
330
2
100
AcDbEntity
  8
0-CAD-polyline
 62
     5
100
AcDbLine
 10
575.2812326171929
 20
-5167.296730189664
 30
0
 11
574.2818429687554
 21
-5167.331886439664
 31
0
  0
POLYLINE
  5
FCBD
330
2
100
AcDbEntity
  8
0-CAD-polyline
 62
     6
100
AcDb2dPolyline
 66
     1
 10
0
 20
0
 30
0
 40
0
 41
0
  0
VERTEX
  5
FCBE
330
FCBD
100
AcDbEntity
  8
0-CAD-polyline
 62
     6
100
AcDbVertex
100
AcDb2dVertex
 10
534.8118474700982
 20
-5155.335792689664
 30
0
  0
VERTEX
  5
FCBF
330
FCBD
100
AcDbEntity
  8
0-CAD-polyline
 62
     6
100
AcDbVertex
100
AcDb2dVertex
 10
533.8118474700982
 20
-5155.335792689664
 30
0
  0
VERTEX
  5
FCC0
330
FCBD
100
AcDbEntity
  8
0-CAD-polyline
 62
     6
100
AcDbVertex
100
AcDb2dVertex
 10
533.8118474700982
 20
-5182.335792689664
 30
0
  0
VERTEX
  5
FCC1
330
FCBD
100
AcDbEntity
  8
0-CAD-polyline
 62
     6
100
AcDbVertex
100
AcDb2dVertex
 10
535.8118474700982
 20
-5184.335792689664
 30
0
  0
VERTEX
  5
FCC2
330
FCBD
100
AcDbEntity
  8
0-CAD-polyline
 62
     6
100
AcDbVertex
100
AcDb2dVertex
 10
542.0618550994927
 20
-5184.335792689664
 30
0
  0
VERTEX
  5
FCC3
330
FCBD
100
AcDbEntity
  8
0-CAD-polyline
 62
     6
100
AcDbVertex
100
AcDb2dVertex
 10
548.3118474700982
 20
-5184.335792689664
 30
0
  0
VERTEX
  5
FCC4
330
FCBD
100
AcDbEntity
  8
0-CAD-polyline
 62
     6
100
AcDbVertex
100
AcDb2dVertex
 10
550.3118474700982
 20
-5182.335792689664
 30
0
  0
VERTEX
  5
FCC5
330
FCBD
100
AcDbEntity
  8
0-CAD-polyline
 62
     6
100
AcDbVertex
100
AcDb2dVertex
 10
550.3118474700982
 20
-5170.335792689664
 30
0
  0
VERTEX
  5
FCC6
330
FCBD
100
AcDbEntity
  8
0-CAD-polyline
 62
     6
100
AcDbVertex
100
AcDb2dVertex
 10
551.3118474700982
 20
-5169.335792689664
 30
0
  0
VERTEX
  5
FCC7
330
FCBD
100
AcDbEntity
  8
0-CAD-polyline
 62
     6
100
AcDbVertex
100
AcDb2dVertex
 10
573.3118474700982
 20
-5169.335792689664
 30
0
  0
VERTEX
  5
FCC8
330
FCBD
100
AcDbEntity
  8
0-CAD-polyline
 62
     6
100
AcDbVertex
100
AcDb2dVertex
 10
575.3118474700982
 20
-5167.335792689664
 30
0
  0
VERTEX
  5
FCC9
330
FCBD
100
AcDbEntity
  8
0-CAD-polyline
 62
     6
100
AcDbVertex
100
AcDb2dVertex
 10
575.3118474700982
 20
-5155.335792689664
 30
0
  0
VERTEX
  5
FCCA
330
FCBD
100
AcDbEntity
  8
0-CAD-polyline
 62
     6
100
AcDbVertex
100
AcDb2dVertex
 10
574.3118474700982
 20
-5155.335792689664
 30
0
  0
VERTEX
  5
FCCB
330
FCBD
100
AcDbEntity
  8
0-CAD-polyline
 62
     6
100
AcDbVertex
100
AcDb2dVertex
 10
574.3118474700982
 20
-5167.335792689664
 30
0
  0
VERTEX
  5
FCCC
330
FCBD
100
AcDbEntity
  8
0-CAD-polyline
 62
     6
100
AcDbVertex
100
AcDb2dVertex
 10
573.3118474700982
 20
-5168.335792689664
 30
0
  0
VERTEX
  5
FCCD
330
FCBD
100
AcDbEntity
  8
0-CAD-polyline
 62
     6
100
AcDbVertex
100
AcDb2dVertex
 10
551.3118474700982
 20
-5168.335792689664
 30
0
  0
VERTEX
  5
FCCE
330
FCBD
100
AcDbEntity
  8
0-CAD-polyline
 62
     6
100
AcDbVertex
100
AcDb2dVertex
 10
549.3118474700982
 20
-5170.335792689664
 30
0
  0
VERTEX
  5
FCCF
330
FCBD
100
AcDbEntity
  8
0-CAD-polyline
 62
     6
100
AcDbVertex
100
AcDb2dVertex
 10
549.3118474700982
 20
-5182.335792689664
 30
0
  0
VERTEX
  5
FCD0
330
FCBD
100
AcDbEntity
  8
0-CAD-polyline
 62
     6
100
AcDbVertex
100
AcDb2dVertex
 10
548.3118474700982
 20
-5183.335792689664
 30
0
  0
VERTEX
  5
FCD1
330
FCBD
100
AcDbEntity
  8
0-CAD-polyline
 62
     6
100
AcDbVertex
100
AcDb2dVertex
 10
542.0618550994927
 20
-5183.335792689664
 30
0
  0
VERTEX
  5
FCD2
330
FCBD
100
AcDbEntity
  8
0-CAD-polyline
 62
     6
100
AcDbVertex
100
AcDb2dVertex
 10
535.8118474700982
 20
-5183.335792689664
 30
0
  0
VERTEX
  5
FCD3
330
FCBD
100
AcDbEntity
  8
0-CAD-polyline
 62
     6
100
AcDbVertex
100
AcDb2dVertex
 10
534.8118474700982
 20
-5182.335792689664
 30
0
  0
VERTEX
  5
FCD4
330
FCBD
100
AcDbEntity
  8
0-CAD-polyline
 62
     6
100
AcDbVertex
100
AcDb2dVertex
 10
534.8118474700982
 20
-5155.335792689664
 30
0
  0
SEQEND
  5
FCD5
330
FCBD
100
AcDbEntity
  8
0-CAD-polyline
  0
LINE
  5
FCD6
330
2
100
AcDbEntity
  8
0-CAD-polyline
 62
     6
100
AcDbLine
 10
533.8118474700982
 20
-5182.335792689664
 30
0
 11
534.8118474700982
 21
-5182.335792689664
 31
0
  0
LINE
  5
FCD7
330
2
100
AcDbEntity
  8
0-CAD-polyline
 62
     6
100
AcDbLine
 10
535.8118474700982
 20
-5184.335792689664
 30
0
 11
535.8118474700982
 21
-5183.335792689664
 31
0
  0
LINE
  5
FCD8
330
2
100
AcDbEntity
  8
0-CAD-polyline
 62
     6
100
AcDbLine
 10
542.0618550994927
 20
-5184.335792689664
 30
0
 11
542.0618550994927
 21
-5183.335792689664
 31
0
  0
LINE
  5
FCD9
330
2
100
AcDbEntity
  8
0-CAD-polyline
 62
     6
100
AcDbLine
 10
548.3118474700982
 20
-5184.335792689664
 30
0
 11
548.3118474700982
 21
-5183.335792689664
 31
0
  0
LINE
  5
FCDA
330
2
100
AcDbEntity
  8
0-CAD-polyline
 62
     6
100
AcDbLine
 10
550.3118474700982
 20
-5182.335792689664
 30
0
 11
549.3118474700982
 21
-5182.335792689664
 31
0
  0
LINE
  5
FCDB
330
2
100
AcDbEntity
  8
0-CAD-polyline
 62
     6
100
AcDbLine
 10
550.3118474700982
 20
-5170.335792689664
 30
0
 11
549.3118474700982
 21
-5170.335792689664
 31
0
  0
LINE
  5
FCDC
330
2
100
AcDbEntity
  8
0-CAD-polyline
 62
     6
100
AcDbLine
 10
551.3118474700982
 20
-5169.335792689664
 30
0
 11
551.3118474700982
 21
-5168.335792689664
 31
0
  0
LINE
  5
FCDD
330
2
100
AcDbEntity
  8
0-CAD-polyline
 62
     6
100
AcDbLine
 10
573.3118474700982
 20
-5169.335792689664
 30
0
 11
573.3118474700982
 21
-5168.335792689664
 31
0
  0
LINE
  5
FCDE
330
2
100
AcDbEntity
  8
0-CAD-polyline
 62
     6
100
AcDbLine
 10
575.3118474700982
 20
-5167.335792689664
 30
0
 11
574.3118474700982
 21
-5167.335792689664
 31
0
  0
POLYLINE
  5
FCDF
330
2
100
AcDbEntity
  8
0-CAD-polyline
 62
     7
100
AcDb2dPolyline
 66
     1
 10
0
 20
0
 30
0
 40
0
 41
0
  0
VERTEX
  5
FCE0
330
FCDF
100
AcDbEntity
  8
0-CAD-polyline
 62
     7
100
AcDbVertex
100
AcDb2dVertex
 10
534.8118474700982
 20
-5155.335792689664
 30
0
  0
VERTEX
  5
FCE1
330
FCDF
100
AcDbEntity
  8
0-CAD-polyline
 62
     7
100
AcDbVertex
100
AcDb2dVertex
 10
533.8118474700982
 20
-5155.335792689664
 30
0
  0
VERTEX
  5
FCE2
330
FCDF
100
AcDbEntity
  8
0-CAD-polyline
 62
     7
100
AcDbVertex
100
AcDb2dVertex
 10
533.8118474700982
 20
-5182.335792689664
 30
0
  0
VERTEX
  5
FCE3
330
FCDF
100
AcDbEntity
  8
0-CAD-polyline
 62
     7
100
AcDbVertex
100
AcDb2dVertex
 10
535.8118474700982
 20
-5184.335792689664
 30
0
  0
VERTEX
  5
FCE4
330
FCDF
100
AcDbEntity
  8
0-CAD-polyline
 62
     7
100
AcDbVertex
100
AcDb2dVertex
 10
542.0618550994927
 20
-5184.335792689664
 30
0
  0
VERTEX
  5
FCE5
330
FCDF
100
AcDbEntity
  8
0-CAD-polyline
 62
     7
100
AcDbVertex
100
AcDb2dVertex
 10
548.3118474700982
 20
-5184.335792689664
 30
0
  0
VERTEX
  5
FCE6
330
FCDF
100
AcDbEntity
  8
0-CAD-polyline
 62
     7
100
AcDbVertex
100
AcDb2dVertex
 10
550.3118474700982
 20
-5182.335792689664
 30
0
  0
VERTEX
  5
FCE7
330
FCDF
100
AcDbEntity
  8
0-CAD-polyline
 62
     7
100
AcDbVertex
100
AcDb2dVertex
 10
550.3118474700982
 20
-5170.335792689664
 30
0
  0
VERTEX
  5
FCE8
330
FCDF
100
AcDbEntity
  8
0-CAD-polyline
 62
     7
100
AcDbVertex
100
AcDb2dVertex
 10
551.3118474700982
 20
-5169.335792689664
 30
0
  0
VERTEX
  5
FCE9
330
FCDF
100
AcDbEntity
  8
0-CAD-polyline
 62
     7
100
AcDbVertex
100
AcDb2dVertex
 10
573.3118474700982
 20
-5169.335792689664
 30
0
  0
VERTEX
  5
FCEA
330
FCDF
100
AcDbEntity
  8
0-CAD-polyline
 62
     7
100
AcDbVertex
100
AcDb2dVertex
 10
575.3118474700982
 20
-5167.335792689664
 30
0
  0
VERTEX
  5
FCEB
330
FCDF
100
AcDbEntity
  8
0-CAD-polyline
 62
     7
100
AcDbVertex
100
AcDb2dVertex
 10
575.3118474700982
 20
-5155.335792689664
 30
0
  0
VERTEX
  5
FCEC
330
FCDF
100
AcDbEntity
  8
0-CAD-polyline
 62
     7
100
AcDbVertex
100
AcDb2dVertex
 10
574.3118474700982
 20
-5155.335792689664
 30
0
  0
VERTEX
  5
FCED
330
FCDF
100
AcDbEntity
  8
0-CAD-polyline
 62
     7
100
AcDbVertex
100
AcDb2dVertex
 10
574.3118474700982
 20
-5167.335792689664
 30
0
  0
VERTEX
  5
FCEE
330
FCDF
100
AcDbEntity
  8
0-CAD-polyline
 62
     7
100
AcDbVertex
100
AcDb2dVertex
 10
573.3118474700982
 20
-5168.335792689664
 30
0
  0
VERTEX
  5
FCEF
330
FCDF
100
AcDbEntity
  8
0-CAD-polyline
 62
     7
100
AcDbVertex
100
AcDb2dVertex
 10
551.3118474700982
 20
-5168.335792689664
 30
0
  0
VERTEX
  5
FCF0
330
FCDF
100
AcDbEntity
  8
0-CAD-polyline
 62
     7
100
AcDbVertex
100
AcDb2dVertex
 10
549.3118474700982
 20
-5170.335792689664
 30
0
  0
VERTEX
  5
FCF1
330
FCDF
100
AcDbEntity
  8
0-CAD-polyline
 62
     7
100
AcDbVertex
100
AcDb2dVertex
 10
549.3118474700982
 20
-5182.335792689664
 30
0
  0
VERTEX
  5
FCF2
330
FCDF
100
AcDbEntity
  8
0-CAD-polyline
 62
     7
100
AcDbVertex
100
AcDb2dVertex
 10
548.3118474700982
 20
-5183.335792689664
 30
0
  0
VERTEX
  5
FCF3
330
FCDF
100
AcDbEntity
  8
0-CAD-polyline
 62
     7
100
AcDbVertex
100
AcDb2dVertex
 10
542.0618550994927
 20
-5183.335792689664
 30
0
  0
VERTEX
  5
FCF4
330
FCDF
100
AcDbEntity
  8
0-CAD-polyline
 62
     7
100
AcDbVertex
100
AcDb2dVertex
 10
535.8118474700982
 20
-5183.335792689664
 30
0
  0
VERTEX
  5
FCF5
330
FCDF
100
AcDbEntity
  8
0-CAD-polyline
 62
     7
100
AcDbVertex
100
AcDb2dVertex
 10
534.8118474700982
 20
-5182.335792689664
 30
0
  0
VERTEX
  5
FCF6
330
FCDF
100
AcDbEntity
  8
0-CAD-polyline
 62
     7
100
AcDbVertex
100
AcDb2dVertex
 10
534.8118474700982
 20
-5155.335792689664
 30
0
  0
SEQEND
  5
FCF7
330
FCDF
100
AcDbEntity
  8
0-CAD-polyline
  0
LINE
  5
FCF8
330
2
100
AcDbEntity
  8
0-CAD-polyline
 62
     7
100
AcDbLine
 10
533.8118474700982
 20
-5182.335792689664
 30
0
 11
534.8118474700982
 21
-5182.335792689664
 31
0
  0
LINE
  5
FCF9
330
2
100
AcDbEntity
  8
0-CAD-polyline
 62
     7
100
AcDbLine
 10
535.8118474700982
 20
-5184.335792689664
 30
0
 11
535.8118474700982
 21
-5183.335792689664
 31
0
  0
LINE
  5
FCFA
330
2
100
AcDbEntity
  8
0-CAD-polyline
 62
     7
100
AcDbLine
 10
542.0618550994927
 20
-5184.335792689664
 30
0
 11
542.0618550994927
 21
-5183.335792689664
 31
0
  0
LINE
  5
FCFB
330
2
100
AcDbEntity
  8
0-CAD-polyline
 62
     7
100
AcDbLine
 10
548.3118474700982
 20
-5184.335792689664
 30
0
 11
548.3118474700982
 21
-5183.335792689664
 31
0
  0
LINE
  5
FCFC
330
2
100
AcDbEntity
  8
0-CAD-polyline
 62
     7
100
AcDbLine
 10
550.3118474700982
 20
-5182.335792689664
 30
0
 11
549.3118474700982
 21
-5182.335792689664
 31
0
  0
LINE
  5
FCFD
330
2
100
AcDbEntity
  8
0-CAD-polyline
 62
     7
100
AcDbLine
 10
550.3118474700982
 20
-5170.335792689664
 30
0
 11
549.3118474700982
 21
-5170.335792689664
 31
0
  0
LINE
  5
FCFE
330
2
100
AcDbEntity
  8
0-CAD-polyline
 62
     7
100
AcDbLine
 10
551.3118474700982
 20
-5169.335792689664
 30
0
 11
551.3118474700982
 21
-5168.335792689664
 31
0
  0
LINE
  5
FCFF
330
2
100
AcDbEntity
  8
0-CAD-polyline
 62
     7
100
AcDbLine
 10
573.3118474700982
 20
-5169.335792689664
 30
0
 11
573.3118474700982
 21
-5168.335792689664
 31
0
  0
LINE
  5
FD00
330
2
100
AcDbEntity
  8
0-CAD-polyline
 62
     7
100
AcDbLine
 10
575.3118474700982
 20
-5167.335792689664
 30
0
 11
574.3118474700982
 21
-5167.335792689664
 31
0
  0
POLYLINE
  5
FD01
330
2
100
AcDbEntity
  8
0-CAD-polyline
 62
     1
100
AcDb2dPolyline
 66
     1
 10
0
 20
0
 30
0
 40
0
 41
0
  0
VERTEX
  5
FD02
330
FD01
100
AcDbEntity
  8
0-CAD-polyline
 62
     1
100
AcDbVertex
100
AcDb2dVertex
 10
534.8118474700982
 20
-5155.335792689664
 30
0
  0
VERTEX
  5
FD03
330
FD01
100
AcDbEntity
  8
0-CAD-polyline
 62
     1
100
AcDbVertex
100
AcDb2dVertex
 10
533.8118474700982
 20
-5155.335792689664
 30
0
  0
VERTEX
  5
FD04
330
FD01
100
AcDbEntity
  8
0-CAD-polyline
 62
     1
100
AcDbVertex
100
AcDb2dVertex
 10
533.8118474700982
 20
-5182.335792689664
 30
0
  0
VERTEX
  5
FD05
330
FD01
100
AcDbEntity
  8
0-CAD-polyline
 62
     1
100
AcDbVertex
100
AcDb2dVertex
 10
535.8118474700982
 20
-5184.335792689664
 30
0
  0
VERTEX
  5
FD06
330
FD01
100
AcDbEntity
  8
0-CAD-polyline
 62
     1
100
AcDbVertex
100
AcDb2dVertex
 10
542.0618550994927
 20
-5184.335792689664
 30
0
  0
VERTEX
  5
FD07
330
FD01
100
AcDbEntity
  8
0-CAD-polyline
 62
     1
100
AcDbVertex
100
AcDb2dVertex
 10
548.3118474700982
 20
-5184.335792689664
 30
0
  0
VERTEX
  5
FD08
330
FD01
100
AcDbEntity
  8
0-CAD-polyline
 62
     1
100
AcDbVertex
100
AcDb2dVertex
 10
550.3118474700982
 20
-5182.335792689664
 30
0
  0
VERTEX
  5
FD09
330
FD01
100
AcDbEntity
  8
0-CAD-polyline
 62
     1
100
AcDbVertex
100
AcDb2dVertex
 10
550.3118474700982
 20
-5170.335792689664
 30
0
  0
VERTEX
  5
FD0A
330
FD01
100
AcDbEntity
  8
0-CAD-polyline
 62
     1
100
AcDbVertex
100
AcDb2dVertex
 10
551.3118474700982
 20
-5169.335792689664
 30
0
  0
VERTEX
  5
FD0B
330
FD01
100
AcDbEntity
  8
0-CAD-polyline
 62
     1
100
AcDbVertex
100
AcDb2dVertex
 10
573.3118474700982
 20
-5169.335792689664
 30
0
  0
VERTEX
  5
FD0C
330
FD01
100
AcDbEntity
  8
0-CAD-polyline
 62
     1
100
AcDbVertex
100
AcDb2dVertex
 10
575.3118474700982
 20
-5167.335792689664
 30
0
  0
VERTEX
  5
FD0D
330
FD01
100
AcDbEntity
  8
0-CAD-polyline
 62
     1
100
AcDbVertex
100
AcDb2dVertex
 10
575.3118474700982
 20
-5155.335792689664
 30
0
  0
VERTEX
  5
FD0E
330
FD01
100
AcDbEntity
  8
0-CAD-polyline
 62
     1
100
AcDbVertex
100
AcDb2dVertex
 10
574.3118474700982
 20
-5155.335792689664
 30
0
  0
VERTEX
  5
FD0F
330
FD01
100
AcDbEntity
  8
0-CAD-polyline
 62
     1
100
AcDbVertex
100
AcDb2dVertex
 10
574.3118474700982
 20
-5167.335792689664
 30
0
  0
VERTEX
  5
FD10
330
FD01
100
AcDbEntity
  8
0-CAD-polyline
 62
     1
100
AcDbVertex
100
AcDb2dVertex
 10
573.3118474700982
 20
-5168.335792689664
 30
0
  0
VERTEX
  5
FD11
330
FD01
100
AcDbEntity
  8
0-CAD-polyline
 62
     1
100
AcDbVertex
100
AcDb2dVertex
 10
551.3118474700982
 20
-5168.335792689664
 30
0
  0
VERTEX
  5
FD12
330
FD01
100
AcDbEntity
  8
0-CAD-polyline
 62
     1
100
AcDbVertex
100
AcDb2dVertex
 10
549.3118474700982
 20
-5170.335792689664
 30
0
  0
VERTEX
  5
FD13
330
FD01
100
AcDbEntity
  8
0-CAD-polyline
 62
     1
100
AcDbVertex
100
AcDb2dVertex
 10
549.3118474700982
 20
-5182.335792689664
 30
0
  0
VERTEX
  5
FD14
330
FD01
100
AcDbEntity
  8
0-CAD-polyline
 62
     1
100
AcDbVertex
100
AcDb2dVertex
 10
548.3118474700982
 20
-5183.335792689664
 30
0
  0
VERTEX
  5
FD15
330
FD01
100
AcDbEntity
  8
0-CAD-polyline
 62
     1
100
AcDbVertex
100
AcDb2dVertex
 10
542.0618550994927
 20
-5183.335792689664
 30
0
  0
VERTEX
  5
FD16
330
FD01
100
AcDbEntity
  8
0-CAD-polyline
 62
     1
100
AcDbVertex
100
AcDb2dVertex
 10
535.8118474700982
 20
-5183.335792689664
 30
0
  0
VERTEX
  5
FD17
330
FD01
100
AcDbEntity
  8
0-CAD-polyline
 62
     1
100
AcDbVertex
100
AcDb2dVertex
 10
534.8118474700982
 20
-5182.335792689664
 30
0
  0
VERTEX
  5
FD18
330
FD01
100
AcDbEntity
  8
0-CAD-polyline
 62
     1
100
AcDbVertex
100
AcDb2dVertex
 10
534.8118474700982
 20
-5155.335792689664
 30
0
  0
SEQEND
  5
FD19
330
FD01
100
AcDbEntity
  8
0-CAD-polyline
  0
LINE
  5
FD1A
330
2
100
AcDbEntity
  8
0-CAD-polyline
 62
     1
100
AcDbLine
 10
533.8118474700982
 20
-5182.335792689664
 30
0
 11
534.8118474700982
 21
-5182.335792689664
 31
0
  0
LINE
  5
FD1B
330
2
100
AcDbEntity
  8
0-CAD-polyline
 62
     1
100
AcDbLine
 10
535.8118474700982
 20
-5184.335792689664
 30
0
 11
535.8118474700982
 21
-5183.335792689664
 31
0
  0
LINE
  5
FD1C
330
2
100
AcDbEntity
  8
0-CAD-polyline
 62
     1
100
AcDbLine
 10
542.0618550994927
 20
-5184.335792689664
 30
0
 11
542.0618550994927
 21
-5183.335792689664
 31
0
  0
LINE
  5
FD1D
330
2
100
AcDbEntity
  8
0-CAD-polyline
 62
     1
100
AcDbLine
 10
548.3118474700982
 20
-5184.335792689664
 30
0
 11
548.3118474700982
 21
-5183.335792689664
 31
0
  0
LINE
  5
FD1E
330
2
100
AcDbEntity
  8
0-CAD-polyline
 62
     1
100
AcDbLine
 10
550.3118474700982
 20
-5182.335792689664
 30
0
 11
549.3118474700982
 21
-5182.335792689664
 31
0
  0
LINE
  5
FD1F
330
2
100
AcDbEntity
  8
0-CAD-polyline
 62
     1
100
AcDbLine
 10
550.3118474700982
 20
-5170.335792689664
 30
0
 11
549.3118474700982
 21
-5170.335792689664
 31
0
  0
LINE
  5
FD20
330
2
100
AcDbEntity
  8
0-CAD-polyline
 62
     1
100
AcDbLine
 10
551.3118474700982
 20
-5169.335792689664
 30
0
 11
551.3118474700982
 21
-5168.335792689664
 31
0
  0
LINE
  5
FD21
330
2
100
AcDbEntity
  8
0-CAD-polyline
 62
     1
100
AcDbLine
 10
573.3118474700982
 20
-5169.335792689664
 30
0
 11
573.3118474700982
 21
-5168.335792689664
 31
0
  0
LINE
  5
FD22
330
2
100
AcDbEntity
  8
0-CAD-polyline
 62
     1
100
AcDbLine
 10
575.3118474700982
 20
-5167.335792689664
 30
0
 11
574.3118474700982
 21
-5167.335792689664
 31
0
  0
POLYLINE
  5
FD23
330
2
100
AcDbEntity
  8
0-CAD-polyline
 62
     3
100
AcDb2dPolyline
 66
     1
 10
0
 20
0
 30
0
 40
0
 41
0
  0
VERTEX
  5
FD24
330
FD23
100
AcDbEntity
  8
0-CAD-polyline
 62
     3
100
AcDbVertex
100
AcDb2dVertex
 10
534.8118474700982
 20
-5155.335792689664
 30
0
  0
VERTEX
  5
FD25
330
FD23
100
AcDbEntity
  8
0-CAD-polyline
 62
     3
100
AcDbVertex
100
AcDb2dVertex
 10
533.8118474700982
 20
-5155.335792689664
 30
0
  0
VERTEX
  5
FD26
330
FD23
100
AcDbEntity
  8
0-CAD-polyline
 62
     3
100
AcDbVertex
100
AcDb2dVertex
 10
533.8118474700982
 20
-5182.335792689664
 30
0
  0
VERTEX
  5
FD27
330
FD23
100
AcDbEntity
  8
0-CAD-polyline
 62
     3
100
AcDbVertex
100
AcDb2dVertex
 10
535.8118474700982
 20
-5184.335792689664
 30
0
  0
VERTEX
  5
FD28
330
FD23
100
AcDbEntity
  8
0-CAD-polyline
 62
     3
100
AcDbVertex
100
AcDb2dVertex
 10
542.0618550994927
 20
-5184.335792689664
 30
0
  0
VERTEX
  5
FD29
330
FD23
100
AcDbEntity
  8
0-CAD-polyline
 62
     3
100
AcDbVertex
100
AcDb2dVertex
 10
548.3118474700982
 20
-5184.335792689664
 30
0
  0
VERTEX
  5
FD2A
330
FD23
100
AcDbEntity
  8
0-CAD-polyline
 62
     3
100
AcDbVertex
100
AcDb2dVertex
 10
550.3118474700982
 20
-5182.335792689664
 30
0
  0
VERTEX
  5
FD2B
330
FD23
100
AcDbEntity
  8
0-CAD-polyline
 62
     3
100
AcDbVertex
100
AcDb2dVertex
 10
550.3118474700982
 20
-5170.335792689664
 30
0
  0
VERTEX
  5
FD2C
330
FD23
100
AcDbEntity
  8
0-CAD-polyline
 62
     3
100
AcDbVertex
100
AcDb2dVertex
 10
551.3118474700982
 20
-5169.335792689664
 30
0
  0
VERTEX
  5
FD2D
330
FD23
100
AcDbEntity
  8
0-CAD-polyline
 62
     3
100
AcDbVertex
100
AcDb2dVertex
 10
573.3118474700982
 20
-5169.335792689664
 30
0
  0
VERTEX
  5
FD2E
330
FD23
100
AcDbEntity
  8
0-CAD-polyline
 62
     3
100
AcDbVertex
100
AcDb2dVertex
 10
575.3118474700982
 20
-5167.335792689664
 30
0
  0
VERTEX
  5
FD2F
330
FD23
100
AcDbEntity
  8
0-CAD-polyline
 62
     3
100
AcDbVertex
100
AcDb2dVertex
 10
575.3118474700982
 20
-5155.335792689664
 30
0
  0
VERTEX
  5
FD30
330
FD23
100
AcDbEntity
  8
0-CAD-polyline
 62
     3
100
AcDbVertex
100
AcDb2dVertex
 10
574.3118474700982
 20
-5155.335792689664
 30
0
  0
VERTEX
  5
FD31
330
FD23
100
AcDbEntity
  8
0-CAD-polyline
 62
     3
100
AcDbVertex
100
AcDb2dVertex
 10
574.3118474700982
 20
-5167.335792689664
 30
0
  0
VERTEX
  5
FD32
330
FD23
100
AcDbEntity
  8
0-CAD-polyline
 62
     3
100
AcDbVertex
100
AcDb2dVertex
 10
573.3118474700982
 20
-5168.335792689664
 30
0
  0
VERTEX
  5
FD33
330
FD23
100
AcDbEntity
  8
0-CAD-polyline
 62
     3
100
AcDbVertex
100
AcDb2dVertex
 10
551.3118474700982
 20
-5168.335792689664
 30
0
  0
VERTEX
  5
FD34
330
FD23
100
AcDbEntity
  8
0-CAD-polyline
 62
     3
100
AcDbVertex
100
AcDb2dVertex
 10
549.3118474700982
 20
-5170.335792689664
 30
0
  0
VERTEX
  5
FD35
330
FD23
100
AcDbEntity
  8
0-CAD-polyline
 62
     3
100
AcDbVertex
100
AcDb2dVertex
 10
549.3118474700982
 20
-5182.335792689664
 30
0
  0
VERTEX
  5
FD36
330
FD23
100
AcDbEntity
  8
0-CAD-polyline
 62
     3
100
AcDbVertex
100
AcDb2dVertex
 10
548.3118474700982
 20
-5183.335792689664
 30
0
  0
VERTEX
  5
FD37
330
FD23
100
AcDbEntity
  8
0-CAD-polyline
 62
     3
100
AcDbVertex
100
AcDb2dVertex
 10
542.0618550994927
 20
-5183.335792689664
 30
0
  0
VERTEX
  5
FD38
330
FD23
100
AcDbEntity
  8
0-CAD-polyline
 62
     3
100
AcDbVertex
100
AcDb2dVertex
 10
535.8118474700982
 20
-5183.335792689664
 30
0
  0
VERTEX
  5
FD39
330
FD23
100
AcDbEntity
  8
0-CAD-polyline
 62
     3
100
AcDbVertex
100
AcDb2dVertex
 10
534.8118474700982
 20
-5182.335792689664
 30
0
  0
VERTEX
  5
FD3A
330
FD23
100
AcDbEntity
  8
0-CAD-polyline
 62
     3
100
AcDbVertex
100
AcDb2dVertex
 10
534.8118474700982
 20
-5155.335792689664
 30
0
  0
SEQEND
  5
FD3B
330
FD23
100
AcDbEntity
  8
0-CAD-polyline
  0
LINE
  5
FD3C
330
2
100
AcDbEntity
  8
0-CAD-polyline
 62
     3
100
AcDbLine
 10
533.8118474700982
 20
-5182.335792689664
 30
0
 11
534.8118474700982
 21
-5182.335792689664
 31
0
  0
LINE
  5
FD3D
330
2
100
AcDbEntity
  8
0-CAD-polyline
 62
     3
100
AcDbLine
 10
535.8118474700982
 20
-5184.335792689664
 30
0
 11
535.8118474700982
 21
-5183.335792689664
 31
0
  0
LINE
  5
FD3E
330
2
100
AcDbEntity
  8
0-CAD-polyline
 62
     3
100
AcDbLine
 10
542.0618550994927
 20
-5184.335792689664
 30
0
 11
542.0618550994927
 21
-5183.335792689664
 31
0
  0
LINE
  5
FD3F
330
2
100
AcDbEntity
  8
0-CAD-polyline
 62
     3
100
AcDbLine
 10
548.3118474700982
 20
-5184.335792689664
 30
0
 11
548.3118474700982
 21
-5183.335792689664
 31
0
  0
LINE
  5
FD40
330
2
100
AcDbEntity
  8
0-CAD-polyline
 62
     3
100
AcDbLine
 10
550.3118474700982
 20
-5182.335792689664
 30
0
 11
549.3118474700982
 21
-5182.335792689664
 31
0
  0
LINE
  5
FD41
330
2
100
AcDbEntity
  8
0-CAD-polyline
 62
     3
100
AcDbLine
 10
550.3118474700982
 20
-5170.335792689664
 30
0
 11
549.3118474700982
 21
-5170.335792689664
 31
0
  0
LINE
  5
FD42
330
2
100
AcDbEntity
  8
0-CAD-polyline
 62
     3
100
AcDbLine
 10
551.3118474700982
 20
-5169.335792689664
 30
0
 11
551.3118474700982
 21
-5168.335792689664
 31
0
  0
LINE
  5
FD43
330
2
100
AcDbEntity
  8
0-CAD-polyline
 62
     3
100
AcDbLine
 10
573.3118474700982
 20
-5169.335792689664
 30
0
 11
573.3118474700982
 21
-5168.335792689664
 31
0
  0
LINE
  5
FD44
330
2
100
AcDbEntity
  8
0-CAD-polyline
 62
     3
100
AcDbLine
 10
575.3118474700982
 20
-5167.335792689664
 30
0
 11
574.3118474700982
 21
-5167.335792689664
 31
0
  0
POLYLINE
  5
FD5E
330
2
100
AcDbEntity
  8
0-CAD-polyline
 62
     5
100
AcDb2dPolyline
 66
     1
 10
0
 20
0
 30
0
 40
0
 41
0
  0
VERTEX
  5
FD5F
330
FD5E
100
AcDbEntity
  8
0-CAD-polyline
 62
     5
100
AcDbVertex
100
AcDb2dVertex
 10
6.03271278758325
 20
-83.08577743087432
 30
0
  0
VERTEX
  5
FD60
330
FD5E
100
AcDbEntity
  8
0-CAD-polyline
 62
     5
100
AcDbVertex
100
AcDb2dVertex
 10
6.03271278758325
 20
-84.58577743087432
 30
0
  0
VERTEX
  5
FD61
330
FD5E
100
AcDbEntity
  8
0-CAD-polyline
 62
     5
100
AcDbVertex
100
AcDb2dVertex
 10
26.53271278758325
 20
-84.58577743087432
 30
0
  0
VERTEX
  5
FD62
330
FD5E
100
AcDbEntity
  8
0-CAD-polyline
 62
     5
100
AcDbVertex
100
AcDb2dVertex
 10
29.86672768016138
 20
-84.58577743087432
 30
0
  0
VERTEX
  5
FD63
330
FD5E
100
AcDbEntity
  8
0-CAD-polyline
 62
     5
100
AcDbVertex
100
AcDb2dVertex
 10
34.86673149485864
 20
-84.58577743087432
 30
0
  0
VERTEX
  5
FD64
330
FD5E
100
AcDbEntity
  8
0-CAD-polyline
 62
     5
100
AcDbVertex
100
AcDb2dVertex
 10
39.86672768016138
 20
-84.58577743087432
 30
0
  0
VERTEX
  5
FD65
330
FD5E
100
AcDbEntity
  8
0-CAD-polyline
 62
     5
100
AcDbVertex
100
AcDb2dVertex
 10
43.20074281115808
 20
-84.58577743087432
 30
0
  0
VERTEX
  5
FD66
330
FD5E
100
AcDbEntity
  8
0-CAD-polyline
 62
     5
100
AcDbVertex
100
AcDb2dVertex
 10
76.03475746531763
 20
-84.58577743087432
 30
0
  0
VERTEX
  5
FD67
330
FD5E
100
AcDbEntity
  8
0-CAD-polyline
 62
     5
100
AcDbVertex
100
AcDb2dVertex
 10
76.03475746531763
 20
-83.08577743087432
 30
0
  0
VERTEX
  5
FD68
330
FD5E
100
AcDbEntity
  8
0-CAD-polyline
 62
     5
100
AcDbVertex
100
AcDb2dVertex
 10
43.20074281115808
 20
-83.08577743087432
 30
0
  0
VERTEX
  5
FD69
330
FD5E
100
AcDbEntity
  8
0-CAD-polyline
 62
     5
100
AcDbVertex
100
AcDb2dVertex
 10
39.86672768016138
 20
-83.08577743087432
 30
0
  0
VERTEX
  5
FD6A
330
FD5E
100
AcDbEntity
  8
0-CAD-polyline
 62
     5
100
AcDbVertex
100
AcDb2dVertex
 10
34.86673149485864
 20
-83.08577743087432
 30
0
  0
VERTEX
  5
FD6B
330
FD5E
100
AcDbEntity
  8
0-CAD-polyline
 62
     5
100
AcDbVertex
100
AcDb2dVertex
 10
29.86672768016138
 20
-83.08577743087432
 30
0
  0
VERTEX
  5
FD6C
330
FD5E
100
AcDbEntity
  8
0-CAD-polyline
 62
     5
100
AcDbVertex
100
AcDb2dVertex
 10
26.53271278758325
 20
-83.08577743087432
 30
0
  0
VERTEX
  5
FD6D
330
FD5E
100
AcDbEntity
  8
0-CAD-polyline
 62
     5
100
AcDbVertex
100
AcDb2dVertex
 10
6.03271278758325
 20
-83.08577743087432
 30
0
  0
SEQEND
  5
FD6E
330
FD5E
100
AcDbEntity
  8
0-CAD-polyline
  0
LINE
  5
FD6F
330
2
100
AcDbEntity
  8
0-CAD-polyline
 62
     5
100
AcDbLine
 10
26.53271278758325
 20
-84.58577743087432
 30
0
 11
26.53271278758325
 21
-83.08577743087432
 31
0
  0
LINE
  5
FD70
330
2
100
AcDbEntity
  8
0-CAD-polyline
 62
     5
100
AcDbLine
 10
29.86672768016138
 20
-84.58577743087432
 30
0
 11
29.86672768016138
 21
-83.08577743087432
 31
0
  0
LINE
  5
FD71
330
2
100
AcDbEntity
  8
0-CAD-polyline
 62
     5
100
AcDbLine
 10
34.86673149485864
 20
-84.58577743087432
 30
0
 11
34.86673149485864
 21
-83.08577743087432
 31
0
  0
LINE
  5
FD72
330
2
100
AcDbEntity
  8
0-CAD-polyline
 62
     5
100
AcDbLine
 10
39.86672768016138
 20
-84.58577743087432
 30
0
 11
39.86672768016138
 21
-83.08577743087432
 31
0
  0
LINE
  5
FD73
330
2
100
AcDbEntity
  8
0-CAD-polyline
 62
     5
100
AcDbLine
 10
43.20074281115808
 20
-84.58577743087432
 30
0
 11
43.20074281115808
 21
-83.08577743087432
 31
0
  0
LINE
  5
FD74
330
2
100
AcDbEntity
  8
0-CAD-polyline
 62
     4
100
AcDbLine
 10
6.03271278758325
 20
-84.58577743087432
 30
0
 11
6.03271278758325
 21
-83.08577743087432
 31
0
  0
LINE
  5
FD75
330
2
100
AcDbEntity
  8
0-CAD-polyline
 62
     4
100
AcDbLine
 10
44.53271302600183
 20
-84.58577743087432
 30
0
 11
44.53271302600183
 21
-83.08577743087432
 31
0
  0
LINE
  5
FD76
330
2
100
AcDbEntity
  8
0-CAD-polyline
 62
     4
100
AcDbLine
 10
25.28271278758325
 20
-85.71077743087432
 30
0
 11
25.28271278758325
 21
-81.96077743087432
 31
0
  0
LINE
  5
FD77
330
2
100
AcDbEntity
  8
0-CAD-polyline
 62
     4
100
AcDbLine
 10
6.03271278758325
 20
-84.58577743087432
 30
0
 11
6.03271278758325
 21
-83.08577743087432
 31
0
  0
LINE
  5
FD78
330
2
100
AcDbEntity
  8
0-CAD-polyline
 62
     4
100
AcDbLine
 10
44.53271302600183
 20
-84.58577743087432
 30
0
 11
44.53271302600183
 21
-83.08577743087432
 31
0
  0
LINE
  5
FD79
330
2
100
AcDbEntity
  8
0-CAD-polyline
 62
     4
100
AcDbLine
 10
25.28271278758325
 20
-85.71077743087432
 30
0
 11
25.28271278758325
 21
-81.96077743087432
 31
0
  0
LINE
  5
FD7A
330
2
100
AcDbEntity
  8
0-CAD-polyline
 62
     1
100
AcDbLine
 10
100.3167322573586
 20
-4.585785057202443
 30
0
 11
-19.68326774264142
 21
-4.585785057202429
 31
0
1001
COPRA_AXIS
1000
6cbf5e91-2d47-4290-8481-3a285ca1a8ee
  0
LINE
  5
FD7B
330
2
100
AcDbEntity
  8
0-CAD-polyline
 62
     1
100
AcDbLine
 10
-19.68326774264142
 20
-159.5857850572024
 30
0
 11
100.3167322573586
 21
-159.5857850572024
 31
0
1001
COPRA_AXIS
1000
2e9bf31c-f76b-49e4-bbba-e779a1813f54
  0
LINE
  5
FD7C
330
2
100
AcDbEntity
  8
0-CAD-polyline
 62
     1
100
AcDbLine
 10
6.03271278758325
 20
-83.83579268966338
 30
0
 11
76.03475746531763
 21
-83.83579268966338
 31
0
  0
TEXT
  5
FD7D
330
2
100
AcDbEntity
  8
0-CAD-polyline
100
AcDbText
 10
-13.96728721241675
 20
-82.83579268966338
 30
0
 40
10
  1
 0
  7

 11
0
 21
0
 31
0
100
AcDbText
  0
POLYLINE
  5
FD7E
330
2
100
AcDbEntity
  8
0-CAD-polyline
 62
     5
100
AcDb2dPolyline
 66
     1
 10
0
 20
0
 30
0
 40
0
 41
0
  0
VERTEX
  5
FD7F
330
FD7E
100
AcDbEntity
  8
0-CAD-polyline
 62
     5
100
AcDbVertex
100
AcDb2dVertex
 10
6.469156116440672
 20
-379.2452470353665
 30
0
  0
VERTEX
  5
FD80
330
FD7E
100
AcDbEntity
  8
0-CAD-polyline
 62
     5
100
AcDbVertex
100
AcDb2dVertex
 10
6.208680957749266
 20
-380.7224809220853
 30
0
  0
VERTEX
  5
FD81
330
FD7E
100
AcDbEntity
  8
0-CAD-polyline
 62
     5
100
AcDbVertex
100
AcDb2dVertex
 10
26.39724144358911
 20
-384.2822648576321
 30
0
  0
VERTEX
  5
FD82
330
FD7E
100
AcDbEntity
  8
0-CAD-polyline
 62
     5
100
AcDbVertex
100
AcDb2dVertex
 10
29.86673340220727
 20
-384.5857926896634
 30
0
  0
VERTEX
  5
FD83
330
FD7E
100
AcDbEntity
  8
0-CAD-polyline
 62
     5
100
AcDbVertex
100
AcDb2dVertex
 10
34.86673721690454
 20
-384.5857926896634
 30
0
  0
VERTEX
  5
FD84
330
FD7E
100
AcDbEntity
  8
0-CAD-polyline
 62
     5
100
AcDbVertex
100
AcDb2dVertex
 10
39.86673340220727
 20
-384.5857926896634
 30
0
  0
VERTEX
  5
FD85
330
FD7E
100
AcDbEntity
  8
0-CAD-polyline
 62
     5
100
AcDbVertex
100
AcDb2dVertex
 10
43.29294022937097
 20
-384.3912431291165
 30
0
  0
VERTEX
  5
FD86
330
FD7E
100
AcDbEntity
  8
0-CAD-polyline
 62
     5
100
AcDbVertex
100
AcDb2dVertex
 10
75.91589531321802
 20
-380.674324183804
 30
0
  0
VERTEX
  5
FD87
330
FD7E
100
AcDbEntity
  8
0-CAD-polyline
 62
     5
100
AcDbVertex
100
AcDb2dVertex
 10
75.74608787913598
 20
-379.1839677384915
 30
0
  0
VERTEX
  5
FD88
330
FD7E
100
AcDbEntity
  8
0-CAD-polyline
 62
     5
100
AcDbVertex
100
AcDb2dVertex
 10
43.12313517947473
 20
-382.900886683804
 30
0
  0
VERTEX
  5
FD89
330
FD7E
100
AcDbEntity
  8
0-CAD-polyline
 62
     5
100
AcDbVertex
100
AcDb2dVertex
 10
39.86673340220727
 20
-383.0857926896634
 30
0
  0
VERTEX
  5
FD8A
330
FD7E
100
AcDbEntity
  8
0-CAD-polyline
 62
     5
100
AcDbVertex
100
AcDb2dVertex
 10
34.86673721690454
 20
-383.0857926896634
 30
0
  0
VERTEX
  5
FD8B
330
FD7E
100
AcDbEntity
  8
0-CAD-polyline
 62
     5
100
AcDbVertex
100
AcDb2dVertex
 10
29.86673340220727
 20
-383.0857926896634
 30
0
  0
VERTEX
  5
FD8C
330
FD7E
100
AcDbEntity
  8
0-CAD-polyline
 62
     5
100
AcDbVertex
100
AcDb2dVertex
 10
26.65771278758325
 20
-382.8050309709134
 30
0
  0
VERTEX
  5
FD8D
330
FD7E
100
AcDbEntity
  8
0-CAD-polyline
 62
     5
100
AcDbVertex
100
AcDb2dVertex
 10
6.469156116440672
 20
-379.2452470353665
 30
0
  0
SEQEND
  5
FD8E
330
FD7E
100
AcDbEntity
  8
0-CAD-polyline
  0
LINE
  5
FD8F
330
2
100
AcDbEntity
  8
0-CAD-polyline
 62
     5
100
AcDbLine
 10
26.39724144358911
 20
-384.2822648576321
 30
0
 11
26.65771278758325
 21
-382.8050309709134
 31
0
  0
LINE
  5
FD90
330
2
100
AcDbEntity
  8
0-CAD-polyline
 62
     5
100
AcDbLine
 10
29.86673340220727
 20
-384.5857926896634
 30
0
 11
29.86673340220727
 21
-383.0857926896634
 31
0
  0
LINE
  5
FD91
330
2
100
AcDbEntity
  8
0-CAD-polyline
 62
     5
100
AcDbLine
 10
34.86673721690454
 20
-384.5857926896634
 30
0
 11
34.86673721690454
 21
-383.0857926896634
 31
0
  0
LINE
  5
FD92
330
2
100
AcDbEntity
  8
0-CAD-polyline
 62
     5
100
AcDbLine
 10
39.86673340220727
 20
-384.5857926896634
 30
0
 11
39.86673340220727
 21
-383.0857926896634
 31
0
  0
LINE
  5
FD93
330
2
100
AcDbEntity
  8
0-CAD-polyline
 62
     5
100
AcDbLine
 10
43.29294022937097
 20
-384.3912431291165
 30
0
 11
43.12313517947473
 21
-382.900886683804
 31
0
  0
LINE
  5
FD94
330
2
100
AcDbEntity
  8
0-CAD-polyline
 62
     4
100
AcDbLine
 10
6.208682402997738
 20
-380.7224697933357
 30
0
 11
6.4691546711922
 21
-379.2452581641161
 31
0
  0
LINE
  5
FD95
330
2
100
AcDbEntity
  8
0-CAD-polyline
 62
     4
100
AcDbLine
 10
44.6163482328011
 20
-384.240460489256
 30
0
 11
44.44654341218097
 21
-382.7501027057376
 31
0
  0
LINE
  5
FD96
330
2
100
AcDbEntity
  8
0-CAD-polyline
 62
     4
100
AcDbLine
 10
24.97087744733676
 20
-385.1731059353388
 30
0
 11
25.62205811782314
 21
-381.4800768622898
 31
0
  0
LINE
  5
FD97
330
2
100
AcDbEntity
  8
0-CAD-polyline
 62
     4
100
AcDbLine
 10
6.208682402997738
 20
-380.7224697933357
 30
0
 11
6.4691546711922
 21
-379.2452581641161
 31
0
  0
LINE
  5
FD98
330
2
100
AcDbEntity
  8
0-CAD-polyline
 62
     4
100
AcDbLine
 10
44.6163482328011
 20
-384.240460489256
 30
0
 11
44.44654341218097
 21
-382.7501027057376
 31
0
  0
LINE
  5
FD99
330
2
100
AcDbEntity
  8
0-CAD-polyline
 62
     4
100
AcDbLine
 10
24.97087744733676
 20
-385.1731059353388
 30
0
 11
25.62205811782314
 21
-381.4800768622898
 31
0
  0
LINE
  5
FD9A
330
2
100
AcDbEntity
  8
0-CAD-polyline
 62
     1
100
AcDbLine
 10
100.3167360773587
 20
-304.6857682784134
 30
0
 11
-19.68326392264134
 21
-304.6857682784134
 31
0
1001
COPRA_AXIS
1000
c9d8a2b8-eae8-4cfd-a6fb-4d6c4856da59
  0
LINE
  5
FD9B
330
2
100
AcDbEntity
  8
0-CAD-polyline
 62
     1
100
AcDbLine
 10
-19.68326392264134
 20
-459.6857682784134
 30
0
 11
100.3167360773587
 21
-459.6857682784134
 31
0
1001
COPRA_AXIS
1000
d31c1488-0dce-4f2d-904f-fafa3303d1dc
  0
LINE
  5
FD9C
330
2
100
AcDbEntity
  8
0-CAD-polyline
 62
     5
100
AcDbLine
 10
-18.67916694264136
 20
-329.6857682756009
 30
0
 11
-18.67916694264136
 21
-311.6857682756009
 31
0
  0
LINE
  5
FD9D
330
2
100
AcDbEntity
  8
0-CAD-polyline
 62
     5
100
AcDbLine
 10
-10.67916694264136
 20
-329.6857682756009
 30
0
 11
-10.67916694264136
 21
-311.6857682756009
 31
0
  0
LINE
  5
FD9E
330
2
100
AcDbEntity
  8
0-CAD-polyline
 62
     5
100
AcDbLine
 10
-19.67916694264136
 20
-311.6857682756009
 30
0
 11
-9.679166942641359
 21
-311.6857682756009
 31
0
  0
POLYLINE
  5
FD9F
330
2
100
AcDbEntity
  8
0-CAD-polyline
 62
     5
100
AcDb2dPolyline
 66
     1
 10
0
 20
0
 30
0
 40
0
 41
0
  0
VERTEX
  5
FDA0
330
FD9F
100
AcDbEntity
  8
0-CAD-polyline
 62
     5
100
AcDbVertex
100
AcDb2dVertex
 10
-19.67916694264136
 20
-330.6857682756009
 30
0
  0
VERTEX
  5
FDA1
330
FD9F
100
AcDbEntity
  8
0-CAD-polyline
 62
     5
100
AcDbVertex
100
AcDb2dVertex
 10
-18.67916694264136
 20
-329.6857682756009
 30
0
  0
VERTEX
  5
FDA2
330
FD9F
100
AcDbEntity
  8
0-CAD-polyline
 62
     5
100
AcDbVertex
100
AcDb2dVertex
 10
-10.67916694264136
 20
-329.6857682756009
 30
0
  0
VERTEX
  5
FDA3
330
FD9F
100
AcDbEntity
  8
0-CAD-polyline
 62
     5
100
AcDbVertex
100
AcDb2dVertex
 10
-9.679166942641359
 20
-330.6857682756009
 30
0
  0
SEQEND
  5
FDA4
330
FD9F
100
AcDbEntity
  8
0-CAD-polyline
 62
     5
  0
POLYLINE
  5
FDA5
330
2
100
AcDbEntity
  8
0-CAD-polyline
 62
     5
100
AcDb2dPolyline
 66
     1
 10
0
 20
0
 30
0
 40
0
 41
0
1001
COPRA
1000
2
1001
CrfRollDraw
1000
0535de29-4a08-48e3-9eb4-3e170eef4016
  0
VERTEX
  5
FDA6
330
FDA5
100
AcDbEntity
  8
0-CAD-polyline
 62
     5
100
AcDbVertex
100
AcDb2dVertex
 10
-19.67916694264136
 20
-304.6857682756009
 30
0
  0
VERTEX
  5
FDA7
330
FDA5
100
AcDbEntity
  8
0-CAD-polyline
 62
     5
100
AcDbVertex
100
AcDb2dVertex
 10
-19.67916694264136
 20
-381.1857682756009
 30
0
  0
VERTEX
  5
FDA8
330
FDA5
100
AcDbEntity
  8
0-CAD-polyline
 62
     5
100
AcDbVertex
100
AcDb2dVertex
 10
-18.67916694264136
 20
-382.1857682756009
 30
0
  0
VERTEX
  5
FDA9
330
FDA5
100
AcDbEntity
  8
0-CAD-polyline
 62
     5
100
AcDbVertex
100
AcDb2dVertex
 10
-10.67916694264136
 20
-382.1857682756009
 30
0
  0
VERTEX
  5
FDAA
330
FDA5
100
AcDbEntity
  8
0-CAD-polyline
 62
     5
100
AcDbVertex
100
AcDb2dVertex
 10
-9.679166942641359
 20
-381.1857682756009
 30
0
  0
VERTEX
  5
FDAB
330
FDA5
100
AcDbEntity
  8
0-CAD-polyline
 62
     5
100
AcDbVertex
100
AcDb2dVertex
 10
-9.679166942641359
 20
-304.6857682756009
 30
0
  0
SEQEND
  5
FDAC
330
FDA5
100
AcDbEntity
  8
0-CAD-polyline
 62
     5
  0
LINE
  5
FDAD
330
2
100
AcDbEntity
  8
0-CAD-polyline
 62
     5
100
AcDbLine
 10
-19.67916694264136
 20
-330.6857682756009
 30
0
 11
-18.67916694264136
 21
-329.6857682756009
 31
0
  0
LINE
  5
FDAE
330
2
100
AcDbEntity
  8
0-CAD-polyline
 62
     5
100
AcDbLine
 10
-9.679166942641359
 20
-330.6857682756009
 30
0
 11
-10.67916694264136
 21
-329.6857682756009
 31
0
  0
LINE
  5
FDAF
330
2
100
AcDbEntity
  8
0-CAD-polyline
 62
     5
100
AcDbLine
 10
-18.67916694264136
 20
-329.6857682756009
 30
0
 11
-10.67916694264136
 21
-329.6857682756009
 31
0
  0
LINE
  5
FDB0
330
2
100
AcDbEntity
  8
0-CAD-polyline
 62
     5
100
AcDbLine
 10
-18.67916694264136
 20
-329.6857682756009
 30
0
 11
-18.67916694264136
 21
-311.6857682756009
 31
0
  0
LINE
  5
FDB1
330
2
100
AcDbEntity
  8
0-CAD-polyline
 62
     5
100
AcDbLine
 10
-10.67916694264136
 20
-329.6857682756009
 30
0
 11
-10.67916694264136
 21
-311.6857682756009
 31
0
  0
LINE
  5
FDB2
330
2
100
AcDbEntity
  8
0-CAD-polyline
 62
     5
100
AcDbLine
 10
-19.67916694264136
 20
-311.6857682756009
 30
0
 11
-9.679166942641359
 21
-311.6857682756009
 31
0
  0
TEXT
  5
FDB3
330
2
100
AcDbEntity
  8
0-CAD-polyline
 62
     5
100
AcDbText
 10
-15.55416704694949
 20
-302.9357682759621
 30
0
 40
2.449999958276749
  1
*Ø155x10
 50
89.99999998310366
  7

 11
-16.77916702608786
 21
-302.9357682756009
 31
0
100
AcDbText
 73
     2
  0
TEXT
  5
FDB4
330
2
100
AcDbEntity
  8
0-CAD-polyline
 62
     5
100
AcDbText
 10
-11.35416688005648
 20
-302.9357682759621
 30
0
 40
2.449999958276749
  1
1.32 kg
 50
89.99999998310366
  7

 11
-12.57916685919486
 21
-302.9357682756009
 31
0
100
AcDbText
 73
     2
  0
LINE
  5
FDB5
330
2
100
AcDbEntity
  8
0-CAD-polyline
 62
     5
100
AcDbLine
 10
-8.679166942641359
 20
-329.6857682756009
 30
0
 11
-8.679166942641359
 21
-311.6857682756009
 31
0
  0
LINE
  5
FDB6
330
2
100
AcDbEntity
  8
0-CAD-polyline
 62
     5
100
AcDbLine
 10
89.32083305735864
 20
-329.6857682756009
 30
0
 11
89.32083305735864
 21
-311.6857682756009
 31
0
  0
LINE
  5
FDB7
330
2
100
AcDbEntity
  8
0-CAD-polyline
 62
     5
100
AcDbLine
 10
-9.679166942641359
 20
-311.6857682756009
 30
0
 11
90.32083305735864
 21
-311.6857682756009
 31
0
  0
POLYLINE
  5
FDB8
330
2
100
AcDbEntity
  8
0-CAD-polyline
 62
     5
100
AcDb2dPolyline
 66
     1
 10
0
 20
0
 30
0
 40
0
 41
0
  0
VERTEX
  5
FDB9
330
FDB8
100
AcDbEntity
  8
0-CAD-polyline
 62
     5
100
AcDbVertex
100
AcDb2dVertex
 10
-9.679166942641359
 20
-330.6857682756009
 30
0
  0
VERTEX
  5
FDBA
330
FDB8
100
AcDbEntity
  8
0-CAD-polyline
 62
     5
100
AcDbVertex
100
AcDb2dVertex
 10
-8.679166942641359
 20
-329.6857682756009
 30
0
  0
VERTEX
  5
FDBB
330
FDB8
100
AcDbEntity
  8
0-CAD-polyline
 62
     5
100
AcDbVertex
100
AcDb2dVertex
 10
89.32083305735864
 20
-329.6857682756009
 30
0
  0
VERTEX
  5
FDBC
330
FDB8
100
AcDbEntity
  8
0-CAD-polyline
 62
     5
100
AcDbVertex
100
AcDb2dVertex
 10
90.32083305735864
 20
-330.6857682756009
 30
0
  0
SEQEND
  5
FDBD
330
FDB8
100
AcDbEntity
  8
0-CAD-polyline
 62
     5
  0
POLYLINE
  5
FDBE
330
2
100
AcDbEntity
  8
0-CAD-polyline
 62
     5
100
AcDb2dPolyline
 66
     1
 10
0
 20
0
 30
0
 40
0
 41
0
1001
COPRA
1000
3
1001
CrfRollDraw
1000
85196fad-b402-4f5d-9aab-be5b79cf6f72
  0
VERTEX
  5
FDBF
330
FDBE
100
AcDbEntity
  8
0-CAD-polyline
 62
     5
100
AcDbVertex
100
AcDb2dVertex
 10
-9.679166942641359
 20
-304.6857682756009
 30
0
  0
VERTEX
  5
FDC0
330
FDBE
100
AcDbEntity
  8
0-CAD-polyline
 62
     5
100
AcDbVertex
100
AcDb2dVertex
 10
-9.679166942641359
 20
-376.1585084456009
 30
0
  0
VERTEX
  5
FDC1
330
FDBE
100
AcDbEntity
  8
0-CAD-polyline
 62
     5
100
AcDbVertex
100
AcDb2dVertex
 10
-8.026464612641348
 20
-378.1281205656009
 30
0
  0
VERTEX
  5
FDC2
330
FDBE
100
AcDbEntity
  8
0-CAD-polyline
 62
     5
100
AcDbVertex
100
AcDb2dVertex
 10
6.026136247358636
 20
-380.6059724356009
 30
0
  0
VERTEX
  5
FDC3
330
FDBE
100
AcDbEntity
  8
0-CAD-polyline
 62
     5
100
AcDbVertex
100
AcDb2dVertex
 10
6.257825707358734
 20
-380.4437409956009
 30
0
  0
VERTEX
  5
FDC4
330
FDBE
100
AcDbEntity
  8
0-CAD-polyline
 62
     5
100
AcDbVertex
100
AcDb2dVertex
 10
6.482560967358722
 20
-379.1692048556009
 30
0
  0
VERTEX
  5
FDC5
330
FDBE
100
AcDbEntity
  8
0-CAD-polyline
 62
     5
100
AcDbVertex
100
AcDb2dVertex
 10
26.6267059773586
 20
-382.7937089456009
 30
0
  0
VERTEX
  5
FDC6
330
FDBE
100
AcDbEntity
  8
0-CAD-polyline
 62
     5
100
AcDbVertex
100
AcDb2dVertex
 10
29.89923462735874
 20
-383.0857774356008
 30
0
  0
VERTEX
  5
FDC7
330
FDBE
100
AcDbEntity
  8
0-CAD-polyline
 62
     5
100
AcDbVertex
100
AcDb2dVertex
 10
39.81635805735868
 20
-383.0857774356008
 30
0
  0
VERTEX
  5
FDC8
330
FDBE
100
AcDbEntity
  8
0-CAD-polyline
 62
     5
100
AcDbVertex
100
AcDb2dVertex
 10
43.17250498735871
 20
-382.8893205256009
 30
0
  0
VERTEX
  5
FDC9
330
FDBE
100
AcDbEntity
  8
0-CAD-polyline
 62
     5
100
AcDbVertex
100
AcDb2dVertex
 10
75.73246940735862
 20
-379.0644074956008
 30
0
  0
VERTEX
  5
FDCA
330
FDBE
100
AcDbEntity
  8
0-CAD-polyline
 62
     5
100
AcDbVertex
100
AcDb2dVertex
 10
75.88317665735872
 20
-380.3871614056009
 30
0
  0
VERTEX
  5
FDCB
330
FDBE
100
AcDbEntity
  8
0-CAD-polyline
 62
     5
100
AcDbVertex
100
AcDb2dVertex
 10
76.10453209735874
 20
-380.5632325656009
 30
0
  0
VERTEX
  5
FDCC
330
FDBE
100
AcDbEntity
  8
0-CAD-polyline
 62
     5
100
AcDbVertex
100
AcDb2dVertex
 10
88.54723915735872
 20
-379.1455689956009
 30
0
  0
VERTEX
  5
FDCD
330
FDBE
100
AcDbEntity
  8
0-CAD-polyline
 62
     5
100
AcDbVertex
100
AcDb2dVertex
 10
90.32083305735864
 20
-377.1584245256009
 30
0
  0
VERTEX
  5
FDCE
330
FDBE
100
AcDbEntity
  8
0-CAD-polyline
 62
     5
100
AcDbVertex
100
AcDb2dVertex
 10
90.32083305735864
 20
-304.6857682756009
 30
0
  0
SEQEND
  5
FDCF
330
FDBE
100
AcDbEntity
  8
0-CAD-polyline
 62
     5
  0
LINE
  5
FDD0
330
2
100
AcDbEntity
  8
0-CAD-polyline
 62
     5
100
AcDbLine
 10
-9.679166942641359
 20
-339.6857682756009
 30
0
 11
-8.679166942641359
 21
-339.6857682756009
 31
0
  0
LINE
  5
FDD1
330
2
100
AcDbEntity
  8
0-CAD-polyline
 62
     5
100
AcDbLine
 10
-8.679166942641359
 20
-339.6857682756009
 30
0
 11
-8.679166942641359
 21
-344.6857682756009
 31
0
  0
LINE
  5
FDD2
330
2
100
AcDbEntity
  8
0-CAD-polyline
 62
     5
100
AcDbLine
 10
-8.679166942641359
 20
-344.6857682756009
 30
0
 11
-9.679166942641359
 21
-344.6857682756009
 31
0
  0
LINE
  5
FDD3
330
2
100
AcDbEntity
  8
0-CAD-polyline
 62
     5
100
AcDbLine
 10
-9.679166942641359
 20
-330.6857682756009
 30
0
 11
-8.679166942641359
 21
-329.6857682756009
 31
0
  0
LINE
  5
FDD4
330
2
100
AcDbEntity
  8
0-CAD-polyline
 62
     5
100
AcDbLine
 10
90.32083305735864
 20
-330.6857682756009
 30
0
 11
89.32083305735864
 21
-329.6857682756009
 31
0
  0
LINE
  5
FDD5
330
2
100
AcDbEntity
  8
0-CAD-polyline
 62
     5
100
AcDbLine
 10
-8.679166942641359
 20
-329.6857682756009
 30
0
 11
89.32083305735864
 21
-329.6857682756009
 31
0
  0
LINE
  5
FDD6
330
2
100
AcDbEntity
  8
0-CAD-polyline
 62
     5
100
AcDbLine
 10
-8.679166942641359
 20
-329.6857682756009
 30
0
 11
-8.679166942641359
 21
-311.6857682756009
 31
0
  0
LINE
  5
FDD7
330
2
100
AcDbEntity
  8
0-CAD-polyline
 62
     5
100
AcDbLine
 10
89.32083305735864
 20
-329.6857682756009
 30
0
 11
89.32083305735864
 21
-311.6857682756009
 31
0
  0
LINE
  5
FDD8
330
2
100
AcDbEntity
  8
0-CAD-polyline
 62
     5
100
AcDbLine
 10
-9.679166942641359
 20
-311.6857682756009
 30
0
 11
90.32083305735864
 21
-311.6857682756009
 31
0
  0
TEXT
  5
FDD9
330
2
100
AcDbEntity
  8
0-CAD-polyline
 62
     5
100
AcDbText
 10
34.8096792112048
 20
-301.4549990448317
 30
0
 40
3.5
  1
*1T1
  7

 72
     1
 11
40.32083305735864
 21
-302.9357682756009
 31
0
100
AcDbText
 73
     1
  0
TEXT
  5
FDDA
330
2
100
AcDbEntity
  8
0-CAD-polyline
 62
     5
100
AcDbText
 10
33.6992370162776
 20
-297.6992296648215
 30
0
 40
2.449999958276749
  1
12.69 kg
  7

 72
     1
 11
40.32083305735864
 21
-298.7357681087079
 31
0
100
AcDbText
 73
     1
  0
LINE
  5
FDDB
330
2
100
AcDbEntity
  8
0-CAD-polyline
 62
     5
100
AcDbLine
 10
91.32083305735864
 20
-329.6857682756009
 30
0
 11
91.32083305735864
 21
-311.6857682756009
 31
0
  0
LINE
  5
FDDC
330
2
100
AcDbEntity
  8
0-CAD-polyline
 62
     5
100
AcDbLine
 10
99.32083305735864
 20
-329.6857682756009
 30
0
 11
99.32083305735864
 21
-311.6857682756009
 31
0
  0
LINE
  5
FDDD
330
2
100
AcDbEntity
  8
0-CAD-polyline
 62
     5
100
AcDbLine
 10
90.32083305735864
 20
-311.6857682756009
 30
0
 11
100.3208330573586
 21
-311.6857682756009
 31
0
  0
POLYLINE
  5
FDDE
330
2
100
AcDbEntity
  8
0-CAD-polyline
 62
     5
100
AcDb2dPolyline
 66
     1
 10
0
 20
0
 30
0
 40
0
 41
0
  0
VERTEX
  5
FDDF
330
FDDE
100
AcDbEntity
  8
0-CAD-polyline
 62
     5
100
AcDbVertex
100
AcDb2dVertex
 10
90.32083305735864
 20
-330.6857682756009
 30
0
  0
VERTEX
  5
FDE0
330
FDDE
100
AcDbEntity
  8
0-CAD-polyline
 62
     5
100
AcDbVertex
100
AcDb2dVertex
 10
91.32083305735864
 20
-329.6857682756009
 30
0
  0
VERTEX
  5
FDE1
330
FDDE
100
AcDbEntity
  8
0-CAD-polyline
 62
     5
100
AcDbVertex
100
AcDb2dVertex
 10
99.32083305735864
 20
-329.6857682756009
 30
0
  0
VERTEX
  5
FDE2
330
FDDE
100
AcDbEntity
  8
0-CAD-polyline
 62
     5
100
AcDbVertex
100
AcDb2dVertex
 10
100.3208330573586
 20
-330.6857682756009
 30
0
  0
SEQEND
  5
FDE3
330
FDDE
100
AcDbEntity
  8
0-CAD-polyline
 62
     5
  0
POLYLINE
  5
FDE4
330
2
100
AcDbEntity
  8
0-CAD-polyline
 62
     5
100
AcDb2dPolyline
 66
     1
 10
0
 20
0
 30
0
 40
0
 41
0
1001
COPRA
1000
4
1001
CrfRollDraw
1000
4cd1235c-0b76-4e58-b881-5794a6f12a44
  0
VERTEX
  5
FDE5
330
FDE4
100
AcDbEntity
  8
0-CAD-polyline
 62
     5
100
AcDbVertex
100
AcDb2dVertex
 10
90.32083305735864
 20
-304.6857682756009
 30
0
  0
VERTEX
  5
FDE6
330
FDE4
100
AcDbEntity
  8
0-CAD-polyline
 62
     5
100
AcDbVertex
100
AcDb2dVertex
 10
90.32083305735864
 20
-381.1857682756009
 30
0
  0
VERTEX
  5
FDE7
330
FDE4
100
AcDbEntity
  8
0-CAD-polyline
 62
     5
100
AcDbVertex
100
AcDb2dVertex
 10
91.32083305735864
 20
-382.1857682756009
 30
0
  0
VERTEX
  5
FDE8
330
FDE4
100
AcDbEntity
  8
0-CAD-polyline
 62
     5
100
AcDbVertex
100
AcDb2dVertex
 10
99.32083305735864
 20
-382.1857682756009
 30
0
  0
VERTEX
  5
FDE9
330
FDE4
100
AcDbEntity
  8
0-CAD-polyline
 62
     5
100
AcDbVertex
100
AcDb2dVertex
 10
100.3208330573586
 20
-381.1857682756009
 30
0
  0
VERTEX
  5
FDEA
330
FDE4
100
AcDbEntity
  8
0-CAD-polyline
 62
     5
100
AcDbVertex
100
AcDb2dVertex
 10
100.3208330573586
 20
-304.6857682756009
 30
0
  0
SEQEND
  5
FDEB
330
FDE4
100
AcDbEntity
  8
0-CAD-polyline
 62
     5
  0
LINE
  5
FDEC
330
2
100
AcDbEntity
  8
0-CAD-polyline
 62
     5
100
AcDbLine
 10
90.32083305735864
 20
-330.6857682756009
 30
0
 11
91.32083305735864
 21
-329.6857682756009
 31
0
  0
LINE
  5
FDED
330
2
100
AcDbEntity
  8
0-CAD-polyline
 62
     5
100
AcDbLine
 10
100.3208330573586
 20
-330.6857682756009
 30
0
 11
99.32083305735864
 21
-329.6857682756009
 31
0
  0
LINE
  5
FDEE
330
2
100
AcDbEntity
  8
0-CAD-polyline
 62
     5
100
AcDbLine
 10
91.32083305735864
 20
-329.6857682756009
 30
0
 11
99.32083305735864
 21
-329.6857682756009
 31
0
  0
LINE
  5
FDEF
330
2
100
AcDbEntity
  8
0-CAD-polyline
 62
     5
100
AcDbLine
 10
91.32083305735864
 20
-329.6857682756009
 30
0
 11
91.32083305735864
 21
-311.6857682756009
 31
0
  0
LINE
  5
FDF0
330
2
100
AcDbEntity
  8
0-CAD-polyline
 62
     5
100
AcDbLine
 10
99.32083305735864
 20
-329.6857682756009
 30
0
 11
99.32083305735864
 21
-311.6857682756009
 31
0
  0
LINE
  5
FDF1
330
2
100
AcDbEntity
  8
0-CAD-polyline
 62
     5
100
AcDbLine
 10
90.32083305735864
 20
-311.6857682756009
 30
0
 11
100.3208330573586
 21
-311.6857682756009
 31
0
  0
TEXT
  5
FDF2
330
2
100
AcDbEntity
  8
0-CAD-polyline
 62
     5
100
AcDbText
 10
94.44583295305051
 20
-302.9357682759621
 30
0
 40
2.449999958276749
  1
*SideFixSpacer
 50
89.99999998310366
  7

 11
93.22083297391214
 21
-302.9357682756009
 31
0
100
AcDbText
 73
     2
  0
TEXT
  5
FDF3
330
2
100
AcDbEntity
  8
0-CAD-polyline
 62
     5
100
AcDbText
 10
98.64583311994352
 20
-302.9357682759621
 30
0
 40
2.449999958276749
  1
1.32 kg
 50
89.99999998310366
  7

 11
97.42083314080514
 21
-302.9357682756009
 31
0
100
AcDbText
 73
     2
  0
LINE
  5
FDF4
330
2
100
AcDbEntity
  8
0-CAD-polyline
 62
     1
100
AcDbLine
 10
-18.67916694264136
 20
-434.6857682756009
 30
0
 11
-18.67916694264136
 21
-452.6857682756009
 31
0
  0
LINE
  5
FDF5
330
2
100
AcDbEntity
  8
0-CAD-polyline
 62
     1
100
AcDbLine
 10
-10.67916694264136
 20
-434.6857682756009
 30
0
 11
-10.67916694264136
 21
-452.6857682756009
 31
0
  0
LINE
  5
FDF6
330
2
100
AcDbEntity
  8
0-CAD-polyline
 62
     1
100
AcDbLine
 10
-19.67916694264136
 20
-452.6857682756009
 30
0
 11
-9.679166942641359
 21
-452.6857682756009
 31
0
  0
POLYLINE
  5
FDF7
330
2
100
AcDbEntity
  8
0-CAD-polyline
 62
     1
100
AcDb2dPolyline
 66
     1
 10
0
 20
0
 30
0
 40
0
 41
0
  0
VERTEX
  5
FDF8
330
FDF7
100
AcDbEntity
  8
0-CAD-polyline
 62
     1
100
AcDbVertex
100
AcDb2dVertex
 10
-19.67916694264136
 20
-433.6857682756009
 30
0
  0
VERTEX
  5
FDF9
330
FDF7
100
AcDbEntity
  8
0-CAD-polyline
 62
     1
100
AcDbVertex
100
AcDb2dVertex
 10
-18.67916694264136
 20
-434.6857682756009
 30
0
  0
VERTEX
  5
FDFA
330
FDF7
100
AcDbEntity
  8
0-CAD-polyline
 62
     1
100
AcDbVertex
100
AcDb2dVertex
 10
-10.67916694264136
 20
-434.6857682756009
 30
0
  0
VERTEX
  5
FDFB
330
FDF7
100
AcDbEntity
  8
0-CAD-polyline
 62
     1
100
AcDbVertex
100
AcDb2dVertex
 10
-9.679166942641359
 20
-433.6857682756009
 30
0
  0
SEQEND
  5
FDFC
330
FDF7
100
AcDbEntity
  8
0-CAD-polyline
 62
     1
  0
POLYLINE
  5
FDFD
330
2
100
AcDbEntity
  8
0-CAD-polyline
 62
     1
100
AcDb2dPolyline
 66
     1
 10
0
 20
0
 30
0
 40
0
 41
0
1001
COPRA
1000
5
1001
CrfRollDraw
1000
c690a8bd-6c8e-4762-8b10-32c40cf52e25
  0
VERTEX
  5
FDFE
330
FDFD
100
AcDbEntity
  8
0-CAD-polyline
 62
     1
100
AcDbVertex
100
AcDb2dVertex
 10
-19.67916694264136
 20
-459.6857682756009
 30
0
  0
VERTEX
  5
FDFF
330
FDFD
100
AcDbEntity
  8
0-CAD-polyline
 62
     1
100
AcDbVertex
100
AcDb2dVertex
 10
-19.67916694264136
 20
-383.1857682756009
 30
0
  0
VERTEX
  5
FE00
330
FDFD
100
AcDbEntity
  8
0-CAD-polyline
 62
     1
100
AcDbVertex
100
AcDb2dVertex
 10
-18.67916694264136
 20
-382.1857682756009
 30
0
  0
VERTEX
  5
FE01
330
FDFD
100
AcDbEntity
  8
0-CAD-polyline
 62
     1
100
AcDbVertex
100
AcDb2dVertex
 10
-10.67916694264136
 20
-382.1857682756009
 30
0
  0
VERTEX
  5
FE02
330
FDFD
100
AcDbEntity
  8
0-CAD-polyline
 62
     1
100
AcDbVertex
100
AcDb2dVertex
 10
-9.679166942641359
 20
-383.1857682756009
 30
0
  0
VERTEX
  5
FE03
330
FDFD
100
AcDbEntity
  8
0-CAD-polyline
 62
     1
100
AcDbVertex
100
AcDb2dVertex
 10
-9.679166942641359
 20
-459.6857682756009
 30
0
  0
SEQEND
  5
FE04
330
FDFD
100
AcDbEntity
  8
0-CAD-polyline
 62
     1
  0
LINE
  5
FE05
330
2
100
AcDbEntity
  8
0-CAD-polyline
 62
     1
100
AcDbLine
 10
-19.67916694264136
 20
-433.6857682756009
 30
0
 11
-18.67916694264136
 21
-434.6857682756009
 31
0
  0
LINE
  5
FE06
330
2
100
AcDbEntity
  8
0-CAD-polyline
 62
     1
100
AcDbLine
 10
-9.679166942641359
 20
-433.6857682756009
 30
0
 11
-10.67916694264136
 21
-434.6857682756009
 31
0
  0
LINE
  5
FE07
330
2
100
AcDbEntity
  8
0-CAD-polyline
 62
     1
100
AcDbLine
 10
-18.67916694264136
 20
-434.6857682756009
 30
0
 11
-10.67916694264136
 21
-434.6857682756009
 31
0
  0
LINE
  5
FE08
330
2
100
AcDbEntity
  8
0-CAD-polyline
 62
     1
100
AcDbLine
 10
-18.67916694264136
 20
-434.6857682756009
 30
0
 11
-18.67916694264136
 21
-452.6857682756009
 31
0
  0
LINE
  5
FE09
330
2
100
AcDbEntity
  8
0-CAD-polyline
 62
     1
100
AcDbLine
 10
-10.67916694264136
 20
-434.6857682756009
 30
0
 11
-10.67916694264136
 21
-452.6857682756009
 31
0
  0
LINE
  5
FE0A
330
2
100
AcDbEntity
  8
0-CAD-polyline
 62
     1
100
AcDbLine
 10
-19.67916694264136
 20
-452.6857682756009
 30
0
 11
-9.679166942641359
 21
-452.6857682756009
 31
0
  0
TEXT
  5
FE0B
330
2
100
AcDbEntity
  8
0-CAD-polyline
 62
     1
100
AcDbText
 10
-15.55416705164905
 20
-477.3720756968761
 30
0
 40
2.449999958276749
  1
*Ø155x10
 50
89.99999998310366
  7

 72
     2
 11
-16.77916702608786
 21
-461.4357682756009
 31
0
100
AcDbText
 73
     2
  0
TEXT
  5
FE0C
330
2
100
AcDbEntity
  8
0-CAD-polyline
 62
     1
100
AcDbText
 10
-11.35416688338497
 20
-472.7227296222079
 30
0
 40
2.449999958276749
  1
1.32 kg
 50
89.99999998310366
  7

 72
     2
 11
-12.57916685919486
 21
-461.4357682756009
 31
0
100
AcDbText
 73
     2
  0
LINE
  5
FE0D
330
2
100
AcDbEntity
  8
0-CAD-polyline
 62
     1
100
AcDbLine
 10
-8.679166942641359
 20
-434.6857682756009
 30
0
 11
-8.679166942641359
 21
-452.6857682756009
 31
0
  0
LINE
  5
FE0E
330
2
100
AcDbEntity
  8
0-CAD-polyline
 62
     1
100
AcDbLine
 10
89.32083305735864
 20
-434.6857682756009
 30
0
 11
89.32083305735864
 21
-452.6857682756009
 31
0
  0
LINE
  5
FE0F
330
2
100
AcDbEntity
  8
0-CAD-polyline
 62
     1
100
AcDbLine
 10
-9.679166942641359
 20
-452.6857682756009
 30
0
 11
90.32083305735864
 21
-452.6857682756009
 31
0
  0
POLYLINE
  5
FE10
330
2
100
AcDbEntity
  8
0-CAD-polyline
 62
     1
100
AcDb2dPolyline
 66
     1
 10
0
 20
0
 30
0
 40
0
 41
0
  0
VERTEX
  5
FE11
330
FE10
100
AcDbEntity
  8
0-CAD-polyline
 62
     1
100
AcDbVertex
100
AcDb2dVertex
 10
-9.679166942641359
 20
-433.6857682756009
 30
0
  0
VERTEX
  5
FE12
330
FE10
100
AcDbEntity
  8
0-CAD-polyline
 62
     1
100
AcDbVertex
100
AcDb2dVertex
 10
-8.679166942641359
 20
-434.6857682756009
 30
0
  0
VERTEX
  5
FE13
330
FE10
100
AcDbEntity
  8
0-CAD-polyline
 62
     1
100
AcDbVertex
100
AcDb2dVertex
 10
89.32083305735864
 20
-434.6857682756009
 30
0
  0
VERTEX
  5
FE14
330
FE10
100
AcDbEntity
  8
0-CAD-polyline
 62
     1
100
AcDbVertex
100
AcDb2dVertex
 10
90.32083305735864
 20
-433.6857682756009
 30
0
  0
SEQEND
  5
FE15
330
FE10
100
AcDbEntity
  8
0-CAD-polyline
 62
     1
  0
POLYLINE
  5
FE16
330
2
100
AcDbEntity
  8
0-CAD-polyline
 62
     1
100
AcDb2dPolyline
 66
     1
 10
0
 20
0
 30
0
 40
0
 41
0
1001
COPRA
1000
6
1001
CrfRollDraw
1000
c2256048-dc4b-4a6d-831f-b9945639e08d
  0
VERTEX
  5
FE17
330
FE16
100
AcDbEntity
  8
0-CAD-polyline
 62
     1
100
AcDbVertex
100
AcDb2dVertex
 10
-9.679166942641359
 20
-459.6857682756009
 30
0
  0
VERTEX
  5
FE18
330
FE16
100
AcDbEntity
  8
0-CAD-polyline
 62
     1
100
AcDbVertex
100
AcDb2dVertex
 10
-9.679166942641359
 20
-380.5857774356008
 30
0
  0
VERTEX
  5
FE19
330
FE16
100
AcDbEntity
  8
0-CAD-polyline
 62
     1
100
AcDbVertex
100
AcDb2dVertex
 10
-8.679166942641359
 20
-379.5857774356008
 30
0
  0
VERTEX
  5
FE1A
330
FE16
100
AcDbEntity
  8
0-CAD-polyline
 62
     1
100
AcDbVertex
100
AcDb2dVertex
 10
-0.7751676126413258
 20
-379.5857774356008
 30
0
  0
VERTEX
  5
FE1B
330
FE16
100
AcDbEntity
  8
0-CAD-polyline
 62
     1
100
AcDbVertex
100
AcDb2dVertex
 10
0.09307274735874671
 20
-379.6617356856009
 30
0
  0
VERTEX
  5
FE1C
330
FE16
100
AcDbEntity
  8
0-CAD-polyline
 62
     1
100
AcDbVertex
100
AcDb2dVertex
 10
28.01870807735872
 20
-384.5857774356008
 30
0
  0
VERTEX
  5
FE1D
330
FE16
100
AcDbEntity
  8
0-CAD-polyline
 62
     1
100
AcDbVertex
100
AcDb2dVertex
 10
41.68535908735862
 20
-384.5857774356008
 30
0
  0
VERTEX
  5
FE1E
330
FE16
100
AcDbEntity
  8
0-CAD-polyline
 62
     1
100
AcDbVertex
100
AcDb2dVertex
 10
85.28773292735855
 20
-379.6179200656009
 30
0
  0
VERTEX
  5
FE1F
330
FE16
100
AcDbEntity
  8
0-CAD-polyline
 62
     1
100
AcDbVertex
100
AcDb2dVertex
 10
85.85375007735865
 20
-379.5857774356008
 30
0
  0
VERTEX
  5
FE20
330
FE16
100
AcDbEntity
  8
0-CAD-polyline
 62
     1
100
AcDbVertex
100
AcDb2dVertex
 10
89.32083305735864
 20
-379.5857774356008
 30
0
  0
VERTEX
  5
FE21
330
FE16
100
AcDbEntity
  8
0-CAD-polyline
 62
     1
100
AcDbVertex
100
AcDb2dVertex
 10
90.32083305735864
 20
-380.5857774356008
 30
0
  0
VERTEX
  5
FE22
330
FE16
100
AcDbEntity
  8
0-CAD-polyline
 62
     1
100
AcDbVertex
100
AcDb2dVertex
 10
90.32083305735864
 20
-459.6857682756009
 30
0
  0
SEQEND
  5
FE23
330
FE16
100
AcDbEntity
  8
0-CAD-polyline
 62
     1
  0
LINE
  5
FE24
330
2
100
AcDbEntity
  8
0-CAD-polyline
 62
     1
100
AcDbLine
 10
-9.679166942641359
 20
-424.6857682756009
 30
0
 11
-8.679166942641359
 21
-424.6857682756009
 31
0
  0
LINE
  5
FE25
330
2
100
AcDbEntity
  8
0-CAD-polyline
 62
     1
100
AcDbLine
 10
-8.679166942641359
 20
-424.6857682756009
 30
0
 11
-8.679166942641359
 21
-419.6857682756009
 31
0
  0
LINE
  5
FE26
330
2
100
AcDbEntity
  8
0-CAD-polyline
 62
     1
100
AcDbLine
 10
-8.679166942641359
 20
-419.6857682756009
 30
0
 11
-9.679166942641359
 21
-419.6857682756009
 31
0
  0
LINE
  5
FE27
330
2
100
AcDbEntity
  8
0-CAD-polyline
 62
     1
100
AcDbLine
 10
-9.679166942641359
 20
-433.6857682756009
 30
0
 11
-8.679166942641359
 21
-434.6857682756009
 31
0
  0
LINE
  5
FE28
330
2
100
AcDbEntity
  8
0-CAD-polyline
 62
     1
100
AcDbLine
 10
90.32083305735864
 20
-433.6857682756009
 30
0
 11
89.32083305735864
 21
-434.6857682756009
 31
0
  0
LINE
  5
FE29
330
2
100
AcDbEntity
  8
0-CAD-polyline
 62
     1
100
AcDbLine
 10
-8.679166942641359
 20
-434.6857682756009
 30
0
 11
89.32083305735864
 21
-434.6857682756009
 31
0
  0
LINE
  5
FE2A
330
2
100
AcDbEntity
  8
0-CAD-polyline
 62
     1
100
AcDbLine
 10
-8.679166942641359
 20
-434.6857682756009
 30
0
 11
-8.679166942641359
 21
-452.6857682756009
 31
0
  0
LINE
  5
FE2B
330
2
100
AcDbEntity
  8
0-CAD-polyline
 62
     1
100
AcDbLine
 10
89.32083305735864
 20
-434.6857682756009
 30
0
 11
89.32083305735864
 21
-452.6857682756009
 31
0
  0
LINE
  5
FE2C
330
2
100
AcDbEntity
  8
0-CAD-polyline
 62
     1
100
AcDbLine
 10
-9.679166942641359
 20
-452.6857682756009
 30
0
 11
90.32083305735864
 21
-452.6857682756009
 31
0
  0
TEXT
  5
FE2D
330
2
100
AcDbEntity
  8
0-CAD-polyline
 62
     1
100
AcDbText
 10
34.65352536505095
 20
-464.9357682756009
 30
0
 40
3.5
  1
*1B1
  7

 72
     1
 11
40.32083305735864
 21
-461.4357682756009
 31
0
100
AcDbText
 73
     3
  0
TEXT
  5
FE2E
330
2
100
AcDbEntity
  8
0-CAD-polyline
 62
     1
100
AcDbText
 10
33.6992370162776
 20
-468.0857684007706
 30
0
 40
2.449999958276749
  1
13.24 kg
  7

 72
     1
 11
40.32083305735864
 21
-465.6357684424939
 31
0
100
AcDbText
 73
     3
  0
LINE
  5
FE2F
330
2
100
AcDbEntity
  8
0-CAD-polyline
 62
     1
100
AcDbLine
 10
91.32083305735864
 20
-434.6857682756009
 30
0
 11
91.32083305735864
 21
-452.6857682756009
 31
0
  0
LINE
  5
FE30
330
2
100
AcDbEntity
  8
0-CAD-polyline
 62
     1
100
AcDbLine
 10
99.32083305735864
 20
-434.6857682756009
 30
0
 11
99.32083305735864
 21
-452.6857682756009
 31
0
  0
LINE
  5
FE31
330
2
100
AcDbEntity
  8
0-CAD-polyline
 62
     1
100
AcDbLine
 10
90.32083305735864
 20
-452.6857682756009
 30
0
 11
100.3208330573586
 21
-452.6857682756009
 31
0
  0
POLYLINE
  5
FE32
330
2
100
AcDbEntity
  8
0-CAD-polyline
 62
     1
100
AcDb2dPolyline
 66
     1
 10
0
 20
0
 30
0
 40
0
 41
0
  0
VERTEX
  5
FE33
330
FE32
100
AcDbEntity
  8
0-CAD-polyline
 62
     1
100
AcDbVertex
100
AcDb2dVertex
 10
90.32083305735864
 20
-433.6857682756009
 30
0
  0
VERTEX
  5
FE34
330
FE32
100
AcDbEntity
  8
0-CAD-polyline
 62
     1
100
AcDbVertex
100
AcDb2dVertex
 10
91.32083305735864
 20
-434.6857682756009
 30
0
  0
VERTEX
  5
FE35
330
FE32
100
AcDbEntity
  8
0-CAD-polyline
 62
     1
100
AcDbVertex
100
AcDb2dVertex
 10
99.32083305735864
 20
-434.6857682756009
 30
0
  0
VERTEX
  5
FE36
330
FE32
100
AcDbEntity
  8
0-CAD-polyline
 62
     1
100
AcDbVertex
100
AcDb2dVertex
 10
100.3208330573586
 20
-433.6857682756009
 30
0
  0
SEQEND
  5
FE37
330
FE32
100
AcDbEntity
  8
0-CAD-polyline
 62
     1
  0
POLYLINE
  5
FE38
330
2
100
AcDbEntity
  8
0-CAD-polyline
 62
     1
100
AcDb2dPolyline
 66
     1
 10
0
 20
0
 30
0
 40
0
 41
0
1001
COPRA
1000
7
1001
CrfRollDraw
1000
b7573906-d4c6-4d96-811e-42c224b07e5e
  0
VERTEX
  5
FE39
330
FE38
100
AcDbEntity
  8
0-CAD-polyline
 62
     1
100
AcDbVertex
100
AcDb2dVertex
 10
90.32083305735864
 20
-459.6857682756009
 30
0
  0
VERTEX
  5
FE3A
330
FE38
100
AcDbEntity
  8
0-CAD-polyline
 62
     1
100
AcDbVertex
100
AcDb2dVertex
 10
90.32083305735864
 20
-383.1857682756009
 30
0
  0
VERTEX
  5
FE3B
330
FE38
100
AcDbEntity
  8
0-CAD-polyline
 62
     1
100
AcDbVertex
100
AcDb2dVertex
 10
91.32083305735864
 20
-382.1857682756009
 30
0
  0
VERTEX
  5
FE3C
330
FE38
100
AcDbEntity
  8
0-CAD-polyline
 62
     1
100
AcDbVertex
100
AcDb2dVertex
 10
99.32083305735864
 20
-382.1857682756009
 30
0
  0
VERTEX
  5
FE3D
330
FE38
100
AcDbEntity
  8
0-CAD-polyline
 62
     1
100
AcDbVertex
100
AcDb2dVertex
 10
100.3208330573586
 20
-383.1857682756009
 30
0
  0
VERTEX
  5
FE3E
330
FE38
100
AcDbEntity
  8
0-CAD-polyline
 62
     1
100
AcDbVertex
100
AcDb2dVertex
 10
100.3208330573586
 20
-459.6857682756009
 30
0
  0
SEQEND
  5
FE3F
330
FE38
100
AcDbEntity
  8
0-CAD-polyline
 62
     1
  0
LINE
  5
FE40
330
2
100
AcDbEntity
  8
0-CAD-polyline
 62
     1
100
AcDbLine
 10
90.32083305735864
 20
-433.6857682756009
 30
0
 11
91.32083305735864
 21
-434.6857682756009
 31
0
  0
LINE
  5
FE41
330
2
100
AcDbEntity
  8
0-CAD-polyline
 62
     1
100
AcDbLine
 10
100.3208330573586
 20
-433.6857682756009
 30
0
 11
99.32083305735864
 21
-434.6857682756009
 31
0
  0
LINE
  5
FE42
330
2
100
AcDbEntity
  8
0-CAD-polyline
 62
     1
100
AcDbLine
 10
91.32083305735864
 20
-434.6857682756009
 30
0
 11
99.32083305735864
 21
-434.6857682756009
 31
0
  0
LINE
  5
FE43
330
2
100
AcDbEntity
  8
0-CAD-polyline
 62
     1
100
AcDbLine
 10
91.32083305735864
 20
-434.6857682756009
 30
0
 11
91.32083305735864
 21
-452.6857682756009
 31
0
  0
LINE
  5
FE44
330
2
100
AcDbEntity
  8
0-CAD-polyline
 62
     1
100
AcDbLine
 10
99.32083305735864
 20
-434.6857682756009
 30
0
 11
99.32083305735864
 21
-452.6857682756009
 31
0
  0
LINE
  5
FE45
330
2
100
AcDbEntity
  8
0-CAD-polyline
 62
     1
100
AcDbLine
 10
90.32083305735864
 20
-452.6857682756009
 30
0
 11
100.3208330573586
 21
-452.6857682756009
 31
0
  0
TEXT
  5
FE46
330
2
100
AcDbEntity
  8
0-CAD-polyline
 62
     1
100
AcDbText
 10
94.44583294835095
 20
-477.3720756968761
 30
0
 40
2.449999958276749
  1
*Ø155x10
 50
89.99999998310366
  7

 72
     2
 11
93.22083297391214
 21
-461.4357682756009
 31
0
100
AcDbText
 73
     2
  0
TEXT
  5
FE47
330
2
100
AcDbEntity
  8
0-CAD-polyline
 62
     1
100
AcDbText
 10
98.64583311661504
 20
-472.7227296222079
 30
0
 40
2.449999958276749
  1
1.32 kg
 50
89.99999998310366
  7

 72
     2
 11
97.42083314080514
 21
-461.4357682756009
 31
0
100
AcDbText
 73
     2
  0
LINE
  5
FE48
330
2
100
AcDbEntity
  8
0-CAD-polyline
 62
     1
100
AcDbLine
 10
6.03271278758325
 20
-383.8357926896634
 30
0
 11
76.03475746531763
 21
-383.8357926896634
 31
0
  0
TEXT
  5
FE49
330
2
100
AcDbEntity
  8
0-CAD-polyline
100
AcDbText
 10
-13.96728721241675
 20
-382.8357926896634
 30
0
 40
10
  1
 1
  7

 11
0
 21
0
 31
0
100
AcDbText
  0
POLYLINE
  5
FE4A
330
2
100
AcDbEntity
  8
0-CAD-polyline
 62
     5
100
AcDb2dPolyline
 66
     1
 10
0
 20
0
 30
0
 40
0
 41
0
  0
VERTEX
  5
FE4B
330
FE4A
100
AcDbEntity
  8
0-CAD-polyline
 62
     5
100
AcDbVertex
100
AcDb2dVertex
 10
8.671722263291258
 20
-673.0756608537258
 30
0
  0
VERTEX
  5
FE4C
330
FE4A
100
AcDbEntity
  8
0-CAD-polyline
 62
     5
100
AcDbVertex
100
AcDb2dVertex
 10
7.990735858872313
 20
-674.4122087052883
 30
0
  0
VERTEX
  5
FE4D
330
FE4A
100
AcDbEntity
  8
0-CAD-polyline
 62
     5
100
AcDbVertex
100
AcDb2dVertex
 10
26.25637039561548
 20
-683.7190324357571
 30
0
  0
VERTEX
  5
FE4E
330
FE4A
100
AcDbEntity
  8
0-CAD-polyline
 62
     5
100
AcDbVertex
100
AcDb2dVertex
 10
29.86673054118432
 20
-684.5857926896633
 30
0
  0
VERTEX
  5
FE4F
330
FE4A
100
AcDbEntity
  8
0-CAD-polyline
 62
     5
100
AcDbVertex
100
AcDb2dVertex
 10
34.86673435588159
 20
-684.5857926896633
 30
0
  0
VERTEX
  5
FE50
330
FE4A
100
AcDbEntity
  8
0-CAD-polyline
 62
     5
100
AcDbVertex
100
AcDb2dVertex
 10
39.86673054118432
 20
-684.5857926896633
 30
0
  0
VERTEX
  5
FE51
330
FE4A
100
AcDbEntity
  8
0-CAD-polyline
 62
     5
100
AcDbVertex
100
AcDb2dVertex
 10
43.40859946627893
 20
-684.0564347795071
 30
0
  0
VERTEX
  5
FE52
330
FE4A
100
AcDbEntity
  8
0-CAD-polyline
 62
     5
100
AcDbVertex
100
AcDb2dVertex
 10
74.80792412181177
 20
-674.4567033341946
 30
0
  0
VERTEX
  5
FE53
330
FE4A
100
AcDbEntity
  8
0-CAD-polyline
 62
     5
100
AcDbVertex
100
AcDb2dVertex
 10
74.36936363597192
 20
-673.0222550920071
 30
0
  0
VERTEX
  5
FE54
330
FE4A
100
AcDbEntity
  8
0-CAD-polyline
 62
     5
100
AcDbVertex
100
AcDb2dVertex
 10
42.97004184146203
 20
-682.6219865373196
 30
0
  0
VERTEX
  5
FE55
330
FE4A
100
AcDbEntity
  8
0-CAD-polyline
 62
     5
100
AcDbVertex
100
AcDb2dVertex
 10
39.86673054118432
 20
-683.0857926896633
 30
0
  0
VERTEX
  5
FE56
330
FE4A
100
AcDbEntity
  8
0-CAD-polyline
 62
     5
100
AcDbVertex
100
AcDb2dVertex
 10
34.86673435588159
 20
-683.0857926896633
 30
0
  0
VERTEX
  5
FE57
330
FE4A
100
AcDbEntity
  8
0-CAD-polyline
 62
     5
100
AcDbVertex
100
AcDb2dVertex
 10
29.86673054118432
 20
-683.0857926896633
 30
0
  0
VERTEX
  5
FE58
330
FE4A
100
AcDbEntity
  8
0-CAD-polyline
 62
     5
100
AcDbVertex
100
AcDb2dVertex
 10
26.93735680003442
 20
-682.3824845841946
 30
0
  0
VERTEX
  5
FE59
330
FE4A
100
AcDbEntity
  8
0-CAD-polyline
 62
     5
100
AcDbVertex
100
AcDb2dVertex
 10
8.671722263291258
 20
-673.0756608537258
 30
0
  0
SEQEND
  5
FE5A
330
FE4A
100
AcDbEntity
  8
0-CAD-polyline
  0
LINE
  5
FE5B
330
2
100
AcDbEntity
  8
0-CAD-polyline
 62
     5
100
AcDbLine
 10
26.25637039561548
 20
-683.7190324357571
 30
0
 11
26.93735680003442
 21
-682.3824845841946
 31
0
  0
LINE
  5
FE5C
330
2
100
AcDbEntity
  8
0-CAD-polyline
 62
     5
100
AcDbLine
 10
29.86673054118432
 20
-684.5857926896633
 30
0
 11
29.86673054118432
 21
-683.0857926896633
 31
0
  0
LINE
  5
FE5D
330
2
100
AcDbEntity
  8
0-CAD-polyline
 62
     5
100
AcDbLine
 10
34.86673435588159
 20
-684.5857926896633
 30
0
 11
34.86673435588159
 21
-683.0857926896633
 31
0
  0
LINE
  5
FE5E
330
2
100
AcDbEntity
  8
0-CAD-polyline
 62
     5
100
AcDbLine
 10
39.86673054118432
 20
-684.5857926896633
 30
0
 11
39.86673054118432
 21
-683.0857926896633
 31
0
  0
LINE
  5
FE5F
330
2
100
AcDbEntity
  8
0-CAD-polyline
 62
     5
100
AcDbLine
 10
43.40859946627893
 20
-684.0564347795071
 30
0
 11
42.97004184146203
 21
-682.6219865373196
 31
0
  0
LINE
  5
FE60
330
2
100
AcDbEntity
  8
0-CAD-polyline
 62
     4
100
AcDbLine
 10
7.990737139222347
 20
-674.4121896722768
 30
0
 11
8.671722890289857
 21
-673.0756798867374
 31
0
  0
LINE
  5
FE61
330
2
100
AcDbEntity
  8
0-CAD-polyline
 62
     4
100
AcDbLine
 10
44.68236888362867
 20
-683.6670088230442
 30
0
 11
44.24381132662461
 21
-682.2325516890751
 31
0
  0
LINE
  5
FE62
330
2
100
AcDbEntity
  8
0-CAD-polyline
 62
     4
100
AcDbLine
 10
24.63187341654771
 20
-684.1538891314178
 30
0
 11
26.33433779421671
 21
-680.8126146675691
 31
0
  0
LINE
  5
FE63
330
2
100
AcDbEntity
  8
0-CAD-polyline
 62
     4
100
AcDbLine
 10
7.990737139222347
 20
-674.4121896722768
 30
0
 11
8.671722890289857
 21
-673.0756798867374
 31
0
  0
LINE
  5
FE64
330
2
100
AcDbEntity
  8
0-CAD-polyline
 62
     4
100
AcDbLine
 10
44.68236888362867
 20
-683.6670088230442
 30
0
 11
44.24381132662461
 21
-682.2325516890751
 31
0
  0
LINE
  5
FE65
330
2
100
AcDbEntity
  8
0-CAD-polyline
 62
     4
100
AcDbLine
 10
24.63187341654771
 20
-684.1538891314178
 30
0
 11
26.33433779421671
 21
-680.8126146675691
 31
0
  0
LINE
  5
FE66
330
2
100
AcDbEntity
  8
0-CAD-polyline
 62
     1
100
AcDbLine
 10
100.3167360773587
 20
-604.7857743784134
 30
0
 11
-19.68326392264134
 21
-604.7857743784134
 31
0
1001
COPRA_AXIS
1000
2cfb4a17-db62-4854-9629-4f9e472935ee
  0
LINE
  5
FE67
330
2
100
AcDbEntity
  8
0-CAD-polyline
 62
     1
100
AcDbLine
 10
-19.68326392264134
 20
-759.7857743784134
 30
0
 11
100.3167360773587
 21
-759.7857743784134
 31
0
1001
COPRA_AXIS
1000
84bcfb23-122c-493a-9a94-66a00d14b44c
  0
LINE
  5
FE68
330
2
100
AcDbEntity
  8
0-CAD-polyline
 62
     5
100
AcDbLine
 10
-18.67916694264136
 20
-629.7857438615383
 30
0
 11
-18.67916694264136
 21
-611.7857438615383
 31
0
  0
LINE
  5
FE69
330
2
100
AcDbEntity
  8
0-CAD-polyline
 62
     5
100
AcDbLine
 10
-10.67916694264136
 20
-629.7857438615383
 30
0
 11
-10.67916694264136
 21
-611.7857438615383
 31
0
  0
LINE
  5
FE6A
330
2
100
AcDbEntity
  8
0-CAD-polyline
 62
     5
100
AcDbLine
 10
-19.67916694264136
 20
-611.7857438615383
 30
0
 11
-9.679166942641359
 21
-611.7857438615383
 31
0
  0
POLYLINE
  5
FE6B
330
2
100
AcDbEntity
  8
0-CAD-polyline
 62
     5
100
AcDb2dPolyline
 66
     1
 10
0
 20
0
 30
0
 40
0
 41
0
  0
VERTEX
  5
FE6C
330
FE6B
100
AcDbEntity
  8
0-CAD-polyline
 62
     5
100
AcDbVertex
100
AcDb2dVertex
 10
-19.67916694264136
 20
-630.7857438615383
 30
0
  0
VERTEX
  5
FE6D
330
FE6B
100
AcDbEntity
  8
0-CAD-polyline
 62
     5
100
AcDbVertex
100
AcDb2dVertex
 10
-18.67916694264136
 20
-629.7857438615383
 30
0
  0
VERTEX
  5
FE6E
330
FE6B
100
AcDbEntity
  8
0-CAD-polyline
 62
     5
100
AcDbVertex
100
AcDb2dVertex
 10
-10.67916694264136
 20
-629.7857438615383
 30
0
  0
VERTEX
  5
FE6F
330
FE6B
100
AcDbEntity
  8
0-CAD-polyline
 62
     5
100
AcDbVertex
100
AcDb2dVertex
 10
-9.679166942641359
 20
-630.7857438615383
 30
0
  0
SEQEND
  5
FE70
330
FE6B
100
AcDbEntity
  8
0-CAD-polyline
 62
     5
  0
POLYLINE
  5
FE71
330
2
100
AcDbEntity
  8
0-CAD-polyline
 62
     5
100
AcDb2dPolyline
 66
     1
 10
0
 20
0
 30
0
 40
0
 41
0
1001
COPRA
1000
2
1001
CrfRollDraw
1000
ed8b5de3-9899-49c8-a4aa-c44391483ffc
  0
VERTEX
  5
FE72
330
FE71
100
AcDbEntity
  8
0-CAD-polyline
 62
     5
100
AcDbVertex
100
AcDb2dVertex
 10
-19.67916694264136
 20
-604.7857438615383
 30
0
  0
VERTEX
  5
FE73
330
FE71
100
AcDbEntity
  8
0-CAD-polyline
 62
     5
100
AcDbVertex
100
AcDb2dVertex
 10
-19.67916694264136
 20
-681.2857438615383
 30
0
  0
VERTEX
  5
FE74
330
FE71
100
AcDbEntity
  8
0-CAD-polyline
 62
     5
100
AcDbVertex
100
AcDb2dVertex
 10
-18.67916694264136
 20
-682.2857438615383
 30
0
  0
VERTEX
  5
FE75
330
FE71
100
AcDbEntity
  8
0-CAD-polyline
 62
     5
100
AcDbVertex
100
AcDb2dVertex
 10
-10.67916694264136
 20
-682.2857438615383
 30
0
  0
VERTEX
  5
FE76
330
FE71
100
AcDbEntity
  8
0-CAD-polyline
 62
     5
100
AcDbVertex
100
AcDb2dVertex
 10
-9.679166942641359
 20
-681.2857438615383
 30
0
  0
VERTEX
  5
FE77
330
FE71
100
AcDbEntity
  8
0-CAD-polyline
 62
     5
100
AcDbVertex
100
AcDb2dVertex
 10
-9.679166942641359
 20
-604.7857438615383
 30
0
  0
SEQEND
  5
FE78
330
FE71
100
AcDbEntity
  8
0-CAD-polyline
 62
     5
  0
LINE
  5
FE79
330
2
100
AcDbEntity
  8
0-CAD-polyline
 62
     5
100
AcDbLine
 10
-19.67916694264136
 20
-630.7857438615383
 30
0
 11
-18.67916694264136
 21
-629.7857438615383
 31
0
  0
LINE
  5
FE7A
330
2
100
AcDbEntity
  8
0-CAD-polyline
 62
     5
100
AcDbLine
 10
-9.679166942641359
 20
-630.7857438615383
 30
0
 11
-10.67916694264136
 21
-629.7857438615383
 31
0
  0
LINE
  5
FE7B
330
2
100
AcDbEntity
  8
0-CAD-polyline
 62
     5
100
AcDbLine
 10
-18.67916694264136
 20
-629.7857438615383
 30
0
 11
-10.67916694264136
 21
-629.7857438615383
 31
0
  0
LINE
  5
FE7C
330
2
100
AcDbEntity
  8
0-CAD-polyline
 62
     5
100
AcDbLine
 10
-18.67916694264136
 20
-629.7857438615383
 30
0
 11
-18.67916694264136
 21
-611.7857438615383
 31
0
  0
LINE
  5
FE7D
330
2
100
AcDbEntity
  8
0-CAD-polyline
 62
     5
100
AcDbLine
 10
-10.67916694264136
 20
-629.7857438615383
 30
0
 11
-10.67916694264136
 21
-611.7857438615383
 31
0
  0
LINE
  5
FE7E
330
2
100
AcDbEntity
  8
0-CAD-polyline
 62
     5
100
AcDbLine
 10
-19.67916694264136
 20
-611.7857438615383
 30
0
 11
-9.679166942641359
 21
-611.7857438615383
 31
0
  0
TEXT
  5
FE7F
330
2
100
AcDbEntity
  8
0-CAD-polyline
 62
     5
100
AcDbText
 10
-15.55416704694949
 20
-603.0357438618996
 30
0
 40
2.449999958276749
  1
*Ø155x10
 50
89.99999998310366
  7

 11
-16.77916702608786
 21
-603.0357438615383
 31
0
100
AcDbText
 73
     2
  0
TEXT
  5
FE80
330
2
100
AcDbEntity
  8
0-CAD-polyline
 62
     5
100
AcDbText
 10
-11.35416688005648
 20
-603.0357438618996
 30
0
 40
2.449999958276749
  1
1.32 kg
 50
89.99999998310366
  7

 11
-12.57916685919486
 21
-603.0357438615383
 31
0
100
AcDbText
 73
     2
  0
LINE
  5
FE81
330
2
100
AcDbEntity
  8
0-CAD-polyline
 62
     5
100
AcDbLine
 10
-8.679166942641359
 20
-629.7857438615383
 30
0
 11
-8.679166942641359
 21
-611.7857438615383
 31
0
  0
LINE
  5
FE82
330
2
100
AcDbEntity
  8
0-CAD-polyline
 62
     5
100
AcDbLine
 10
89.32082924266138
 20
-629.7857438615383
 30
0
 11
89.32082924266138
 21
-611.7857438615383
 31
0
  0
LINE
  5
FE83
330
2
100
AcDbEntity
  8
0-CAD-polyline
 62
     5
100
AcDbLine
 10
-9.679166942641359
 20
-611.7857438615383
 30
0
 11
90.32082924266138
 21
-611.7857438615383
 31
0
  0
POLYLINE
  5
FE84
330
2
100
AcDbEntity
  8
0-CAD-polyline
 62
     5
100
AcDb2dPolyline
 66
     1
 10
0
 20
0
 30
0
 40
0
 41
0
  0
VERTEX
  5
FE85
330
FE84
100
AcDbEntity
  8
0-CAD-polyline
 62
     5
100
AcDbVertex
100
AcDb2dVertex
 10
-9.679166942641359
 20
-630.7857438615383
 30
0
  0
VERTEX
  5
FE86
330
FE84
100
AcDbEntity
  8
0-CAD-polyline
 62
     5
100
AcDbVertex
100
AcDb2dVertex
 10
-8.679166942641359
 20
-629.7857438615383
 30
0
  0
VERTEX
  5
FE87
330
FE84
100
AcDbEntity
  8
0-CAD-polyline
 62
     5
100
AcDbVertex
100
AcDb2dVertex
 10
89.32082924266138
 20
-629.7857438615383
 30
0
  0
VERTEX
  5
FE88
330
FE84
100
AcDbEntity
  8
0-CAD-polyline
 62
     5
100
AcDbVertex
100
AcDb2dVertex
 10
90.32082924266138
 20
-630.7857438615383
 30
0
  0
SEQEND
  5
FE89
330
FE84
100
AcDbEntity
  8
0-CAD-polyline
 62
     5
  0
POLYLINE
  5
FE8A
330
2
100
AcDbEntity
  8
0-CAD-polyline
 62
     5
100
AcDb2dPolyline
 66
     1
 10
0
 20
0
 30
0
 40
0
 41
0
1001
COPRA
1000
3
1001
CrfRollDraw
1000
8fd17def-98ac-4e35-9f58-a8fc825e14e2
  0
VERTEX
  5
FE8B
330
FE8A
100
AcDbEntity
  8
0-CAD-polyline
 62
     5
100
AcDbVertex
100
AcDb2dVertex
 10
-9.679166942641359
 20
-604.7857438615383
 30
0
  0
VERTEX
  5
FE8C
330
FE8A
100
AcDbEntity
  8
0-CAD-polyline
 62
     5
100
AcDbVertex
100
AcDb2dVertex
 10
-9.679166942641359
 20
-671.5852891515383
 30
0
  0
VERTEX
  5
FE8D
330
FE8A
100
AcDbEntity
  8
0-CAD-polyline
 62
     5
100
AcDbVertex
100
AcDb2dVertex
 10
-8.679166942641359
 20
-672.5852891515383
 30
0
  0
VERTEX
  5
FE8E
330
FE8A
100
AcDbEntity
  8
0-CAD-polyline
 62
     5
100
AcDbVertex
100
AcDb2dVertex
 10
3.326040127358738
 20
-672.5852891515383
 30
0
  0
VERTEX
  5
FE8F
330
FE8A
100
AcDbEntity
  8
0-CAD-polyline
 62
     5
100
AcDbVertex
100
AcDb2dVertex
 10
5.595994807358693
 20
-673.1302568015383
 30
0
  0
VERTEX
  5
FE90
330
FE8A
100
AcDbEntity
  8
0-CAD-polyline
 62
     5
100
AcDbVertex
100
AcDb2dVertex
 10
7.837503287358686
 20
-674.2723695315383
 30
0
  0
VERTEX
  5
FE91
330
FE8A
100
AcDbEntity
  8
0-CAD-polyline
 62
     5
100
AcDbVertex
100
AcDb2dVertex
 10
8.106504297358697
 20
-674.1849595615383
 30
0
  0
VERTEX
  5
FE92
330
FE8A
100
AcDbEntity
  8
0-CAD-polyline
 62
     5
100
AcDbVertex
100
AcDb2dVertex
 10
8.706662987358641
 20
-673.0070802215384
 30
0
  0
VERTEX
  5
FE93
330
FE8A
100
AcDbEntity
  8
0-CAD-polyline
 62
     5
100
AcDbVertex
100
AcDb2dVertex
 10
26.92922100735859
 20
-682.3722077915384
 30
0
  0
VERTEX
  5
FE94
330
FE8A
100
AcDbEntity
  8
0-CAD-polyline
 62
     5
100
AcDbVertex
100
AcDb2dVertex
 10
29.87864670735871
 20
-683.0857469115383
 30
0
  0
VERTEX
  5
FE95
330
FE8A
100
AcDbEntity
  8
0-CAD-polyline
 62
     5
100
AcDbVertex
100
AcDb2dVertex
 10
39.84778106735871
 20
-683.0857469115383
 30
0
  0
VERTEX
  5
FE96
330
FE8A
100
AcDbEntity
  8
0-CAD-polyline
 62
     5
100
AcDbVertex
100
AcDb2dVertex
 10
42.98650798735866
 20
-682.6110612415384
 30
0
  0
VERTEX
  5
FE97
330
FE8A
100
AcDbEntity
  8
0-CAD-polyline
 62
     5
100
AcDbVertex
100
AcDb2dVertex
 10
74.33423027735853
 20
-672.9073106315384
 30
0
  0
VERTEX
  5
FE98
330
FE8A
100
AcDbEntity
  8
0-CAD-polyline
 62
     5
100
AcDbVertex
100
AcDb2dVertex
 10
74.72868904735856
 20
-674.1975099115384
 30
0
  0
VERTEX
  5
FE99
330
FE8A
100
AcDbEntity
  8
0-CAD-polyline
 62
     5
100
AcDbVertex
100
AcDb2dVertex
 10
74.97842201735875
 20
-674.3302995215383
 30
0
  0
VERTEX
  5
FE9A
330
FE8A
100
AcDbEntity
  8
0-CAD-polyline
 62
     5
100
AcDbVertex
100
AcDb2dVertex
 10
79.96997627735868
 20
-672.8042298815383
 30
0
  0
VERTEX
  5
FE9B
330
FE8A
100
AcDbEntity
  8
0-CAD-polyline
 62
     5
100
AcDbVertex
100
AcDb2dVertex
 10
81.43183693735864
 20
-672.5857545415383
 30
0
  0
VERTEX
  5
FE9C
330
FE8A
100
AcDbEntity
  8
0-CAD-polyline
 62
     5
100
AcDbVertex
100
AcDb2dVertex
 10
89.32082924735869
 20
-672.5857545415383
 30
0
  0
VERTEX
  5
FE9D
330
FE8A
100
AcDbEntity
  8
0-CAD-polyline
 62
     5
100
AcDbVertex
100
AcDb2dVertex
 10
90.32082924735869
 20
-671.5857545415383
 30
0
  0
VERTEX
  5
FE9E
330
FE8A
100
AcDbEntity
  8
0-CAD-polyline
 62
     5
100
AcDbVertex
100
AcDb2dVertex
 10
90.32082924735869
 20
-604.7857438615383
 30
0
  0
SEQEND
  5
FE9F
330
FE8A
100
AcDbEntity
  8
0-CAD-polyline
 62
     5
  0
LINE
  5
FEA0
330
2
100
AcDbEntity
  8
0-CAD-polyline
 62
     5
100
AcDbLine
 10
-9.679166942641359
 20
-639.7857438615383
 30
0
 11
-8.679166942641359
 21
-639.7857438615383
 31
0
  0
LINE
  5
FEA1
330
2
100
AcDbEntity
  8
0-CAD-polyline
 62
     5
100
AcDbLine
 10
-8.679166942641359
 20
-639.7857438615383
 30
0
 11
-8.679166942641359
 21
-644.7857438615383
 31
0
  0
LINE
  5
FEA2
330
2
100
AcDbEntity
  8
0-CAD-polyline
 62
     5
100
AcDbLine
 10
-8.679166942641359
 20
-644.7857438615383
 30
0
 11
-9.679166942641359
 21
-644.7857438615383
 31
0
  0
LINE
  5
FEA3
330
2
100
AcDbEntity
  8
0-CAD-polyline
 62
     5
100
AcDbLine
 10
-9.679166942641359
 20
-630.7857438615383
 30
0
 11
-8.679166942641359
 21
-629.7857438615383
 31
0
  0
LINE
  5
FEA4
330
2
100
AcDbEntity
  8
0-CAD-polyline
 62
     5
100
AcDbLine
 10
90.32082924266138
 20
-630.7857438615383
 30
0
 11
89.32082924266138
 21
-629.7857438615383
 31
0
  0
LINE
  5
FEA5
330
2
100
AcDbEntity
  8
0-CAD-polyline
 62
     5
100
AcDbLine
 10
-8.679166942641359
 20
-629.7857438615383
 30
0
 11
89.32082924266138
 21
-629.7857438615383
 31
0
  0
LINE
  5
FEA6
330
2
100
AcDbEntity
  8
0-CAD-polyline
 62
     5
100
AcDbLine
 10
-8.679166942641359
 20
-629.7857438615383
 30
0
 11
-8.679166942641359
 21
-611.7857438615383
 31
0
  0
LINE
  5
FEA7
330
2
100
AcDbEntity
  8
0-CAD-polyline
 62
     5
100
AcDbLine
 10
89.32082924266138
 20
-629.7857438615383
 30
0
 11
89.32082924266138
 21
-611.7857438615383
 31
0
  0
LINE
  5
FEA8
330
2
100
AcDbEntity
  8
0-CAD-polyline
 62
     5
100
AcDbLine
 10
-9.679166942641359
 20
-611.7857438615383
 30
0
 11
90.32082924266138
 21
-611.7857438615383
 31
0
  0
TEXT
  5
FEA9
330
2
100
AcDbEntity
  8
0-CAD-polyline
 62
     5
100
AcDbText
 10
34.80967730385616
 20
-601.554974630769
 30
0
 40
3.5
  1
*2T1
  7

 72
     1
 11
40.32083115001001
 21
-603.0357438615383
 31
0
100
AcDbText
 73
     1
  0
TEXT
  5
FEAA
330
2
100
AcDbEntity
  8
0-CAD-polyline
 62
     5
100
AcDbText
 10
33.69923510892897
 20
-597.799205250759
 30
0
 40
2.449999958276749
  1
11.25 kg
  7

 72
     1
 11
40.32083115001001
 21
-598.8357436946453
 31
0
100
AcDbText
 73
     1
  0
LINE
  5
FEAB
330
2
100
AcDbEntity
  8
0-CAD-polyline
 62
     5
100
AcDbLine
 10
91.32083687205591
 20
-629.7857438615383
 30
0
 11
91.32083687205591
 21
-611.7857438615383
 31
0
  0
LINE
  5
FEAC
330
2
100
AcDbEntity
  8
0-CAD-polyline
 62
     5
100
AcDbLine
 10
99.31683525462427
 20
-629.7857438615383
 30
0
 11
99.31683525462427
 21
-611.7857438615383
 31
0
  0
LINE
  5
FEAD
330
2
100
AcDbEntity
  8
0-CAD-polyline
 62
     5
100
AcDbLine
 10
90.32083687205591
 20
-611.7857438615383
 30
0
 11
100.3168352546243
 21
-611.7857438615383
 31
0
  0
POLYLINE
  5
FEAE
330
2
100
AcDbEntity
  8
0-CAD-polyline
 62
     5
100
AcDb2dPolyline
 66
     1
 10
0
 20
0
 30
0
 40
0
 41
0
  0
VERTEX
  5
FEAF
330
FEAE
100
AcDbEntity
  8
0-CAD-polyline
 62
     5
100
AcDbVertex
100
AcDb2dVertex
 10
90.32083687205591
 20
-630.7857438615383
 30
0
  0
VERTEX
  5
FEB0
330
FEAE
100
AcDbEntity
  8
0-CAD-polyline
 62
     5
100
AcDbVertex
100
AcDb2dVertex
 10
91.32083687205591
 20
-629.7857438615383
 30
0
  0
VERTEX
  5
FEB1
330
FEAE
100
AcDbEntity
  8
0-CAD-polyline
 62
     5
100
AcDbVertex
100
AcDb2dVertex
 10
99.31683525462427
 20
-629.7857438615383
 30
0
  0
VERTEX
  5
FEB2
330
FEAE
100
AcDbEntity
  8
0-CAD-polyline
 62
     5
100
AcDbVertex
100
AcDb2dVertex
 10
100.3168352546243
 20
-630.7857438615383
 30
0
  0
SEQEND
  5
FEB3
330
FEAE
100
AcDbEntity
  8
0-CAD-polyline
 62
     5
  0
POLYLINE
  5
FEB4
330
2
100
AcDbEntity
  8
0-CAD-polyline
 62
     5
100
AcDb2dPolyline
 66
     1
 10
0
 20
0
 30
0
 40
0
 41
0
1001
COPRA
1000
4
1001
CrfRollDraw
1000
cd229e25-8dfb-420a-ba59-9fd836f32f0b
  0
VERTEX
  5
FEB5
330
FEB4
100
AcDbEntity
  8
0-CAD-polyline
 62
     5
100
AcDbVertex
100
AcDb2dVertex
 10
90.32083687205591
 20
-604.7857438615383
 30
0
  0
VERTEX
  5
FEB6
330
FEB4
100
AcDbEntity
  8
0-CAD-polyline
 62
     5
100
AcDbVertex
100
AcDb2dVertex
 10
90.32083687205591
 20
-681.2857438615383
 30
0
  0
VERTEX
  5
FEB7
330
FEB4
100
AcDbEntity
  8
0-CAD-polyline
 62
     5
100
AcDbVertex
100
AcDb2dVertex
 10
91.32083687205591
 20
-682.2857438615383
 30
0
  0
VERTEX
  5
FEB8
330
FEB4
100
AcDbEntity
  8
0-CAD-polyline
 62
     5
100
AcDbVertex
100
AcDb2dVertex
 10
99.31683487205601
 20
-682.2857438615383
 30
0
  0
VERTEX
  5
FEB9
330
FEB4
100
AcDbEntity
  8
0-CAD-polyline
 62
     5
100
AcDbVertex
100
AcDb2dVertex
 10
100.316834872056
 20
-681.2857438615383
 30
0
  0
VERTEX
  5
FEBA
330
FEB4
100
AcDbEntity
  8
0-CAD-polyline
 62
     5
100
AcDbVertex
100
AcDb2dVertex
 10
100.316834872056
 20
-604.7857438615383
 30
0
  0
SEQEND
  5
FEBB
330
FEB4
100
AcDbEntity
  8
0-CAD-polyline
 62
     5
  0
LINE
  5
FEBC
330
2
100
AcDbEntity
  8
0-CAD-polyline
 62
     5
100
AcDbLine
 10
90.32083687205591
 20
-630.7857438615383
 30
0
 11
91.32083687205591
 21
-629.7857438615383
 31
0
  0
LINE
  5
FEBD
330
2
100
AcDbEntity
  8
0-CAD-polyline
 62
     5
100
AcDbLine
 10
100.3168352546243
 20
-630.7857438615383
 30
0
 11
99.31683525462427
 21
-629.7857438615383
 31
0
  0
LINE
  5
FEBE
330
2
100
AcDbEntity
  8
0-CAD-polyline
 62
     5
100
AcDbLine
 10
91.32083687205591
 20
-629.7857438615383
 30
0
 11
99.31683525462427
 21
-629.7857438615383
 31
0
  0
LINE
  5
FEBF
330
2
100
AcDbEntity
  8
0-CAD-polyline
 62
     5
100
AcDbLine
 10
91.32083687205591
 20
-629.7857438615383
 30
0
 11
91.32083687205591
 21
-611.7857438615383
 31
0
  0
LINE
  5
FEC0
330
2
100
AcDbEntity
  8
0-CAD-polyline
 62
     5
100
AcDbLine
 10
99.31683525462427
 20
-629.7857438615383
 30
0
 11
99.31683525462427
 21
-611.7857438615383
 31
0
  0
LINE
  5
FEC1
330
2
100
AcDbEntity
  8
0-CAD-polyline
 62
     5
100
AcDbLine
 10
90.32083687205591
 20
-611.7857438615383
 30
0
 11
100.3168352546243
 21
-611.7857438615383
 31
0
  0
TEXT
  5
FEC2
330
2
100
AcDbEntity
  8
0-CAD-polyline
 62
     5
100
AcDbText
 10
94.44383405168333
 20
-603.0357438618996
 30
0
 40
2.449999958276749
  1
*Ø155x10
 50
89.99999998310366
  7

 11
93.21883407254495
 21
-603.0357438615383
 31
0
100
AcDbText
 73
     2
  0
TEXT
  5
FEC3
330
2
100
AcDbEntity
  8
0-CAD-polyline
 62
     5
100
AcDbText
 10
98.64383421857633
 20
-603.0357438618996
 30
0
 40
2.449999958276749
  1
1.32 kg
 50
89.99999998310366
  7

 11
97.41883423943796
 21
-603.0357438615383
 31
0
100
AcDbText
 73
     2
  0
LINE
  5
FEC4
330
2
100
AcDbEntity
  8
0-CAD-polyline
 62
     1
100
AcDbLine
 10
-18.67916694264136
 20
-734.7857438615383
 30
0
 11
-18.67916694264136
 21
-752.7857438615383
 31
0
  0
LINE
  5
FEC5
330
2
100
AcDbEntity
  8
0-CAD-polyline
 62
     1
100
AcDbLine
 10
-10.67916694264136
 20
-734.7857438615383
 30
0
 11
-10.67916694264136
 21
-752.7857438615383
 31
0
  0
LINE
  5
FEC6
330
2
100
AcDbEntity
  8
0-CAD-polyline
 62
     1
100
AcDbLine
 10
-19.67916694264136
 20
-752.7857438615383
 30
0
 11
-9.679166942641359
 21
-752.7857438615383
 31
0
  0
POLYLINE
  5
FEC7
330
2
100
AcDbEntity
  8
0-CAD-polyline
 62
     1
100
AcDb2dPolyline
 66
     1
 10
0
 20
0
 30
0
 40
0
 41
0
  0
VERTEX
  5
FEC8
330
FEC7
100
AcDbEntity
  8
0-CAD-polyline
 62
     1
100
AcDbVertex
100
AcDb2dVertex
 10
-19.67916694264136
 20
-733.7857438615383
 30
0
  0
VERTEX
  5
FEC9
330
FEC7
100
AcDbEntity
  8
0-CAD-polyline
 62
     1
100
AcDbVertex
100
AcDb2dVertex
 10
-18.67916694264136
 20
-734.7857438615383
 30
0
  0
VERTEX
  5
FECA
330
FEC7
100
AcDbEntity
  8
0-CAD-polyline
 62
     1
100
AcDbVertex
100
AcDb2dVertex
 10
-10.67916694264136
 20
-734.7857438615383
 30
0
  0
VERTEX
  5
FECB
330
FEC7
100
AcDbEntity
  8
0-CAD-polyline
 62
     1
100
AcDbVertex
100
AcDb2dVertex
 10
-9.679166942641359
 20
-733.7857438615383
 30
0
  0
SEQEND
  5
FECC
330
FEC7
100
AcDbEntity
  8
0-CAD-polyline
 62
     1
  0
POLYLINE
  5
FECD
330
2
100
AcDbEntity
  8
0-CAD-polyline
 62
     1
100
AcDb2dPolyline
 66
     1
 10
0
 20
0
 30
0
 40
0
 41
0
1001
COPRA
1000
5
1001
CrfRollDraw
1000
fb401ae0-09a6-47d1-be45-6442a6abcff7
  0
VERTEX
  5
FECE
330
FECD
100
AcDbEntity
  8
0-CAD-polyline
 62
     1
100
AcDbVertex
100
AcDb2dVertex
 10
-19.67916694264136
 20
-759.7857438615383
 30
0
  0
VERTEX
  5
FECF
330
FECD
100
AcDbEntity
  8
0-CAD-polyline
 62
     1
100
AcDbVertex
100
AcDb2dVertex
 10
-19.67916694264136
 20
-683.2857438615383
 30
0
  0
VERTEX
  5
FED0
330
FECD
100
AcDbEntity
  8
0-CAD-polyline
 62
     1
100
AcDbVertex
100
AcDb2dVertex
 10
-18.67916694264136
 20
-682.2857438615383
 30
0
  0
VERTEX
  5
FED1
330
FECD
100
AcDbEntity
  8
0-CAD-polyline
 62
     1
100
AcDbVertex
100
AcDb2dVertex
 10
-10.67916694264136
 20
-682.2857438615383
 30
0
  0
VERTEX
  5
FED2
330
FECD
100
AcDbEntity
  8
0-CAD-polyline
 62
     1
100
AcDbVertex
100
AcDb2dVertex
 10
-9.679166942641359
 20
-683.2857438615383
 30
0
  0
VERTEX
  5
FED3
330
FECD
100
AcDbEntity
  8
0-CAD-polyline
 62
     1
100
AcDbVertex
100
AcDb2dVertex
 10
-9.679166942641359
 20
-759.7857438615383
 30
0
  0
SEQEND
  5
FED4
330
FECD
100
AcDbEntity
  8
0-CAD-polyline
 62
     1
  0
LINE
  5
FED5
330
2
100
AcDbEntity
  8
0-CAD-polyline
 62
     1
100
AcDbLine
 10
-19.67916694264136
 20
-733.7857438615383
 30
0
 11
-18.67916694264136
 21
-734.7857438615383
 31
0
  0
LINE
  5
FED6
330
2
100
AcDbEntity
  8
0-CAD-polyline
 62
     1
100
AcDbLine
 10
-9.679166942641359
 20
-733.7857438615383
 30
0
 11
-10.67916694264136
 21
-734.7857438615383
 31
0
  0
LINE
  5
FED7
330
2
100
AcDbEntity
  8
0-CAD-polyline
 62
     1
100
AcDbLine
 10
-18.67916694264136
 20
-734.7857438615383
 30
0
 11
-10.67916694264136
 21
-734.7857438615383
 31
0
  0
LINE
  5
FED8
330
2
100
AcDbEntity
  8
0-CAD-polyline
 62
     1
100
AcDbLine
 10
-18.67916694264136
 20
-734.7857438615383
 30
0
 11
-18.67916694264136
 21
-752.7857438615383
 31
0
  0
LINE
  5
FED9
330
2
100
AcDbEntity
  8
0-CAD-polyline
 62
     1
100
AcDbLine
 10
-10.67916694264136
 20
-734.7857438615383
 30
0
 11
-10.67916694264136
 21
-752.7857438615383
 31
0
  0
LINE
  5
FEDA
330
2
100
AcDbEntity
  8
0-CAD-polyline
 62
     1
100
AcDbLine
 10
-19.67916694264136
 20
-752.7857438615383
 30
0
 11
-9.679166942641359
 21
-752.7857438615383
 31
0
  0
TEXT
  5
FEDB
330
2
100
AcDbEntity
  8
0-CAD-polyline
 62
     1
100
AcDbText
 10
-15.55416705164905
 20
-777.4720512828136
 30
0
 40
2.449999958276749
  1
*Ø155x10
 50
89.99999998310366
  7

 72
     2
 11
-16.77916702608786
 21
-761.5357438615383
 31
0
100
AcDbText
 73
     2
  0
TEXT
  5
FEDC
330
2
100
AcDbEntity
  8
0-CAD-polyline
 62
     1
100
AcDbText
 10
-11.35416688338497
 20
-772.8227052081453
 30
0
 40
2.449999958276749
  1
1.32 kg
 50
89.99999998310366
  7

 72
     2
 11
-12.57916685919486
 21
-761.5357438615383
 31
0
100
AcDbText
 73
     2
  0
LINE
  5
FEDD
330
2
100
AcDbEntity
  8
0-CAD-polyline
 62
     1
100
AcDbLine
 10
-8.679166942641359
 20
-734.7857438615383
 30
0
 11
-8.679166942641359
 21
-752.7857438615383
 31
0
  0
LINE
  5
FEDE
330
2
100
AcDbEntity
  8
0-CAD-polyline
 62
     1
100
AcDbLine
 10
89.32083305735864
 20
-734.7857438615383
 30
0
 11
89.32083305735864
 21
-752.7857438615383
 31
0
  0
LINE
  5
FEDF
330
2
100
AcDbEntity
  8
0-CAD-polyline
 62
     1
100
AcDbLine
 10
-9.679166942641359
 20
-752.7857438615383
 30
0
 11
90.32083305735864
 21
-752.7857438615383
 31
0
  0
POLYLINE
  5
FEE0
330
2
100
AcDbEntity
  8
0-CAD-polyline
 62
     1
100
AcDb2dPolyline
 66
     1
 10
0
 20
0
 30
0
 40
0
 41
0
  0
VERTEX
  5
FEE1
330
FEE0
100
AcDbEntity
  8
0-CAD-polyline
 62
     1
100
AcDbVertex
100
AcDb2dVertex
 10
-9.679166942641359
 20
-733.7857438615383
 30
0
  0
VERTEX
  5
FEE2
330
FEE0
100
AcDbEntity
  8
0-CAD-polyline
 62
     1
100
AcDbVertex
100
AcDb2dVertex
 10
-8.679166942641359
 20
-734.7857438615383
 30
0
  0
VERTEX
  5
FEE3
330
FEE0
100
AcDbEntity
  8
0-CAD-polyline
 62
     1
100
AcDbVertex
100
AcDb2dVertex
 10
89.32083305735864
 20
-734.7857438615383
 30
0
  0
VERTEX
  5
FEE4
330
FEE0
100
AcDbEntity
  8
0-CAD-polyline
 62
     1
100
AcDbVertex
100
AcDb2dVertex
 10
90.32083305735864
 20
-733.7857438615383
 30
0
  0
SEQEND
  5
FEE5
330
FEE0
100
AcDbEntity
  8
0-CAD-polyline
 62
     1
  0
POLYLINE
  5
FEE6
330
2
100
AcDbEntity
  8
0-CAD-polyline
 62
     1
100
AcDb2dPolyline
 66
     1
 10
0
 20
0
 30
0
 40
0
 41
0
1001
COPRA
1000
6
1001
CrfRollDraw
1000
c3d10014-c6bd-4de2-9a83-9ed044edb910
  0
VERTEX
  5
FEE7
330
FEE6
100
AcDbEntity
  8
0-CAD-polyline
 62
     1
100
AcDbVertex
100
AcDb2dVertex
 10
-9.679166942641359
 20
-759.7857438615383
 30
0
  0
VERTEX
  5
FEE8
330
FEE6
100
AcDbEntity
  8
0-CAD-polyline
 62
     1
100
AcDbVertex
100
AcDb2dVertex
 10
-9.679166942641359
 20
-674.5857469115383
 30
0
  0
VERTEX
  5
FEE9
330
FEE6
100
AcDbEntity
  8
0-CAD-polyline
 62
     1
100
AcDbVertex
100
AcDb2dVertex
 10
-8.679166942641359
 20
-673.5857469115383
 30
0
  0
VERTEX
  5
FEEA
330
FEE6
100
AcDbEntity
  8
0-CAD-polyline
 62
     1
100
AcDbVertex
100
AcDb2dVertex
 10
5.068387837358614
 20
-673.5857469115383
 30
0
  0
VERTEX
  5
FEEB
330
FEE6
100
AcDbEntity
  8
0-CAD-polyline
 62
     1
100
AcDbVertex
100
AcDb2dVertex
 10
7.338338707358616
 20
-674.1307145615383
 30
0
  0
VERTEX
  5
FEEC
330
FEE6
100
AcDbEntity
  8
0-CAD-polyline
 62
     1
100
AcDbVertex
100
AcDb2dVertex
 10
27.85750373735868
 20
-684.5857469115383
 30
0
  0
VERTEX
  5
FEED
330
FEE6
100
AcDbEntity
  8
0-CAD-polyline
 62
     1
100
AcDbVertex
100
AcDb2dVertex
 10
41.77721902735857
 20
-684.5857469115383
 30
0
  0
VERTEX
  5
FEEE
330
FEE6
100
AcDbEntity
  8
0-CAD-polyline
 62
     1
100
AcDbVertex
100
AcDb2dVertex
 10
77.04200538735859
 20
-673.8042222515385
 30
0
  0
VERTEX
  5
FEEF
330
FEE6
100
AcDbEntity
  8
0-CAD-polyline
 62
     1
100
AcDbVertex
100
AcDb2dVertex
 10
78.5038622273587
 20
-673.5857469115383
 30
0
  0
VERTEX
  5
FEF0
330
FEE6
100
AcDbEntity
  8
0-CAD-polyline
 62
     1
100
AcDbVertex
100
AcDb2dVertex
 10
89.32083305735864
 20
-673.5857469115383
 30
0
  0
VERTEX
  5
FEF1
330
FEE6
100
AcDbEntity
  8
0-CAD-polyline
 62
     1
100
AcDbVertex
100
AcDb2dVertex
 10
90.32083305735864
 20
-674.5857469115383
 30
0
  0
VERTEX
  5
FEF2
330
FEE6
100
AcDbEntity
  8
0-CAD-polyline
 62
     1
100
AcDbVertex
100
AcDb2dVertex
 10
90.32083305735864
 20
-759.7857438615383
 30
0
  0
SEQEND
  5
FEF3
330
FEE6
100
AcDbEntity
  8
0-CAD-polyline
 62
     1
  0
LINE
  5
FEF4
330
2
100
AcDbEntity
  8
0-CAD-polyline
 62
     1
100
AcDbLine
 10
-9.679166942641359
 20
-724.7857438615383
 30
0
 11
-8.679166942641359
 21
-724.7857438615383
 31
0
  0
LINE
  5
FEF5
330
2
100
AcDbEntity
  8
0-CAD-polyline
 62
     1
100
AcDbLine
 10
-8.679166942641359
 20
-724.7857438615383
 30
0
 11
-8.679166942641359
 21
-719.7857438615383
 31
0
  0
LINE
  5
FEF6
330
2
100
AcDbEntity
  8
0-CAD-polyline
 62
     1
100
AcDbLine
 10
-8.679166942641359
 20
-719.7857438615383
 30
0
 11
-9.679166942641359
 21
-719.7857438615383
 31
0
  0
LINE
  5
FEF7
330
2
100
AcDbEntity
  8
0-CAD-polyline
 62
     1
100
AcDbLine
 10
-9.679166942641359
 20
-733.7857438615383
 30
0
 11
-8.679166942641359
 21
-734.7857438615383
 31
0
  0
LINE
  5
FEF8
330
2
100
AcDbEntity
  8
0-CAD-polyline
 62
     1
100
AcDbLine
 10
90.32083305735864
 20
-733.7857438615383
 30
0
 11
89.32083305735864
 21
-734.7857438615383
 31
0
  0
LINE
  5
FEF9
330
2
100
AcDbEntity
  8
0-CAD-polyline
 62
     1
100
AcDbLine
 10
-8.679166942641359
 20
-734.7857438615383
 30
0
 11
89.32083305735864
 21
-734.7857438615383
 31
0
  0
LINE
  5
FEFA
330
2
100
AcDbEntity
  8
0-CAD-polyline
 62
     1
100
AcDbLine
 10
-8.679166942641359
 20
-734.7857438615383
 30
0
 11
-8.679166942641359
 21
-752.7857438615383
 31
0
  0
LINE
  5
FEFB
330
2
100
AcDbEntity
  8
0-CAD-polyline
 62
     1
100
AcDbLine
 10
89.32083305735864
 20
-734.7857438615383
 30
0
 11
89.32083305735864
 21
-752.7857438615383
 31
0
  0
LINE
  5
FEFC
330
2
100
AcDbEntity
  8
0-CAD-polyline
 62
     1
100
AcDbLine
 10
-9.679166942641359
 20
-752.7857438615383
 30
0
 11
90.32083305735864
 21
-752.7857438615383
 31
0
  0
TEXT
  5
FEFD
330
2
100
AcDbEntity
  8
0-CAD-polyline
 62
     1
100
AcDbText
 10
34.65352536505095
 20
-765.0357438615383
 30
0
 40
3.5
  1
*2B1
  7

 72
     1
 11
40.32083305735864
 21
-761.5357438615383
 31
0
100
AcDbText
 73
     3
  0
TEXT
  5
FEFE
330
2
100
AcDbEntity
  8
0-CAD-polyline
 62
     1
100
AcDbText
 10
33.6992370162776
 20
-768.1857439867081
 30
0
 40
2.449999958276749
  1
14.80 kg
  7

 72
     1
 11
40.32083305735864
 21
-765.7357440284313
 31
0
100
AcDbText
 73
     3
  0
LINE
  5
FEFF
330
2
100
AcDbEntity
  8
0-CAD-polyline
 62
     1
100
AcDbLine
 10
91.32083305735864
 20
-734.7857438615383
 30
0
 11
91.32083305735864
 21
-752.7857438615383
 31
0
  0
LINE
  5
FF00
330
2
100
AcDbEntity
  8
0-CAD-polyline
 62
     1
100
AcDbLine
 10
99.316831439927
 20
-734.7857438615383
 30
0
 11
99.316831439927
 21
-752.7857438615383
 31
0
  0
LINE
  5
FF01
330
2
100
AcDbEntity
  8
0-CAD-polyline
 62
     1
100
AcDbLine
 10
90.32083305735864
 20
-752.7857438615383
 30
0
 11
100.316831439927
 21
-752.7857438615383
 31
0
  0
POLYLINE
  5
FF02
330
2
100
AcDbEntity
  8
0-CAD-polyline
 62
     1
100
AcDb2dPolyline
 66
     1
 10
0
 20
0
 30
0
 40
0
 41
0
  0
VERTEX
  5
FF03
330
FF02
100
AcDbEntity
  8
0-CAD-polyline
 62
     1
100
AcDbVertex
100
AcDb2dVertex
 10
90.32083305735864
 20
-733.7857438615383
 30
0
  0
VERTEX
  5
FF04
330
FF02
100
AcDbEntity
  8
0-CAD-polyline
 62
     1
100
AcDbVertex
100
AcDb2dVertex
 10
91.32083305735864
 20
-734.7857438615383
 30
0
  0
VERTEX
  5
FF05
330
FF02
100
AcDbEntity
  8
0-CAD-polyline
 62
     1
100
AcDbVertex
100
AcDb2dVertex
 10
99.316831439927
 20
-734.7857438615383
 30
0
  0
VERTEX
  5
FF06
330
FF02
100
AcDbEntity
  8
0-CAD-polyline
 62
     1
100
AcDbVertex
100
AcDb2dVertex
 10
100.316831439927
 20
-733.7857438615383
 30
0
  0
SEQEND
  5
FF07
330
FF02
100
AcDbEntity
  8
0-CAD-polyline
 62
     1
  0
POLYLINE
  5
FF08
330
2
100
AcDbEntity
  8
0-CAD-polyline
 62
     1
100
AcDb2dPolyline
 66
     1
 10
0
 20
0
 30
0
 40
0
 41
0
1001
COPRA
1000
7
1001
CrfRollDraw
1000
32985b00-cbe2-4f16-a919-303160cc7c24
  0
VERTEX
  5
FF09
330
FF08
100
AcDbEntity
  8
0-CAD-polyline
 62
     1
100
AcDbVertex
100
AcDb2dVertex
 10
90.32083305735864
 20
-759.7857438615383
 30
0
  0
VERTEX
  5
FF0A
330
FF08
100
AcDbEntity
  8
0-CAD-polyline
 62
     1
100
AcDbVertex
100
AcDb2dVertex
 10
90.32083305735864
 20
-683.2857438615383
 30
0
  0
VERTEX
  5
FF0B
330
FF08
100
AcDbEntity
  8
0-CAD-polyline
 62
     1
100
AcDbVertex
100
AcDb2dVertex
 10
91.32083305735864
 20
-682.2857438615383
 30
0
  0
VERTEX
  5
FF0C
330
FF08
100
AcDbEntity
  8
0-CAD-polyline
 62
     1
100
AcDbVertex
100
AcDb2dVertex
 10
99.31683105735874
 20
-682.2857438615383
 30
0
  0
VERTEX
  5
FF0D
330
FF08
100
AcDbEntity
  8
0-CAD-polyline
 62
     1
100
AcDbVertex
100
AcDb2dVertex
 10
100.3168310573587
 20
-683.2857438615383
 30
0
  0
VERTEX
  5
FF0E
330
FF08
100
AcDbEntity
  8
0-CAD-polyline
 62
     1
100
AcDbVertex
100
AcDb2dVertex
 10
100.3168310573587
 20
-759.7857438615383
 30
0
  0
SEQEND
  5
FF0F
330
FF08
100
AcDbEntity
  8
0-CAD-polyline
 62
     1
  0
LINE
  5
FF10
330
2
100
AcDbEntity
  8
0-CAD-polyline
 62
     1
100
AcDbLine
 10
90.32083305735864
 20
-733.7857438615383
 30
0
 11
91.32083305735864
 21
-734.7857438615383
 31
0
  0
LINE
  5
FF11
330
2
100
AcDbEntity
  8
0-CAD-polyline
 62
     1
100
AcDbLine
 10
100.316831439927
 20
-733.7857438615383
 30
0
 11
99.316831439927
 21
-734.7857438615383
 31
0
  0
LINE
  5
FF12
330
2
100
AcDbEntity
  8
0-CAD-polyline
 62
     1
100
AcDbLine
 10
91.32083305735864
 20
-734.7857438615383
 30
0
 11
99.316831439927
 21
-734.7857438615383
 31
0
  0
LINE
  5
FF13
330
2
100
AcDbEntity
  8
0-CAD-polyline
 62
     1
100
AcDbLine
 10
91.32083305735864
 20
-734.7857438615383
 30
0
 11
91.32083305735864
 21
-752.7857438615383
 31
0
  0
LINE
  5
FF14
330
2
100
AcDbEntity
  8
0-CAD-polyline
 62
     1
100
AcDbLine
 10
99.316831439927
 20
-734.7857438615383
 30
0
 11
99.316831439927
 21
-752.7857438615383
 31
0
  0
LINE
  5
FF15
330
2
100
AcDbEntity
  8
0-CAD-polyline
 62
     1
100
AcDbLine
 10
90.32083305735864
 20
-752.7857438615383
 30
0
 11
100.316831439927
 21
-752.7857438615383
 31
0
  0
TEXT
  5
FF16
330
2
100
AcDbEntity
  8
0-CAD-polyline
 62
     1
100
AcDbText
 10
94.44383404698377
 20
-777.4720512828136
 30
0
 40
2.449999958276749
  1
*Ø155x10
 50
89.99999998310366
  7

 72
     2
 11
93.21883407254495
 21
-761.5357438615383
 31
0
100
AcDbText
 73
     2
  0
TEXT
  5
FF17
330
2
100
AcDbEntity
  8
0-CAD-polyline
 62
     1
100
AcDbText
 10
98.64383421524785
 20
-772.8227052081453
 30
0
 40
2.449999958276749
  1
1.32 kg
 50
89.99999998310366
  7

 72
     2
 11
97.41883423943796
 21
-761.5357438615383
 31
0
100
AcDbText
 73
     2
  0
LINE
  5
FF18
330
2
100
AcDbEntity
  8
0-CAD-polyline
 62
     1
100
AcDbLine
 10
6.03271278758325
 20
-683.8357926896633
 30
0
 11
76.03475746531763
 21
-683.8357926896633
 31
0
  0
TEXT
  5
FF19
330
2
100
AcDbEntity
  8
0-CAD-polyline
100
AcDbText
 10
-13.96728721241675
 20
-682.8357926896633
 30
0
 40
10
  1
 2
  7

 11
0
 21
0
 31
0
100
AcDbText
  0
POLYLINE
  5
FF1A
330
2
100
AcDbEntity
  8
0-CAD-polyline
 62
     5
100
AcDb2dPolyline
 66
     1
 10
0
 20
0
 30
0
 40
0
 41
0
  0
VERTEX
  5
FF1B
330
FF1A
100
AcDbEntity
  8
0-CAD-polyline
 62
     5
100
AcDbVertex
100
AcDb2dVertex
 10
13.36854729075708
 20
-966.9985124162258
 30
0
  0
VERTEX
  5
FF1C
330
FF1A
100
AcDbEntity
  8
0-CAD-polyline
 62
     5
100
AcDbVertex
100
AcDb2dVertex
 10
12.27151665110864
 20
-968.0214616349758
 30
0
  0
VERTEX
  5
FF1D
330
FF1A
100
AcDbEntity
  8
0-CAD-polyline
 62
     5
100
AcDbVertex
100
AcDb2dVertex
 10
26.2524832191018
 20
-983.0142594865383
 30
0
  0
VERTEX
  5
FF1E
330
FF1A
100
AcDbEntity
  8
0-CAD-polyline
 62
     5
100
AcDbVertex
100
AcDb2dVertex
 10
29.86673244853296
 20
-984.5857926896633
 30
0
  0
VERTEX
  5
FF1F
330
FF1A
100
AcDbEntity
  8
0-CAD-polyline
 62
     5
100
AcDbVertex
100
AcDb2dVertex
 10
34.86673626323022
 20
-984.5857926896633
 30
0
  0
VERTEX
  5
FF20
330
FF1A
100
AcDbEntity
  8
0-CAD-polyline
 62
     5
100
AcDbVertex
100
AcDb2dVertex
 10
39.86673244853296
 20
-984.5857926896633
 30
0
  0
VERTEX
  5
FF21
330
FF1A
100
AcDbEntity
  8
0-CAD-polyline
 62
     5
100
AcDbVertex
100
AcDb2dVertex
 10
43.48158010859765
 20
-983.6845475724758
 30
0
  0
VERTEX
  5
FF22
330
FF1A
100
AcDbEntity
  8
0-CAD-polyline
 62
     5
100
AcDbVertex
100
AcDb2dVertex
 10
72.47229561229028
 20
-968.2698747209133
 30
0
  0
VERTEX
  5
FF23
330
FF1A
100
AcDbEntity
  8
0-CAD-polyline
 62
     5
100
AcDbVertex
100
AcDb2dVertex
 10
71.76808723826684
 20
-966.9454118302883
 30
0
  0
VERTEX
  5
FF24
330
FF1A
100
AcDbEntity
  8
0-CAD-polyline
 62
     5
100
AcDbVertex
100
AcDb2dVertex
 10
42.77737268824853
 20
-982.3600846818508
 30
0
  0
VERTEX
  5
FF25
330
FF1A
100
AcDbEntity
  8
0-CAD-polyline
 62
     5
100
AcDbVertex
100
AcDb2dVertex
 10
39.86673244853296
 20
-983.0857926896633
 30
0
  0
VERTEX
  5
FF26
330
FF1A
100
AcDbEntity
  8
0-CAD-polyline
 62
     5
100
AcDbVertex
100
AcDb2dVertex
 10
34.86673626323022
 20
-983.0857926896633
 30
0
  0
VERTEX
  5
FF27
330
FF1A
100
AcDbEntity
  8
0-CAD-polyline
 62
     5
100
AcDbVertex
100
AcDb2dVertex
 10
29.86673244853296
 20
-983.0857926896633
 30
0
  0
VERTEX
  5
FF28
330
FF1A
100
AcDbEntity
  8
0-CAD-polyline
 62
     5
100
AcDbVertex
100
AcDb2dVertex
 10
27.34951385875024
 20
-981.9913102677883
 30
0
  0
VERTEX
  5
FF29
330
FF1A
100
AcDbEntity
  8
0-CAD-polyline
 62
     5
100
AcDbVertex
100
AcDb2dVertex
 10
13.36854729075708
 20
-966.9985124162258
 30
0
  0
SEQEND
  5
FF2A
330
FF1A
100
AcDbEntity
  8
0-CAD-polyline
  0
LINE
  5
FF2B
330
2
100
AcDbEntity
  8
0-CAD-polyline
 62
     5
100
AcDbLine
 10
26.2524832191018
 20
-983.0142594865383
 30
0
 11
27.34951385875024
 21
-981.9913102677883
 31
0
  0
LINE
  5
FF2C
330
2
100
AcDbEntity
  8
0-CAD-polyline
 62
     5
100
AcDbLine
 10
29.86673244853296
 20
-984.5857926896633
 30
0
 11
29.86673244853296
 21
-983.0857926896633
 31
0
  0
LINE
  5
FF2D
330
2
100
AcDbEntity
  8
0-CAD-polyline
 62
     5
100
AcDbLine
 10
34.86673626323022
 20
-984.5857926896633
 30
0
 11
34.86673626323022
 21
-983.0857926896633
 31
0
  0
LINE
  5
FF2E
330
2
100
AcDbEntity
  8
0-CAD-polyline
 62
     5
100
AcDbLine
 10
39.86673244853296
 20
-984.5857926896633
 30
0
 11
39.86673244853296
 21
-983.0857926896633
 31
0
  0
LINE
  5
FF2F
330
2
100
AcDbEntity
  8
0-CAD-polyline
 62
     5
100
AcDbLine
 10
43.48158010859765
 20
-983.6845475724758
 30
0
 11
42.77737268824853
 21
-982.3600846818508
 31
0
  0
LINE
  5
FF30
330
2
100
AcDbEntity
  8
0-CAD-polyline
 62
     4
100
AcDbLine
 10
12.27151669419391
 20
-968.0214857950853
 30
0
 11
13.36854724767181
 21
-966.9984882561164
 31
0
  0
LINE
  5
FF31
330
2
100
AcDbEntity
  8
0-CAD-polyline
 62
     4
100
AcDbLine
 10
44.65763996540772
 20
-983.0592046834929
 30
0
 11
43.95343262135043
 21
-981.7347832941398
 31
0
  0
LINE
  5
FF32
330
2
100
AcDbEntity
  8
0-CAD-polyline
 62
     4
100
AcDbLine
 10
24.57721221028851
 20
-982.8672927054806
 30
0
 11
27.31978859398328
 21
-980.3097988580591
 31
0
  0
LINE
  5
FF33
330
2
100
AcDbEntity
  8
0-CAD-polyline
 62
     4
100
AcDbLine
 10
12.27151669419391
 20
-968.0214857950853
 30
0
 11
13.36854724767181
 21
-966.9984882561164
 31
0
  0
LINE
  5
FF34
330
2
100
AcDbEntity
  8
0-CAD-polyline
 62
     4
100
AcDbLine
 10
44.65763996540772
 20
-983.0592046834929
 30
0
 11
43.95343262135043
 21
-981.7347832941398
 31
0
  0
LINE
  5
FF35
330
2
100
AcDbEntity
  8
0-CAD-polyline
 62
     4
100
AcDbLine
 10
24.57721221028851
 20
-982.8672927054806
 30
0
 11
27.31978859398328
 21
-980.3097988580591
 31
0
  0
LINE
  5
FF36
330
2
100
AcDbEntity
  8
0-CAD-polyline
 62
     1
100
AcDbLine
 10
100.3167360773587
 20
-904.8857804784134
 30
0
 11
-19.68326392264134
 21
-904.8857804784134
 31
0
1001
COPRA_AXIS
1000
ca1c4ccc-4df6-4816-8c2a-05748ea284b6
  0
LINE
  5
FF37
330
2
100
AcDbEntity
  8
0-CAD-polyline
 62
     1
100
AcDbLine
 10
-19.68326392264134
 20
-1059.885780478413
 30
0
 11
100.3167360773587
 21
-1059.885780478413
 31
0
1001
COPRA_AXIS
1000
92c31f88-cac9-41ab-9c66-62c1ff8578a9
  0
LINE
  5
FF38
330
2
100
AcDbEntity
  8
0-CAD-polyline
 62
     5
100
AcDbLine
 10
-18.67916694264136
 20
-929.8857804826321
 30
0
 11
-18.67916694264136
 21
-911.8857804826321
 31
0
  0
LINE
  5
FF39
330
2
100
AcDbEntity
  8
0-CAD-polyline
 62
     5
100
AcDbLine
 10
-10.67916694264136
 20
-929.8857804826321
 30
0
 11
-10.67916694264136
 21
-911.8857804826321
 31
0
  0
LINE
  5
FF3A
330
2
100
AcDbEntity
  8
0-CAD-polyline
 62
     5
100
AcDbLine
 10
-19.67916694264136
 20
-911.8857804826321
 30
0
 11
-9.679166942641359
 21
-911.8857804826321
 31
0
  0
POLYLINE
  5
FF3B
330
2
100
AcDbEntity
  8
0-CAD-polyline
 62
     5
100
AcDb2dPolyline
 66
     1
 10
0
 20
0
 30
0
 40
0
 41
0
  0
VERTEX
  5
FF3C
330
FF3B
100
AcDbEntity
  8
0-CAD-polyline
 62
     5
100
AcDbVertex
100
AcDb2dVertex
 10
-19.67916694264136
 20
-930.8857804826321
 30
0
  0
VERTEX
  5
FF3D
330
FF3B
100
AcDbEntity
  8
0-CAD-polyline
 62
     5
100
AcDbVertex
100
AcDb2dVertex
 10
-18.67916694264136
 20
-929.8857804826321
 30
0
  0
VERTEX
  5
FF3E
330
FF3B
100
AcDbEntity
  8
0-CAD-polyline
 62
     5
100
AcDbVertex
100
AcDb2dVertex
 10
-10.67916694264136
 20
-929.8857804826321
 30
0
  0
VERTEX
  5
FF3F
330
FF3B
100
AcDbEntity
  8
0-CAD-polyline
 62
     5
100
AcDbVertex
100
AcDb2dVertex
 10
-9.679166942641359
 20
-930.8857804826321
 30
0
  0
SEQEND
  5
FF40
330
FF3B
100
AcDbEntity
  8
0-CAD-polyline
 62
     5
  0
POLYLINE
  5
FF41
330
2
100
AcDbEntity
  8
0-CAD-polyline
 62
     5
100
AcDb2dPolyline
 66
     1
 10
0
 20
0
 30
0
 40
0
 41
0
1001
COPRA
1000
2
1001
CrfRollDraw
1000
5f3e80c9-4ad1-44d2-ac3f-7655156ec143
  0
VERTEX
  5
FF42
330
FF41
100
AcDbEntity
  8
0-CAD-polyline
 62
     5
100
AcDbVertex
100
AcDb2dVertex
 10
-19.67916694264136
 20
-904.8857804826321
 30
0
  0
VERTEX
  5
FF43
330
FF41
100
AcDbEntity
  8
0-CAD-polyline
 62
     5
100
AcDbVertex
100
AcDb2dVertex
 10
-19.67916694264136
 20
-981.3857804826321
 30
0
  0
VERTEX
  5
FF44
330
FF41
100
AcDbEntity
  8
0-CAD-polyline
 62
     5
100
AcDbVertex
100
AcDb2dVertex
 10
-18.67916694264136
 20
-982.3857804826321
 30
0
  0
VERTEX
  5
FF45
330
FF41
100
AcDbEntity
  8
0-CAD-polyline
 62
     5
100
AcDbVertex
100
AcDb2dVertex
 10
-10.67916694264136
 20
-982.3857804826321
 30
0
  0
VERTEX
  5
FF46
330
FF41
100
AcDbEntity
  8
0-CAD-polyline
 62
     5
100
AcDbVertex
100
AcDb2dVertex
 10
-9.679166942641359
 20
-981.3857804826321
 30
0
  0
VERTEX
  5
FF47
330
FF41
100
AcDbEntity
  8
0-CAD-polyline
 62
     5
100
AcDbVertex
100
AcDb2dVertex
 10
-9.679166942641359
 20
-904.8857804826321
 30
0
  0
SEQEND
  5
FF48
330
FF41
100
AcDbEntity
  8
0-CAD-polyline
 62
     5
  0
LINE
  5
FF49
330
2
100
AcDbEntity
  8
0-CAD-polyline
 62
     5
100
AcDbLine
 10
-19.67916694264136
 20
-930.8857804826321
 30
0
 11
-18.67916694264136
 21
-929.8857804826321
 31
0
  0
LINE
  5
FF4A
330
2
100
AcDbEntity
  8
0-CAD-polyline
 62
     5
100
AcDbLine
 10
-9.679166942641359
 20
-930.8857804826321
 30
0
 11
-10.67916694264136
 21
-929.8857804826321
 31
0
  0
LINE
  5
FF4B
330
2
100
AcDbEntity
  8
0-CAD-polyline
 62
     5
100
AcDbLine
 10
-18.67916694264136
 20
-929.8857804826321
 30
0
 11
-10.67916694264136
 21
-929.8857804826321
 31
0
  0
LINE
  5
FF4C
330
2
100
AcDbEntity
  8
0-CAD-polyline
 62
     5
100
AcDbLine
 10
-18.67916694264136
 20
-929.8857804826321
 30
0
 11
-18.67916694264136
 21
-911.8857804826321
 31
0
  0
LINE
  5
FF4D
330
2
100
AcDbEntity
  8
0-CAD-polyline
 62
     5
100
AcDbLine
 10
-10.67916694264136
 20
-929.8857804826321
 30
0
 11
-10.67916694264136
 21
-911.8857804826321
 31
0
  0
LINE
  5
FF4E
330
2
100
AcDbEntity
  8
0-CAD-polyline
 62
     5
100
AcDbLine
 10
-19.67916694264136
 20
-911.8857804826321
 30
0
 11
-9.679166942641359
 21
-911.8857804826321
 31
0
  0
TEXT
  5
FF4F
330
2
100
AcDbEntity
  8
0-CAD-polyline
 62
     5
100
AcDbText
 10
-15.55416704694949
 20
-903.1357804829934
 30
0
 40
2.449999958276749
  1
*Ø155x10
 50
89.99999998310366
  7

 11
-16.77916702608786
 21
-903.1357804826321
 31
0
100
AcDbText
 73
     2
  0
TEXT
  5
FF50
330
2
100
AcDbEntity
  8
0-CAD-polyline
 62
     5
100
AcDbText
 10
-11.35416688005648
 20
-903.1357804829934
 30
0
 40
2.449999958276749
  1
1.32 kg
 50
89.99999998310366
  7

 11
-12.57916685919486
 21
-903.1357804826321
 31
0
100
AcDbText
 73
     2
  0
LINE
  5
FF51
330
2
100
AcDbEntity
  8
0-CAD-polyline
 62
     5
100
AcDbLine
 10
-8.679166942641359
 20
-929.8857804826321
 30
0
 11
-8.679166942641359
 21
-911.8857804826321
 31
0
  0
LINE
  5
FF52
330
2
100
AcDbEntity
  8
0-CAD-polyline
 62
     5
100
AcDbLine
 10
89.32083305735864
 20
-929.8857804826321
 30
0
 11
89.32083305735864
 21
-911.8857804826321
 31
0
  0
LINE
  5
FF53
330
2
100
AcDbEntity
  8
0-CAD-polyline
 62
     5
100
AcDbLine
 10
-9.679166942641359
 20
-911.8857804826321
 30
0
 11
90.32083305735864
 21
-911.8857804826321
 31
0
  0
POLYLINE
  5
FF54
330
2
100
AcDbEntity
  8
0-CAD-polyline
 62
     5
100
AcDb2dPolyline
 66
     1
 10
0
 20
0
 30
0
 40
0
 41
0
  0
VERTEX
  5
FF55
330
FF54
100
AcDbEntity
  8
0-CAD-polyline
 62
     5
100
AcDbVertex
100
AcDb2dVertex
 10
-9.679166942641359
 20
-930.8857804826321
 30
0
  0
VERTEX
  5
FF56
330
FF54
100
AcDbEntity
  8
0-CAD-polyline
 62
     5
100
AcDbVertex
100
AcDb2dVertex
 10
-8.679166942641359
 20
-929.8857804826321
 30
0
  0
VERTEX
  5
FF57
330
FF54
100
AcDbEntity
  8
0-CAD-polyline
 62
     5
100
AcDbVertex
100
AcDb2dVertex
 10
89.32083305735864
 20
-929.8857804826321
 30
0
  0
VERTEX
  5
FF58
330
FF54
100
AcDbEntity
  8
0-CAD-polyline
 62
     5
100
AcDbVertex
100
AcDb2dVertex
 10
90.32083305735864
 20
-930.8857804826321
 30
0
  0
SEQEND
  5
FF59
330
FF54
100
AcDbEntity
  8
0-CAD-polyline
 62
     5
  0
POLYLINE
  5
FF5A
330
2
100
AcDbEntity
  8
0-CAD-polyline
 62
     5
100
AcDb2dPolyline
 66
     1
 10
0
 20
0
 30
0
 40
0
 41
0
1001
COPRA
1000
3
1001
CrfRollDraw
1000
30d00012-03f5-42fb-a89c-8ca35bf017ee
  0
VERTEX
  5
FF5B
330
FF5A
100
AcDbEntity
  8
0-CAD-polyline
 62
     5
100
AcDbVertex
100
AcDb2dVertex
 10
-9.679166942641359
 20
-904.8857804826321
 30
0
  0
VERTEX
  5
FF5C
330
FF5A
100
AcDbEntity
  8
0-CAD-polyline
 62
     5
100
AcDbVertex
100
AcDb2dVertex
 10
-9.679166942641359
 20
-962.8857881126321
 30
0
  0
VERTEX
  5
FF5D
330
FF5A
100
AcDbEntity
  8
0-CAD-polyline
 62
     5
100
AcDbVertex
100
AcDb2dVertex
 10
-8.679166942641359
 20
-963.8857881126321
 30
0
  0
VERTEX
  5
FF5E
330
FF5A
100
AcDbEntity
  8
0-CAD-polyline
 62
     5
100
AcDbVertex
100
AcDb2dVertex
 10
6.27775367735876
 20
-963.8857881126321
 30
0
  0
VERTEX
  5
FF5F
330
FF5A
100
AcDbEntity
  8
0-CAD-polyline
 62
     5
100
AcDbVertex
100
AcDb2dVertex
 10
9.934522477358541
 20
-965.475795892632
 30
0
  0
VERTEX
  5
FF60
330
FF5A
100
AcDbEntity
  8
0-CAD-polyline
 62
     5
100
AcDbVertex
100
AcDb2dVertex
 10
12.15486320735863
 20
-967.8568193026322
 30
0
  0
VERTEX
  5
FF61
330
FF5A
100
AcDbEntity
  8
0-CAD-polyline
 62
     5
100
AcDbVertex
100
AcDb2dVertex
 10
12.43753418735855
 20
-967.866691732632
 30
0
  0
VERTEX
  5
FF62
330
FF5A
100
AcDbEntity
  8
0-CAD-polyline
 62
     5
100
AcDbVertex
100
AcDb2dVertex
 10
13.42470344735875
 20
-966.9461404326321
 30
0
  0
VERTEX
  5
FF63
330
FF5A
100
AcDbEntity
  8
0-CAD-polyline
 62
     5
100
AcDbVertex
100
AcDb2dVertex
 10
27.34848293735854
 20
-981.982460172632
 30
0
  0
VERTEX
  5
FF64
330
FF5A
100
AcDbEntity
  8
0-CAD-polyline
 62
     5
100
AcDbVertex
100
AcDb2dVertex
 10
29.87388118735862
 20
-983.0857774326321
 30
0
  0
VERTEX
  5
FF65
330
FF5A
100
AcDbEntity
  8
0-CAD-polyline
 62
     5
100
AcDbVertex
100
AcDb2dVertex
 10
39.85523405735876
 20
-983.0857774326321
 30
0
  0
VERTEX
  5
FF66
330
FF5A
100
AcDbEntity
  8
0-CAD-polyline
 62
     5
100
AcDbVertex
100
AcDb2dVertex
 10
42.78496417735869
 20
-982.3498765526322
 30
0
  0
VERTEX
  5
FF67
330
FF5A
100
AcDbEntity
  8
0-CAD-polyline
 62
     5
100
AcDbVertex
100
AcDb2dVertex
 10
71.71174606735872
 20
-966.839473872632
 30
0
  0
VERTEX
  5
FF68
330
FF5A
100
AcDbEntity
  8
0-CAD-polyline
 62
     5
100
AcDbVertex
100
AcDb2dVertex
 10
72.35351738735858
 20
-968.0464707926321
 30
0
  0
VERTEX
  5
FF69
330
FF5A
100
AcDbEntity
  8
0-CAD-polyline
 62
     5
100
AcDbVertex
100
AcDb2dVertex
 10
72.62399849735857
 20
-968.129165792632
 30
0
  0
VERTEX
  5
FF6A
330
FF5A
100
AcDbEntity
  8
0-CAD-polyline
 62
     5
100
AcDbVertex
100
AcDb2dVertex
 10
79.50397285735858
 20
-964.4710198926321
 30
0
  0
VERTEX
  5
FF6B
330
FF5A
100
AcDbEntity
  8
0-CAD-polyline
 62
     5
100
AcDbVertex
100
AcDb2dVertex
 10
81.85133155735866
 20
-963.885757592632
 30
0
  0
VERTEX
  5
FF6C
330
FF5A
100
AcDbEntity
  8
0-CAD-polyline
 62
     5
100
AcDbVertex
100
AcDb2dVertex
 10
89.32083305735864
 20
-963.8857614126321
 30
0
  0
VERTEX
  5
FF6D
330
FF5A
100
AcDbEntity
  8
0-CAD-polyline
 62
     5
100
AcDbVertex
100
AcDb2dVertex
 10
90.32083305735864
 20
-962.8857614126321
 30
0
  0
VERTEX
  5
FF6E
330
FF5A
100
AcDbEntity
  8
0-CAD-polyline
 62
     5
100
AcDbVertex
100
AcDb2dVertex
 10
90.32083305735864
 20
-904.8857804826321
 30
0
  0
SEQEND
  5
FF6F
330
FF5A
100
AcDbEntity
  8
0-CAD-polyline
 62
     5
  0
LINE
  5
FF70
330
2
100
AcDbEntity
  8
0-CAD-polyline
 62
     5
100
AcDbLine
 10
-9.679166942641359
 20
-939.8857804826321
 30
0
 11
-8.679166942641359
 21
-939.8857804826321
 31
0
  0
LINE
  5
FF71
330
2
100
AcDbEntity
  8
0-CAD-polyline
 62
     5
100
AcDbLine
 10
-8.679166942641359
 20
-939.8857804826321
 30
0
 11
-8.679166942641359
 21
-944.8857804826321
 31
0
  0
LINE
  5
FF72
330
2
100
AcDbEntity
  8
0-CAD-polyline
 62
     5
100
AcDbLine
 10
-8.679166942641359
 20
-944.8857804826321
 30
0
 11
-9.679166942641359
 21
-944.8857804826321
 31
0
  0
LINE
  5
FF73
330
2
100
AcDbEntity
  8
0-CAD-polyline
 62
     5
100
AcDbLine
 10
-9.679166942641359
 20
-930.8857804826321
 30
0
 11
-8.679166942641359
 21
-929.8857804826321
 31
0
  0
LINE
  5
FF74
330
2
100
AcDbEntity
  8
0-CAD-polyline
 62
     5
100
AcDbLine
 10
90.32083305735864
 20
-930.8857804826321
 30
0
 11
89.32083305735864
 21
-929.8857804826321
 31
0
  0
LINE
  5
FF75
330
2
100
AcDbEntity
  8
0-CAD-polyline
 62
     5
100
AcDbLine
 10
-8.679166942641359
 20
-929.8857804826321
 30
0
 11
89.32083305735864
 21
-929.8857804826321
 31
0
  0
LINE
  5
FF76
330
2
100
AcDbEntity
  8
0-CAD-polyline
 62
     5
100
AcDbLine
 10
-8.679166942641359
 20
-929.8857804826321
 30
0
 11
-8.679166942641359
 21
-911.8857804826321
 31
0
  0
LINE
  5
FF77
330
2
100
AcDbEntity
  8
0-CAD-polyline
 62
     5
100
AcDbLine
 10
89.32083305735864
 20
-929.8857804826321
 30
0
 11
89.32083305735864
 21
-911.8857804826321
 31
0
  0
LINE
  5
FF78
330
2
100
AcDbEntity
  8
0-CAD-polyline
 62
     5
100
AcDbLine
 10
-9.679166942641359
 20
-911.8857804826321
 30
0
 11
90.32083305735864
 21
-911.8857804826321
 31
0
  0
TEXT
  5
FF79
330
2
100
AcDbEntity
  8
0-CAD-polyline
 62
     5
100
AcDbText
 10
34.8096792112048
 20
-901.6550112518628
 30
0
 40
3.5
  1
*3T1
  7

 72
     1
 11
40.32083305735864
 21
-903.1357804826321
 31
0
100
AcDbText
 73
     1
  0
TEXT
  5
FF7A
330
2
100
AcDbEntity
  8
0-CAD-polyline
 62
     5
100
AcDbText
 10
34.67735238423577
 20
-897.8992418718527
 30
0
 40
2.449999958276749
  1
9.53 kg
  7

 72
     1
 11
40.32083305735864
 21
-898.9357803157391
 31
0
100
AcDbText
 73
     1
  0
LINE
  5
FF7B
330
2
100
AcDbEntity
  8
0-CAD-polyline
 62
     5
100
AcDbLine
 10
91.32083687205591
 20
-929.8857804826321
 30
0
 11
91.32083687205591
 21
-911.8857804826321
 31
0
  0
LINE
  5
FF7C
330
2
100
AcDbEntity
  8
0-CAD-polyline
 62
     5
100
AcDbLine
 10
99.31683525462427
 20
-929.8857804826321
 30
0
 11
99.31683525462427
 21
-911.8857804826321
 31
0
  0
LINE
  5
FF7D
330
2
100
AcDbEntity
  8
0-CAD-polyline
 62
     5
100
AcDbLine
 10
90.32083687205591
 20
-911.8857804826321
 30
0
 11
100.3168352546243
 21
-911.8857804826321
 31
0
  0
POLYLINE
  5
FF7E
330
2
100
AcDbEntity
  8
0-CAD-polyline
 62
     5
100
AcDb2dPolyline
 66
     1
 10
0
 20
0
 30
0
 40
0
 41
0
  0
VERTEX
  5
FF7F
330
FF7E
100
AcDbEntity
  8
0-CAD-polyline
 62
     5
100
AcDbVertex
100
AcDb2dVertex
 10
90.32083687205591
 20
-930.8857804826321
 30
0
  0
VERTEX
  5
FF80
330
FF7E
100
AcDbEntity
  8
0-CAD-polyline
 62
     5
100
AcDbVertex
100
AcDb2dVertex
 10
91.32083687205591
 20
-929.8857804826321
 30
0
  0
VERTEX
  5
FF81
330
FF7E
100
AcDbEntity
  8
0-CAD-polyline
 62
     5
100
AcDbVertex
100
AcDb2dVertex
 10
99.31683525462427
 20
-929.8857804826321
 30
0
  0
VERTEX
  5
FF82
330
FF7E
100
AcDbEntity
  8
0-CAD-polyline
 62
     5
100
AcDbVertex
100
AcDb2dVertex
 10
100.3168352546243
 20
-930.8857804826321
 30
0
  0
SEQEND
  5
FF83
330
FF7E
100
AcDbEntity
  8
0-CAD-polyline
 62
     5
  0
POLYLINE
  5
FF84
330
2
100
AcDbEntity
  8
0-CAD-polyline
 62
     5
100
AcDb2dPolyline
 66
     1
 10
0
 20
0
 30
0
 40
0
 41
0
1001
COPRA
1000
4
1001
CrfRollDraw
1000
5cfc77bf-def2-4c64-8505-01985ab9ea90
  0
VERTEX
  5
FF85
330
FF84
100
AcDbEntity
  8
0-CAD-polyline
 62
     5
100
AcDbVertex
100
AcDb2dVertex
 10
90.32083687205591
 20
-904.8857804826321
 30
0
  0
VERTEX
  5
FF86
330
FF84
100
AcDbEntity
  8
0-CAD-polyline
 62
     5
100
AcDbVertex
100
AcDb2dVertex
 10
90.32083687205591
 20
-981.3857804826321
 30
0
  0
VERTEX
  5
FF87
330
FF84
100
AcDbEntity
  8
0-CAD-polyline
 62
     5
100
AcDbVertex
100
AcDb2dVertex
 10
91.32083687205591
 20
-982.3857804826321
 30
0
  0
VERTEX
  5
FF88
330
FF84
100
AcDbEntity
  8
0-CAD-polyline
 62
     5
100
AcDbVertex
100
AcDb2dVertex
 10
99.31683487205601
 20
-982.3857804826321
 30
0
  0
VERTEX
  5
FF89
330
FF84
100
AcDbEntity
  8
0-CAD-polyline
 62
     5
100
AcDbVertex
100
AcDb2dVertex
 10
100.316834872056
 20
-981.3857804826321
 30
0
  0
VERTEX
  5
FF8A
330
FF84
100
AcDbEntity
  8
0-CAD-polyline
 62
     5
100
AcDbVertex
100
AcDb2dVertex
 10
100.316834872056
 20
-904.8857804826321
 30
0
  0
SEQEND
  5
FF8B
330
FF84
100
AcDbEntity
  8
0-CAD-polyline
 62
     5
  0
LINE
  5
FF8C
330
2
100
AcDbEntity
  8
0-CAD-polyline
 62
     5
100
AcDbLine
 10
90.32083687205591
 20
-930.8857804826321
 30
0
 11
91.32083687205591
 21
-929.8857804826321
 31
0
  0
LINE
  5
FF8D
330
2
100
AcDbEntity
  8
0-CAD-polyline
 62
     5
100
AcDbLine
 10
100.3168352546243
 20
-930.8857804826321
 30
0
 11
99.31683525462427
 21
-929.8857804826321
 31
0
  0
LINE
  5
FF8E
330
2
100
AcDbEntity
  8
0-CAD-polyline
 62
     5
100
AcDbLine
 10
91.32083687205591
 20
-929.8857804826321
 30
0
 11
99.31683525462427
 21
-929.8857804826321
 31
0
  0
LINE
  5
FF8F
330
2
100
AcDbEntity
  8
0-CAD-polyline
 62
     5
100
AcDbLine
 10
91.32083687205591
 20
-929.8857804826321
 30
0
 11
91.32083687205591
 21
-911.8857804826321
 31
0
  0
LINE
  5
FF90
330
2
100
AcDbEntity
  8
0-CAD-polyline
 62
     5
100
AcDbLine
 10
99.31683525462427
 20
-929.8857804826321
 30
0
 11
99.31683525462427
 21
-911.8857804826321
 31
0
  0
LINE
  5
FF91
330
2
100
AcDbEntity
  8
0-CAD-polyline
 62
     5
100
AcDbLine
 10
90.32083687205591
 20
-911.8857804826321
 30
0
 11
100.3168352546243
 21
-911.8857804826321
 31
0
  0
TEXT
  5
FF92
330
2
100
AcDbEntity
  8
0-CAD-polyline
 62
     5
100
AcDbText
 10
94.44383405168333
 20
-903.1357804829934
 30
0
 40
2.449999958276749
  1
*Ø155x10
 50
89.99999998310366
  7

 11
93.21883407254495
 21
-903.1357804826321
 31
0
100
AcDbText
 73
     2
  0
TEXT
  5
FF93
330
2
100
AcDbEntity
  8
0-CAD-polyline
 62
     5
100
AcDbText
 10
98.64383421857633
 20
-903.1357804829934
 30
0
 40
2.449999958276749
  1
1.32 kg
 50
89.99999998310366
  7

 11
97.41883423943796
 21
-903.1357804826321
 31
0
100
AcDbText
 73
     2
  0
LINE
  5
FF94
330
2
100
AcDbEntity
  8
0-CAD-polyline
 62
     1
100
AcDbLine
 10
-18.67916694264136
 20
-1034.885841517788
 30
0
 11
-18.67916694264136
 21
-1052.885841517788
 31
0
  0
LINE
  5
FF95
330
2
100
AcDbEntity
  8
0-CAD-polyline
 62
     1
100
AcDbLine
 10
-10.67916694264136
 20
-1034.885841517788
 30
0
 11
-10.67916694264136
 21
-1052.885841517788
 31
0
  0
LINE
  5
FF96
330
2
100
AcDbEntity
  8
0-CAD-polyline
 62
     1
100
AcDbLine
 10
-19.67916694264136
 20
-1052.885841517788
 30
0
 11
-9.679166942641359
 21
-1052.885841517788
 31
0
  0
POLYLINE
  5
FF97
330
2
100
AcDbEntity
  8
0-CAD-polyline
 62
     1
100
AcDb2dPolyline
 66
     1
 10
0
 20
0
 30
0
 40
0
 41
0
  0
VERTEX
  5
FF98
330
FF97
100
AcDbEntity
  8
0-CAD-polyline
 62
     1
100
AcDbVertex
100
AcDb2dVertex
 10
-19.67916694264136
 20
-1033.885841517788
 30
0
  0
VERTEX
  5
FF99
330
FF97
100
AcDbEntity
  8
0-CAD-polyline
 62
     1
100
AcDbVertex
100
AcDb2dVertex
 10
-18.67916694264136
 20
-1034.885841517788
 30
0
  0
VERTEX
  5
FF9A
330
FF97
100
AcDbEntity
  8
0-CAD-polyline
 62
     1
100
AcDbVertex
100
AcDb2dVertex
 10
-10.67916694264136
 20
-1034.885841517788
 30
0
  0
VERTEX
  5
FF9B
330
FF97
100
AcDbEntity
  8
0-CAD-polyline
 62
     1
100
AcDbVertex
100
AcDb2dVertex
 10
-9.679166942641359
 20
-1033.885841517788
 30
0
  0
SEQEND
  5
FF9C
330
FF97
100
AcDbEntity
  8
0-CAD-polyline
 62
     1
  0
POLYLINE
  5
FF9D
330
2
100
AcDbEntity
  8
0-CAD-polyline
 62
     1
100
AcDb2dPolyline
 66
     1
 10
0
 20
0
 30
0
 40
0
 41
0
1001
COPRA
1000
5
1001
CrfRollDraw
1000
aaead75e-faed-47e2-8713-4e8a9e8b2b22
  0
VERTEX
  5
FF9E
330
FF9D
100
AcDbEntity
  8
0-CAD-polyline
 62
     1
100
AcDbVertex
100
AcDb2dVertex
 10
-19.67916694264136
 20
-1059.885841517788
 30
0
  0
VERTEX
  5
FF9F
330
FF9D
100
AcDbEntity
  8
0-CAD-polyline
 62
     1
100
AcDbVertex
100
AcDb2dVertex
 10
-19.67916694264136
 20
-983.3858415177883
 30
0
  0
VERTEX
  5
FFA0
330
FF9D
100
AcDbEntity
  8
0-CAD-polyline
 62
     1
100
AcDbVertex
100
AcDb2dVertex
 10
-18.67916694264136
 20
-982.3858415177883
 30
0
  0
VERTEX
  5
FFA1
330
FF9D
100
AcDbEntity
  8
0-CAD-polyline
 62
     1
100
AcDbVertex
100
AcDb2dVertex
 10
-10.67916694264136
 20
-982.3858415177883
 30
0
  0
VERTEX
  5
FFA2
330
FF9D
100
AcDbEntity
  8
0-CAD-polyline
 62
     1
100
AcDbVertex
100
AcDb2dVertex
 10
-9.679166942641359
 20
-983.3858415177883
 30
0
  0
VERTEX
  5
FFA3
330
FF9D
100
AcDbEntity
  8
0-CAD-polyline
 62
     1
100
AcDbVertex
100
AcDb2dVertex
 10
-9.679166942641359
 20
-1059.885841517788
 30
0
  0
SEQEND
  5
FFA4
330
FF9D
100
AcDbEntity
  8
0-CAD-polyline
 62
     1
  0
LINE
  5
FFA5
330
2
100
AcDbEntity
  8
0-CAD-polyline
 62
     1
100
AcDbLine
 10
-19.67916694264136
 20
-1033.885841517788
 30
0
 11
-18.67916694264136
 21
-1034.885841517788
 31
0
  0
LINE
  5
FFA6
330
2
100
AcDbEntity
  8
0-CAD-polyline
 62
     1
100
AcDbLine
 10
-9.679166942641359
 20
-1033.885841517788
 30
0
 11
-10.67916694264136
 21
-1034.885841517788
 31
0
  0
LINE
  5
FFA7
330
2
100
AcDbEntity
  8
0-CAD-polyline
 62
     1
100
AcDbLine
 10
-18.67916694264136
 20
-1034.885841517788
 30
0
 11
-10.67916694264136
 21
-1034.885841517788
 31
0
  0
LINE
  5
FFA8
330
2
100
AcDbEntity
  8
0-CAD-polyline
 62
     1
100
AcDbLine
 10
-18.67916694264136
 20
-1034.885841517788
 30
0
 11
-18.67916694264136
 21
-1052.885841517788
 31
0
  0
LINE
  5
FFA9
330
2
100
AcDbEntity
  8
0-CAD-polyline
 62
     1
100
AcDbLine
 10
-10.67916694264136
 20
-1034.885841517788
 30
0
 11
-10.67916694264136
 21
-1052.885841517788
 31
0
  0
LINE
  5
FFAA
330
2
100
AcDbEntity
  8
0-CAD-polyline
 62
     1
100
AcDbLine
 10
-19.67916694264136
 20
-1052.885841517788
 30
0
 11
-9.679166942641359
 21
-1052.885841517788
 31
0
  0
TEXT
  5
FFAB
330
2
100
AcDbEntity
  8
0-CAD-polyline
 62
     1
100
AcDbText
 10
-15.55416705164905
 20
-1077.572148939064
 30
0
 40
2.449999958276749
  1
*Ø155x10
 50
89.99999998310366
  7

 72
     2
 11
-16.77916702608786
 21
-1061.635841517788
 31
0
100
AcDbText
 73
     2
  0
TEXT
  5
FFAC
330
2
100
AcDbEntity
  8
0-CAD-polyline
 62
     1
100
AcDbText
 10
-11.35416688338497
 20
-1072.922802864395
 30
0
 40
2.449999958276749
  1
1.32 kg
 50
89.99999998310366
  7

 72
     2
 11
-12.57916685919486
 21
-1061.635841517788
 31
0
100
AcDbText
 73
     2
  0
LINE
  5
FFAD
330
2
100
AcDbEntity
  8
0-CAD-polyline
 62
     1
100
AcDbLine
 10
-8.679166942641359
 20
-1034.885841517788
 30
0
 11
-8.679166942641359
 21
-1052.885841517788
 31
0
  0
LINE
  5
FFAE
330
2
100
AcDbEntity
  8
0-CAD-polyline
 62
     1
100
AcDbLine
 10
89.32083305735864
 20
-1034.885841517788
 30
0
 11
89.32083305735864
 21
-1052.885841517788
 31
0
  0
LINE
  5
FFAF
330
2
100
AcDbEntity
  8
0-CAD-polyline
 62
     1
100
AcDbLine
 10
-9.679166942641359
 20
-1052.885841517788
 30
0
 11
90.32083305735864
 21
-1052.885841517788
 31
0
  0
POLYLINE
  5
FFB0
330
2
100
AcDbEntity
  8
0-CAD-polyline
 62
     1
100
AcDb2dPolyline
 66
     1
 10
0
 20
0
 30
0
 40
0
 41
0
  0
VERTEX
  5
FFB1
330
FFB0
100
AcDbEntity
  8
0-CAD-polyline
 62
     1
100
AcDbVertex
100
AcDb2dVertex
 10
-9.679166942641359
 20
-1033.885841517788
 30
0
  0
VERTEX
  5
FFB2
330
FFB0
100
AcDbEntity
  8
0-CAD-polyline
 62
     1
100
AcDbVertex
100
AcDb2dVertex
 10
-8.679166942641359
 20
-1034.885841517788
 30
0
  0
VERTEX
  5
FFB3
330
FFB0
100
AcDbEntity
  8
0-CAD-polyline
 62
     1
100
AcDbVertex
100
AcDb2dVertex
 10
89.32083305735864
 20
-1034.885841517788
 30
0
  0
VERTEX
  5
FFB4
330
FFB0
100
AcDbEntity
  8
0-CAD-polyline
 62
     1
100
AcDbVertex
100
AcDb2dVertex
 10
90.32083305735864
 20
-1033.885841517788
 30
0
  0
SEQEND
  5
FFB5
330
FFB0
100
AcDbEntity
  8
0-CAD-polyline
 62
     1
  0
POLYLINE
  5
FFB6
330
2
100
AcDbEntity
  8
0-CAD-polyline
 62
     1
100
AcDb2dPolyline
 66
     1
 10
0
 20
0
 30
0
 40
0
 41
0
1001
COPRA
1000
6
1001
CrfRollDraw
1000
e6d64c45-88bf-46e7-8e55-af9a5076ea43
  0
VERTEX
  5
FFB7
330
FFB6
100
AcDbEntity
  8
0-CAD-polyline
 62
     1
100
AcDbVertex
100
AcDb2dVertex
 10
-9.679166942641359
 20
-1059.885841517788
 30
0
  0
VERTEX
  5
FFB8
330
FFB6
100
AcDbEntity
  8
0-CAD-polyline
 62
     1
100
AcDbVertex
100
AcDb2dVertex
 10
-9.679166942641359
 20
-965.8858415177883
 30
0
  0
VERTEX
  5
FFB9
330
FFB6
100
AcDbEntity
  8
0-CAD-polyline
 62
     1
100
AcDbVertex
100
AcDb2dVertex
 10
-8.679166942641359
 20
-964.8858415177883
 30
0
  0
VERTEX
  5
FFBA
330
FFB6
100
AcDbEntity
  8
0-CAD-polyline
 62
     1
100
AcDbVertex
100
AcDb2dVertex
 10
7.073343127358612
 20
-964.8858415177883
 30
0
  0
VERTEX
  5
FFBB
330
FFB6
100
AcDbEntity
  8
0-CAD-polyline
 62
     1
100
AcDbVertex
100
AcDb2dVertex
 10
10.73011001735858
 20
-966.4758531177883
 30
0
  0
VERTEX
  5
FFBC
330
FFB6
100
AcDbEntity
  8
0-CAD-polyline
 62
     1
100
AcDbVertex
100
AcDb2dVertex
 10
27.61794838735864
 20
-984.5858384677883
 30
0
  0
VERTEX
  5
FFBD
330
FFB6
100
AcDbEntity
  8
0-CAD-polyline
 62
     1
100
AcDbVertex
100
AcDb2dVertex
 10
41.88651200735853
 20
-984.5858384677883
 30
0
  0
VERTEX
  5
FFBE
330
FFB6
100
AcDbEntity
  8
0-CAD-polyline
 62
     1
100
AcDbVertex
100
AcDb2dVertex
 10
77.83614524735867
 20
-965.4710847477884
 30
0
  0
VERTEX
  5
FFBF
330
FFB6
100
AcDbEntity
  8
0-CAD-polyline
 62
     1
100
AcDbVertex
100
AcDb2dVertex
 10
80.18350013735858
 20
-964.8858262577883
 30
0
  0
VERTEX
  5
FFC0
330
FFB6
100
AcDbEntity
  8
0-CAD-polyline
 62
     1
100
AcDbVertex
100
AcDb2dVertex
 10
89.32083305735864
 20
-964.8858262577883
 30
0
  0
VERTEX
  5
FFC1
330
FFB6
100
AcDbEntity
  8
0-CAD-polyline
 62
     1
100
AcDbVertex
100
AcDb2dVertex
 10
90.32083305735864
 20
-965.8858262577883
 30
0
  0
VERTEX
  5
FFC2
330
FFB6
100
AcDbEntity
  8
0-CAD-polyline
 62
     1
100
AcDbVertex
100
AcDb2dVertex
 10
90.32083305735864
 20
-1059.885841517788
 30
0
  0
SEQEND
  5
FFC3
330
FFB6
100
AcDbEntity
  8
0-CAD-polyline
 62
     1
  0
LINE
  5
FFC4
330
2
100
AcDbEntity
  8
0-CAD-polyline
 62
     1
100
AcDbLine
 10
-9.679166942641359
 20
-1024.885841517788
 30
0
 11
-8.679166942641359
 21
-1024.885841517788
 31
0
  0
LINE
  5
FFC5
330
2
100
AcDbEntity
  8
0-CAD-polyline
 62
     1
100
AcDbLine
 10
-8.679166942641359
 20
-1024.885841517788
 30
0
 11
-8.679166942641359
 21
-1019.885841517788
 31
0
  0
LINE
  5
FFC6
330
2
100
AcDbEntity
  8
0-CAD-polyline
 62
     1
100
AcDbLine
 10
-8.679166942641359
 20
-1019.885841517788
 30
0
 11
-9.679166942641359
 21
-1019.885841517788
 31
0
  0
LINE
  5
FFC7
330
2
100
AcDbEntity
  8
0-CAD-polyline
 62
     1
100
AcDbLine
 10
-9.679166942641359
 20
-1033.885841517788
 30
0
 11
-8.679166942641359
 21
-1034.885841517788
 31
0
  0
LINE
  5
FFC8
330
2
100
AcDbEntity
  8
0-CAD-polyline
 62
     1
100
AcDbLine
 10
90.32083305735864
 20
-1033.885841517788
 30
0
 11
89.32083305735864
 21
-1034.885841517788
 31
0
  0
LINE
  5
FFC9
330
2
100
AcDbEntity
  8
0-CAD-polyline
 62
     1
100
AcDbLine
 10
-8.679166942641359
 20
-1034.885841517788
 30
0
 11
89.32083305735864
 21
-1034.885841517788
 31
0
  0
LINE
  5
FFCA
330
2
100
AcDbEntity
  8
0-CAD-polyline
 62
     1
100
AcDbLine
 10
-8.679166942641359
 20
-1034.885841517788
 30
0
 11
-8.679166942641359
 21
-1052.885841517788
 31
0
  0
LINE
  5
FFCB
330
2
100
AcDbEntity
  8
0-CAD-polyline
 62
     1
100
AcDbLine
 10
89.32083305735864
 20
-1034.885841517788
 30
0
 11
89.32083305735864
 21
-1052.885841517788
 31
0
  0
LINE
  5
FFCC
330
2
100
AcDbEntity
  8
0-CAD-polyline
 62
     1
100
AcDbLine
 10
-9.679166942641359
 20
-1052.885841517788
 30
0
 11
90.32083305735864
 21
-1052.885841517788
 31
0
  0
TEXT
  5
FFCD
330
2
100
AcDbEntity
  8
0-CAD-polyline
 62
     1
100
AcDbText
 10
34.65352536505095
 20
-1065.135841517788
 30
0
 40
3.5
  1
*3B1
  7

 72
     1
 11
40.32083305735864
 21
-1061.635841517788
 31
0
100
AcDbText
 73
     3
  0
TEXT
  5
FFCE
330
2
100
AcDbEntity
  8
0-CAD-polyline
 62
     1
100
AcDbText
 10
33.6992370162776
 20
-1068.285841642958
 30
0
 40
2.449999958276749
  1
17.07 kg
  7

 72
     1
 11
40.32083305735864
 21
-1065.835841684681
 31
0
100
AcDbText
 73
     3
  0
LINE
  5
FFCF
330
2
100
AcDbEntity
  8
0-CAD-polyline
 62
     1
100
AcDbLine
 10
91.32083305735864
 20
-1034.885841517788
 30
0
 11
91.32083305735864
 21
-1052.885841517788
 31
0
  0
LINE
  5
FFD0
330
2
100
AcDbEntity
  8
0-CAD-polyline
 62
     1
100
AcDbLine
 10
99.316831439927
 20
-1034.885841517788
 30
0
 11
99.316831439927
 21
-1052.885841517788
 31
0
  0
LINE
  5
FFD1
330
2
100
AcDbEntity
  8
0-CAD-polyline
 62
     1
100
AcDbLine
 10
90.32083305735864
 20
-1052.885841517788
 30
0
 11
100.316831439927
 21
-1052.885841517788
 31
0
  0
POLYLINE
  5
FFD2
330
2
100
AcDbEntity
  8
0-CAD-polyline
 62
     1
100
AcDb2dPolyline
 66
     1
 10
0
 20
0
 30
0
 40
0
 41
0
  0
VERTEX
  5
FFD3
330
FFD2
100
AcDbEntity
  8
0-CAD-polyline
 62
     1
100
AcDbVertex
100
AcDb2dVertex
 10
90.32083305735864
 20
-1033.885841517788
 30
0
  0
VERTEX
  5
FFD4
330
FFD2
100
AcDbEntity
  8
0-CAD-polyline
 62
     1
100
AcDbVertex
100
AcDb2dVertex
 10
91.32083305735864
 20
-1034.885841517788
 30
0
  0
VERTEX
  5
FFD5
330
FFD2
100
AcDbEntity
  8
0-CAD-polyline
 62
     1
100
AcDbVertex
100
AcDb2dVertex
 10
99.316831439927
 20
-1034.885841517788
 30
0
  0
VERTEX
  5
FFD6
330
FFD2
100
AcDbEntity
  8
0-CAD-polyline
 62
     1
100
AcDbVertex
100
AcDb2dVertex
 10
100.316831439927
 20
-1033.885841517788
 30
0
  0
SEQEND
  5
FFD7
330
FFD2
100
AcDbEntity
  8
0-CAD-polyline
 62
     1
  0
POLYLINE
  5
FFD8
330
2
100
AcDbEntity
  8
0-CAD-polyline
 62
     1
100
AcDb2dPolyline
 66
     1
 10
0
 20
0
 30
0
 40
0
 41
0
1001
COPRA
1000
7
1001
CrfRollDraw
1000
2bcdb051-a326-4527-b6b6-e2bae669ee3a
  0
VERTEX
  5
FFD9
330
FFD8
100
AcDbEntity
  8
0-CAD-polyline
 62
     1
100
AcDbVertex
100
AcDb2dVertex
 10
90.32083305735864
 20
-1059.885841517788
 30
0
  0
VERTEX
  5
FFDA
330
FFD8
100
AcDbEntity
  8
0-CAD-polyline
 62
     1
100
AcDbVertex
100
AcDb2dVertex
 10
90.32083305735864
 20
-983.3858415177883
 30
0
  0
VERTEX
  5
FFDB
330
FFD8
100
AcDbEntity
  8
0-CAD-polyline
 62
     1
100
AcDbVertex
100
AcDb2dVertex
 10
91.32083305735864
 20
-982.3858415177883
 30
0
  0
VERTEX
  5
FFDC
330
FFD8
100
AcDbEntity
  8
0-CAD-polyline
 62
     1
100
AcDbVertex
100
AcDb2dVertex
 10
99.31683105735874
 20
-982.3858415177883
 30
0
  0
VERTEX
  5
FFDD
330
FFD8
100
AcDbEntity
  8
0-CAD-polyline
 62
     1
100
AcDbVertex
100
AcDb2dVertex
 10
100.3168310573587
 20
-983.3858415177883
 30
0
  0
VERTEX
  5
FFDE
330
FFD8
100
AcDbEntity
  8
0-CAD-polyline
 62
     1
100
AcDbVertex
100
AcDb2dVertex
 10
100.3168310573587
 20
-1059.885841517788
 30
0
  0
SEQEND
  5
FFDF
330
FFD8
100
AcDbEntity
  8
0-CAD-polyline
 62
     1
  0
LINE
  5
FFE0
330
2
100
AcDbEntity
  8
0-CAD-polyline
 62
     1
100
AcDbLine
 10
90.32083305735864
 20
-1033.885841517788
 30
0
 11
91.32083305735864
 21
-1034.885841517788
 31
0
  0
LINE
  5
FFE1
330
2
100
AcDbEntity
  8
0-CAD-polyline
 62
     1
100
AcDbLine
 10
100.316831439927
 20
-1033.885841517788
 30
0
 11
99.316831439927
 21
-1034.885841517788
 31
0
  0
LINE
  5
FFE2
330
2
100
AcDbEntity
  8
0-CAD-polyline
 62
     1
100
AcDbLine
 10
91.32083305735864
 20
-1034.885841517788
 30
0
 11
99.316831439927
 21
-1034.885841517788
 31
0
  0
LINE
  5
FFE3
330
2
100
AcDbEntity
  8
0-CAD-polyline
 62
     1
100
AcDbLine
 10
91.32083305735864
 20
-1034.885841517788
 30
0
 11
91.32083305735864
 21
-1052.885841517788
 31
0
  0
LINE
  5
FFE4
330
2
100
AcDbEntity
  8
0-CAD-polyline
 62
     1
100
AcDbLine
 10
99.316831439927
 20
-1034.885841517788
 30
0
 11
99.316831439927
 21
-1052.885841517788
 31
0
  0
LINE
  5
FFE5
330
2
100
AcDbEntity
  8
0-CAD-polyline
 62
     1
100
AcDbLine
 10
90.32083305735864
 20
-1052.885841517788
 30
0
 11
100.316831439927
 21
-1052.885841517788
 31
0
  0
TEXT
  5
FFE6
330
2
100
AcDbEntity
  8
0-CAD-polyline
 62
     1
100
AcDbText
 10
94.44383404698377
 20
-1077.572148939064
 30
0
 40
2.449999958276749
  1
*Ø155x10
 50
89.99999998310366
  7

 72
     2
 11
93.21883407254495
 21
-1061.635841517788
 31
0
100
AcDbText
 73
     2
  0
TEXT
  5
FFE7
330
2
100
AcDbEntity
  8
0-CAD-polyline
 62
     1
100
AcDbText
 10
98.64383421524785
 20
-1072.922802864395
 30
0
 40
2.449999958276749
  1
1.32 kg
 50
89.99999998310366
  7

 72
     2
 11
97.41883423943796
 21
-1061.635841517788
 31
0
100
AcDbText
 73
     2
  0
LINE
  5
FFE8
330
2
100
AcDbEntity
  8
0-CAD-polyline
 62
     1
100
AcDbLine
 10
6.03271278758325
 20
-983.8357926896633
 30
0
 11
76.03475746531763
 21
-983.8357926896633
 31
0
  0
TEXT
  5
FFE9
330
2
100
AcDbEntity
  8
0-CAD-polyline
100
AcDbText
 10
-13.96728721241675
 20
-982.8357926896633
 30
0
 40
10
  1
 3
  7

 11
0
 21
0
 31
0
100
AcDbText
  0
POLYLINE
  5
FFEA
330
2
100
AcDbEntity
  8
0-CAD-polyline
 62
     5
100
AcDb2dPolyline
 66
     1
 10
0
 20
0
 30
0
 40
0
 41
0
  0
VERTEX
  5
FFEB
330
FFEA
100
AcDbEntity
  8
0-CAD-polyline
 62
     5
100
AcDbVertex
100
AcDb2dVertex
 10
18.07179626841821
 20
-1263.681129603726
 30
0
  0
VERTEX
  5
FFEC
330
FFEA
100
AcDbEntity
  8
0-CAD-polyline
 62
     5
100
AcDbVertex
100
AcDb2dVertex
 10
16.74737533946313
 20
-1264.385231166226
 30
0
  0
VERTEX
  5
FFED
330
FFEA
100
AcDbEntity
  8
0-CAD-polyline
 62
     5
100
AcDbVertex
100
AcDb2dVertex
 10
26.37154278178491
 20
-1282.485695033413
 30
0
  0
VERTEX
  5
FFEE
330
FFEA
100
AcDbEntity
  8
0-CAD-polyline
 62
     5
100
AcDbVertex
100
AcDb2dVertex
 10
29.86673340220727
 20
-1284.585914759976
 30
0
  0
VERTEX
  5
FFEF
330
FFEA
100
AcDbEntity
  8
0-CAD-polyline
 62
     5
100
AcDbVertex
100
AcDb2dVertex
 10
34.86673721690454
 20
-1284.585914759976
 30
0
  0
VERTEX
  5
FFF0
330
FFEA
100
AcDbEntity
  8
0-CAD-polyline
 62
     5
100
AcDbVertex
100
AcDb2dVertex
 10
39.86673340220727
 20
-1284.585914759976
 30
0
  0
VERTEX
  5
FFF1
330
FFEA
100
AcDbEntity
  8
0-CAD-polyline
 62
     5
100
AcDbVertex
100
AcDb2dVertex
 10
43.45954784770288
 20
-1282.872291713101
 30
0
  0
VERTEX
  5
FFF2
330
FFEA
100
AcDbEntity
  8
0-CAD-polyline
 62
     5
100
AcDbVertex
100
AcDb2dVertex
 10
48.17945083995141
 20
-1277.043678431851
 30
0
  0
VERTEX
  5
FFF3
330
FFEA
100
AcDbEntity
  8
0-CAD-polyline
 62
     5
100
AcDbVertex
100
AcDb2dVertex
 10
50.54329285044946
 20
-1275.095070033413
 30
0
  0
VERTEX
  5
FFF4
330
FFEA
100
AcDbEntity
  8
0-CAD-polyline
 62
     5
100
AcDbVertex
100
AcDb2dVertex
 10
69.96814140696802
 20
-1264.766700892788
 30
0
  0
VERTEX
  5
FFF5
330
FFEA
100
AcDbEntity
  8
0-CAD-polyline
 62
     5
100
AcDbVertex
100
AcDb2dVertex
 10
69.26393303294458
 20
-1263.442238002163
 30
0
  0
VERTEX
  5
FFF6
330
FFEA
100
AcDbEntity
  8
0-CAD-polyline
 62
     5
100
AcDbVertex
100
AcDb2dVertex
 10
49.83908638377466
 20
-1273.770607142788
 30
0
  0
VERTEX
  5
FFF7
330
FFEA
100
AcDbEntity
  8
0-CAD-polyline
 62
     5
100
AcDbVertex
100
AcDb2dVertex
 10
47.01373180766382
 20
-1276.099586634976
 30
0
  0
VERTEX
  5
FFF8
330
FFEA
100
AcDbEntity
  8
0-CAD-polyline
 62
     5
100
AcDbVertex
100
AcDb2dVertex
 10
42.29382881541528
 20
-1281.928199916226
 30
0
  0
VERTEX
  5
FFF9
330
FFEA
100
AcDbEntity
  8
0-CAD-polyline
 62
     5
100
AcDbVertex
100
AcDb2dVertex
 10
39.86673340220727
 20
-1283.085914759976
 30
0
  0
VERTEX
  5
FFFA
330
FFEA
100
AcDbEntity
  8
0-CAD-polyline
 62
     5
100
AcDbVertex
100
AcDb2dVertex
 10
34.86673721690454
 20
-1283.085914759976
 30
0
  0
VERTEX
  5
FFFB
330
FFEA
100
AcDbEntity
  8
0-CAD-polyline
 62
     5
100
AcDbVertex
100
AcDb2dVertex
 10
29.86673340220727
 20
-1283.085914759976
 30
0
  0
VERTEX
  5
FFFC
330
FFEA
100
AcDbEntity
  8
0-CAD-polyline
 62
     5
100
AcDbVertex
100
AcDb2dVertex
 10
27.69596371073999
 20
-1281.781593470913
 30
0
  0
VERTEX
  5
FFFD
330
FFEA
100
AcDbEntity
  8
0-CAD-polyline
 62
     5
100
AcDbVertex
100
AcDb2dVertex
 10
18.07179626841821
 20
-1263.681129603726
 30
0
  0
SEQEND
  5
FFFE
330
FFEA
100
AcDbEntity
  8
0-CAD-polyline
  0
LINE
  5
FFFF
330
2
100
AcDbEntity
  8
0-CAD-polyline
 62
     5
100
AcDbLine
 10
26.37154278178491
 20
-1282.485695033413
 30
0
 11
27.69596371073999
 21
-1281.781593470913
 31
0
  0
INSERT
  5
CB0C
102
{ACAD_REACTORS
330
CB33
330
CB35
330
CB38
330
CB39
102
}
330
CB0A
100
AcDbEntity
 67
     1
  8
0-CAD-polyline
100
AcDbBlockReference
 66
     1
  2
MIF_RND_R3
 10
0
 20
0
 30
0
  0
ATTRIB
  5
CB0D
330
CB0C
100
AcDbEntity
  8

100
AcDbText
 10
257.2338956485985
 20
-36.48942226543568
 30
0
 40
2.5
  1
D0077
  7

 11
0
 21
0
 31
0
100
AcDbAttribute
  2
PROJECT
 70
     0
280
     0
  0
ATTRIB
  5
CB0E
330
CB0C
100
AcDbEntity
  8

100
AcDbText
 10
181.8953318542326
 20
-30.5012579674496
 30
0
 40
2.94
  1
    5.7
  7

 11
0
 21
0
 31
0
100
AcDbAttribute
  2
ROLLWEIGHT
 70
     0
280
     0
  0
ATTRIB
  5
CB0F
330
CB0C
100
AcDbEntity
  8

100
AcDbText
 10
175.2262161069428
 20
-12.48660449076995
 30
0
 40
2.5
  1
Modified Diamond
  7

 11
0
 21
0
 31
0
100
AcDbAttribute
  2
DRAWINGCOMENT
 70
     0
280
     0
  0
ATTRIB
  5
CB10
330
CB0C
100
AcDbEntity
  8

100
AcDbText
 10
116.4987726446638
 20
-36.72653595540478
 30
0
 40
1.666
  1
ALL DIMENSIONS IN MILLIMETRES
  7

 72
     1
 11
134.6748326446638
 21
-35.89353595540479
 31
0
100
AcDbAttribute
  2
NOTE
 70
     0
 74
     2
280
     0
  0
ATTRIB
  5
CB11
330
CB0C
100
AcDbEntity
  8

100
AcDbText
 10
86.22887763775293
 20
-36.38353429110817
 30
0
 40
2.94
  1
 1: 1
  7

 11
86.22887763775293
 21
-34.91353429110817
 31
0
100
AcDbAttribute
  2
SCALE
 70
     0
 74
     2
280
     0
  0
ATTRIB
  5
CB12
330
CB0C
100
AcDbEntity
  8

100
AcDbText
 10
79.7948328892108
 20
-30.50353429110817
 30
0
 40
2.94
  1
1st ANGLE
  7

 11
79.7948328892108
 21
-29.03353429110817
 31
0
100
AcDbAttribute
  2
PROJECTION
 70
     0
 74
     2
280
     0
  0
ATTRIB
  5
CB13
330
CB0C
100
AcDbEntity
  8

100
AcDbText
 10
327.5158398900094
 20
-12.86353351047802
 30
0
 40
2.94
  1
-
  7

 72
     1
 11
328.2248321977017
 21
-11.39353351047802
 31
0
100
AcDbAttribute
  2
ISSUE-NO-003
 70
     0
 74
     2
280
     0
  0
ATTRIB
  5
CB14
102
{ACAD_XDICTIONARY
360
CB15
102
}
330
CB0C
100
AcDbEntity
  8

100
AcDbText
 10
255.3360819146506
 20
-12.37353429108917
 30
0
 40
1.96
  1
-
  7

 11
0
 21
0
 31
0
100
AcDbAttribute
  2
MOD-003_001
 70
     0
280
     0
  0
ATTRIB
  5
CB16
330
CB0C
100
AcDbEntity
  8

100
AcDbText
 10
327.5158398900103
 20
-18.74353429110148
 30
0
 40
2.94
  1
-
  7

 72
     1
 11
328.2248321977027
 21
-17.27353429110148
 31
0
100
AcDbAttribute
  2
ISSUE-NO-002
 70
     0
 74
     2
280
     0
  0
ATTRIB
  5
CB17
102
{ACAD_XDICTIONARY
360
CB18
102
}
330
CB0C
100
AcDbEntity
  8

100
AcDbText
 10
255.3360819146516
 20
-18.25353429108928
 30
0
 40
1.96
  1
-
  7

 11
0
 21
0
 31
0
100
AcDbAttribute
  2
MOD-002_001
 70
     0
280
     0
  0
ATTRIB
  5
CB19
330
CB0C
100
AcDbEntity
  8

100
AcDbText
 10
324.7036173754674
 20
-24.62353429110187
 30
0
 40
2.94
  1
001
  7

 72
     1
 11
328.2248327600828
 21
-23.15353429110187
 31
0
100
AcDbAttribute
  2
ISSUE-NO-001
 70
     0
 74
     2
280
     0
  0
ATTRIB
  5
CB1A
102
{ACAD_XDICTIONARY
360
CB1B
102
}
330
CB0C
100
AcDbEntity
  8

100
AcDbText
 10
255.1705237238656
 20
-24.22928406546893
 30
0
 40
1.96
  1
ORIGINAL
  7

 11
0
 21
0
 31
0
100
AcDbAttribute
  2
MOD-001_001
 70
     0
280
     0
  0
ATTRIB
  5
CB1C
330
CB0C
100
AcDbEntity
  8

100
AcDbText
 10
329.7718841421228
 20
-35.89353429110824
 30
0
 40
3.92
  1
2
  7

 72
     2
 11
332.901853372892
 21
-35.89353429110824
 31
0
100
AcDbAttribute
  2
STATIONNUMBER
 70
     0
280
     0
  0
ATTRIB
  5
CB1D
330
CB0C
100
AcDbEntity
  8

100
AcDbText
 10
281.1848338093505
 20
-30.25853429110821
 30
0
 40
2.45
  1
SV
  7

 11
281.1848338093505
 21
-29.03353429110821
 31
0
100
AcDbAttribute
  2
CHECKEDFROM
 70
     0
 74
     2
280
     0
  0
ATTRIB
  5
CB1E
330
CB0C
100
AcDbEntity
  8

100
AcDbText
 10
181.8953318542326
 20
-24.25867192923522
 30
0
 40
2.94
  1
6b-Left
  7

 11
181.8953318542326
 21
-22.78867192923522
 31
0
100
AcDbAttribute
  2
ROLLNUMBER
 70
     0
 74
     2
280
     0
  0
ATTRIB
  5
CB1F
330
CB0C
100
AcDbEntity
  8

100
AcDbText
 10
178.0297181345341
 20
-18.52353429110822
 30
0
 40
2.5
  1
Regrind
  7

 11
178.0297181345341
 21
-17.27353429110822
 31
0
100
AcDbAttribute
  2
MMAT
 70
     0
 74
     2
280
     0
  0
ATTRIB
  5
CB20
330
CB0C
100
AcDbEntity
  8

100
AcDbText
 10
256.5952593178731
 20
-30.52372076446454
 30
0
 40
2.45
  1
KP
  7

 11
0
 21
0
 31
0
100
AcDbAttribute
  2
DESIGNER
 70
     0
280
     0
  0
ATTRIB
  5
CB21
102
{ACAD_XDICTIONARY
360
CB22
102
}
330
CB0C
100
AcDbEntity
  8

100
AcDbText
 10
241.7088818997436
 20
-24.62818973277922
 30
0
 40
2
  1
28-11-19
  7

 11
0
 21
0
 31
0
100
AcDbAttribute
  2
DDATE
 70
     0
280
     0
  0
SEQEND
  5
CB26
330
CB0C
100
AcDbEntity
  8
0-CAD-polyline
  0
LWPOLYLINE
  5
CB27
102
{ACAD_REACTORS
330
CB32
330
CB3A
330
CB36
330
CB3B
330
CB34
330
CB37
330
CB28
102
}
330
CB0A
100
AcDbEntity
 67
     1
  8
0-CAD-polyline
100
AcDbPolyline
 90
        7
 70
     1
 43
0
 10
-49.07516646174238
 20
233.606458849687
 10
-49.07516646174228
 20
-8.453534291108241
 10
241.004832514367
 20
-8.453531688239233
 10
241.004832514367
 20
1.346461136089796
 10
333.1248334947286
 20
1.346461136089796
 10
333.1248332368058
 20
233.6064588496872
 10
-49.07516646174234
 20
233.6064588496872
  0
ENDSEC
  0
EOF
